Strategy,Total Return %,Annualized Return %,Sharpe Ratio,Sortino Ratio,Calmar Ratio,Max Drawdown %,Win Rate %,Profit Factor,Num Trades,Avg Trade Duration
CRPU.SI,0.7017998163678203,0.7718255702844123,-0.8555397303287074,-1.0361109076961867,0.6005503983742426,-1.2851969999084687,55.55555555555556,1.291509933160114,18,47.77777777777778
J69U.SI,0.6427691482241606,0.706884159578447,-1.2113536947348427,-1.720313873802116,0.7663832345575685,-0.9223638092586013,57.14285714285714,1.3645452205479904,14,49.142857142857146
BUOU.SI,0.6928987392302224,0.7620329857070729,-0.7352889401865202,-0.8263451121013256,0.3024363974619593,-2.5196470798555985,50.0,1.1495709009424955,28,26.714285714285715
M44U.SI,0.2556356330898234,0.28108087784364244,-1.119676438689698,-0.9921198671837548,0.14329489317085609,-1.9615554443276548,45.45454545454545,1.0431940323274984,22,30.363636363636363
