Strategy,Total Return %,Annualized Return %,Sharpe Ratio,Sortino Ratio,Calmar Ratio,Max Drawdown %,Win Rate %,Profit Factor,Num Trades,Avg Trade Duration
CRPU.SI,0.9473089817561231,0.709156289430557,-0.9459703894078586,-1.1780159651629627,0.5517785937280673,-1.2852189220302557,55.55555555555556,1.4104296189425303,18,65.11111111111111
J69U.SI,0.6427691482241606,0.4813600731433443,-1.3834270488629832,-1.9425590482360755,0.5218765830917227,-0.9223638092586013,57.14285714285714,1.3645452205479904,14,71.57142857142857
BUOU.SI,1.276860242067378,0.9554672333931036,-0.6450028445347369,-0.7367684352427429,0.38200414115594256,-2.5011960092942047,52.63157894736842,1.2335468609755134,38,26.157894736842106
M44U.SI,-0.1724025377898579,-0.12924132416088918,-1.4015728404054588,-1.3146480771616216,0.06588721996209541,-1.9615537616436247,40.0,0.9275153569673288,30,29.8
