Strategy,Total Return %,Annualized Return %,Sharpe Ratio,Sortino Ratio,Calmar Ratio,Max Drawdown %,Win Rate %,Profit Factor,Num Trades,Avg Trade Duration
CRPU.SI,0.7130560234483528,0.5617054119828824,-1.052501260888114,-1.3013788711560252,0.4370503840180675,-1.2852188958599833,55.55555555555556,1.2969627126945662,18,62.44444444444444
J69U.SI,0.5076648324150301,0.3999963555251007,-1.4869587644715525,-2.1542106265113112,0.4336644082410594,-0.9223638092586013,57.14285714285714,1.2770293903348993,14,68.14285714285714
BUOU.SI,0.8020626974151673,0.6317606631359496,-0.841934005068964,-0.9601365718667911,0.25258049004505523,-2.501225106591789,50.0,1.132748969417522,36,26.27777777777778
M44U.SI,0.048613519820846704,0.038321861805945545,-1.2753875048473613,-1.2206034506202657,0.019618398837469325,-1.953363377074093,50.0,0.9753450885441934,28,34.92857142857143
