Strategy,Total Return %,Annualized Return %,Sharpe Ratio,Sortino Ratio,Calmar Ratio,Max Drawdown %,Win Rate %,Profit Factor,Num Trades,Avg Trade Duration
CRPU.SI,0.7017998163678203,0.7175827155911252,-0.9083405820989384,-1.1011942670803991,0.5583445305600863,-1.2851969999084687,55.55555555555556,1.291509933160114,18,50.666666666666664
J69U.SI,0.7778740331200424,0.795374525207504,-1.1296776320124122,-1.5818144905287306,0.8623224360807507,-0.9223632505985528,57.14285714285714,1.4520615824941938,14,52.857142857142854
BUOU.SI,0.8825796180911857,0.9024462898306718,-0.6628601566688355,-0.745800332469624,0.3588383568335064,-2.514910328411152,53.333333333333336,1.1991385076521792,30,26.533333333333335
M44U.SI,0.25563360424208437,0.26136956818549884,-1.1599550310205022,-1.0034964602886984,0.13324601391750043,-1.961556376067853,45.45454545454545,1.0431934198632136,22,30.363636363636363
