Strategy,Total Return %,Annualized Return %,Sharpe Ratio,Sortino Ratio,Calmar Ratio,Max Drawdown %,Win Rate %,Profit Factor,Num Trades,Avg Trade Duration
CRPU.SI,1.031875278155094,0.7788028171189065,-0.8944648462864457,-1.1102534560191417,0.6088094121562506,-1.2792226952612014,55.55555555555556,1.4513312287113282,18,64.88888888888889
J69U.SI,1.037045477457086,0.7827000924137018,-1.1268351516451094,-1.6298197409547077,0.869823690692021,-0.899837634671683,57.14285714285714,1.6942928530156025,14,70.42857142857143
BUOU.SI,1.1709662286728053,0.8836320457929148,-0.6893618969336465,-0.7874381500262597,0.3532837751300498,-2.50119622806803,52.63157894736842,1.210604467569009,38,25.94736842105263
M44U.SI,-0.2524071669990008,-0.190801348131997,-1.4416503547001784,-1.3526569586733372,0.09727036949788984,-1.961556732198249,40.0,0.9116174800213014,30,29.533333333333335
