Strategy,Total Return %,Annualized Return %,Sharpe Ratio,Sortino Ratio,Calmar Ratio,Max Drawdown %,Win Rate %,Profit Factor,Num Trades,Avg Trade Duration
CRPU.SI,0.6411219734201586,0.5303414210344082,-1.0696887404937743,-1.3180324678098572,0.4145809975065515,-1.2792226952612014,44.44444444444444,1.2501055780086712,18,60.22222222222222
J69U.SI,0.4626300604786593,0.3827500667521244,-1.5279666537491046,-2.1785483782194914,0.41496648384305107,-0.9223638092586013,57.14285714285714,1.2478574469305355,14,65.0
BUOU.SI,1.0192043603945238,0.8428212633216692,-0.7254711622860801,-0.8278589511293726,0.33696372098593913,-2.5012225673897945,52.94117647058824,1.2047493451279103,34,26.705882352941178
M44U.SI,0.1455115595135794,0.12041964544333705,-1.2219011253441452,-1.1607019973447876,0.06164730595815998,-1.9533642804288291,46.15384615384615,1.00142128039873,26,35.92307692307692
