Strategy,Total Return %,Annualized Return %,Sharpe Ratio,Sortino Ratio,Calmar Ratio,Max Drawdown %,Win Rate %,Profit Factor,Num Trades,Avg Trade Duration
CRPU.SI,1.1881762273982168,0.8261575208561522,-0.8708053460499409,-1.0985304526876911,0.6459226103614114,-1.2790348373064298,55.55555555555556,1.5270256780531026,18,69.44444444444444
J69U.SI,0.5527001721666238,0.38466947288595676,-1.4726036697107765,-2.1105773906552896,0.4170477007148015,-0.9223632505985528,57.14285714285714,1.3062018120597165,14,76.85714285714286
BUOU.SI,1.7503788777386033,1.2160389554086715,-0.4892386648098025,-0.5588237920793083,0.4876911897939855,-2.493460986905178,52.63157894736842,1.3384669014686192,38,27.31578947368421
M44U.SI,-0.5753157917647878,-0.401095447980937,-1.6358663771745434,-1.485471560534265,0.2044784289031693,-1.9615538427815074,37.5,0.8467698691611516,32,27.6875
