Strategy,Total Return %,Annualized Return %,Sharpe Ratio,Sortino Ratio,Calmar Ratio,Max Drawdown %,Win Rate %,Profit Factor,Num Trades,Avg Trade Duration
J69U.SI,0.5527001721666238,0.5437373680834634,-1.3665828951415757,-1.8944832872368074,0.5895045880574857,-0.9223632505985528,57.14285714285714,1.3062018120597165,14,55.0
M44U.SI,0.24560965229253268,0.24163273345252367,-1.188240092956301,-1.0160172574801356,0.12318431990095675,-1.961554308590593,41.66666666666667,1.0339674854297602,24,27.833333333333332
