Strategy,Total Return %,Annualized Return %,Sharpe Ratio,Sortino Ratio,Calmar Ratio,Max Drawdown %,Win Rate %,Profit Factor,Num Trades,Avg Trade Duration
CRPU.SI,0.5527076390242656,0.583146964947856,-0.9966039034073153,-1.2113276974912672,0.45374130579933464,-1.2851969999084687,44.44444444444444,1.2087008458290138,18,49.333333333333336
J69U.SI,0.6427691482241606,0.6781851453638854,-1.2314331069853708,-1.7297425935677497,0.7352685985251445,-0.9223638092586013,57.14285714285714,1.3645452205479904,14,51.142857142857146
BUOU.SI,0.677930005705075,0.7152902097411484,-0.7705641295188798,-0.8673970857254945,0.284159897771377,-2.5172102585588645,46.666666666666664,1.1378129665154468,30,25.733333333333334
M44U.SI,0.1544815962085522,0.16297159850402476,-1.2253187020004939,-1.0643035546535944,0.08067825861548704,-2.0200187919368484,45.45454545454545,1.0132061268188566,22,29.90909090909091
