Strategy,Total Return %,Annualized Return %,Sharpe Ratio,Sortino Ratio,Calmar Ratio,Max Drawdown %,Win Rate %,Profit Factor,Num Trades,Avg Trade Duration
CRPU.SI,0.7017987628041555,0.7056790338664465,-0.921520171206975,-1.1114157533623488,0.5490823849703405,-1.2851969999084287,55.55555555555556,1.291509425837687,18,51.44444444444444
J69U.SI,0.9517539226873123,0.9570227587966551,-0.9884000340231314,-1.3553139531665164,1.06355049169044,-0.8998376346717059,57.14285714285714,1.596347761277964,14,53.142857142857146
BUOU.SI,0.9337416293405476,0.9389102877971123,-0.6439773137875007,-0.7210223144695332,0.37352692498250856,-2.5136348279071967,53.333333333333336,1.2132129974398072,30,27.0
M44U.SI,0.24561240577540958,0.2469673118264737,-1.1756042443838122,-1.0129348862751453,0.1259039444057201,-1.9615534127400494,41.66666666666667,1.0339683109810098,24,27.833333333333332
