Strategy,Total Return %,Annualized Return %,Sharpe Ratio,Sortino Ratio,Calmar Ratio,Max Drawdown %,Win Rate %,Profit Factor,Num Trades,Avg Trade Duration
CRPU.SI,1.0253960995340095,0.7010646458284642,-0.964833416651432,-1.2284370474950352,0.545984149682099,-1.2840384583264208,55.55555555555556,1.4482532737702554,18,70.22222222222223
J69U.SI,0.41759528854228845,0.2857826468566138,-1.562198866898666,-2.245425880092768,0.30983722907160327,-0.9223638092586013,42.857142857142854,1.2144931560787353,14,78.14285714285714
BUOU.SI,1.4584557937915816,0.9964738183945832,-0.6358930726911364,-0.7134997653195939,0.4776988189011491,-2.0859876117901495,52.94117647058824,1.3004263185824825,34,30.058823529411764
M44U.SI,-0.5938785149471368,-0.40707142293671117,-1.6551402025895816,-1.4740595164439436,0.20752438658525565,-1.9615594563845495,37.5,0.843389101942197,32,27.5625
