Strategy,Total Return %,Annualized Return %,Sharpe Ratio,Sortino Ratio,Calmar Ratio,Max Drawdown %,Win Rate %,Profit Factor,Num Trades,Avg Trade Duration
CRPU.SI,0.6272537276960429,0.6542237783075278,-0.9490699796757429,-1.1555997241443723,0.5090455224795275,-1.2851969999084687,44.44444444444444,1.2517150278443057,18,50.0
J69U.SI,0.7714651578364646,0.8046606238908849,-1.1260810177536058,-1.5477540366109364,0.8942286840274856,-0.8998376346717059,57.14285714285714,1.4730203928687715,14,51.285714285714285
BUOU.SI,0.8825765648072593,0.9205748562374216,-0.6497177319110983,-0.7287951757984177,0.36604652332891735,-2.5149121698124244,53.333333333333336,1.199137572149802,30,26.133333333333333
M44U.SI,0.14960654688116848,0.15602325536596684,-1.2370329249401921,-1.0671122502695076,0.0772385180329131,-2.0200187592864194,45.45454545454545,1.0117622980605192,22,29.818181818181817
