Strategy,Total Return %,Annualized Return %,Sharpe Ratio,Sortino Ratio,Calmar Ratio,Max Drawdown %,Win Rate %,Profit Factor,Num Trades,Avg Trade Duration
CRPU.SI,1.1043652714158452,0.7479201655296475,-0.9313781125893634,-1.1806439940629925,0.5824748944860032,-1.2840384583264128,55.55555555555556,1.4868719063685851,18,70.22222222222223
J69U.SI,0.6813202587531668,0.4617291727017747,-1.4060012702156184,-1.9956127418295198,0.5131249848982313,-0.899837634671697,57.14285714285714,1.4113562126894201,14,78.14285714285714
BUOU.SI,0.3890755810003793,0.26379907403262237,-1.0936553078891296,-1.2397030565284692,0.09994083376353144,-2.6395524641788914,47.05882352941176,1.0466998755358563,34,30.058823529411764
M44U.SI,0.4372468766816382,0.2964370424524576,-1.1399344411729582,-1.0859327795484008,0.1659891546991084,-1.7858819932532009,50.0,1.0602366432702333,32,31.0625
