Strategy,Total Return %,Annualized Return %,Sharpe Ratio,Sortino Ratio,Calmar Ratio,Max Drawdown %,Win Rate %,Profit Factor,Num Trades,Avg Trade Duration
CRPU.SI,0.8692248599511732,0.6630591337630998,-0.977025677915141,-1.2155656826498646,0.5159118045518365,-1.2852179925192595,55.55555555555556,1.3726075800131723,18,64.0
J69U.SI,0.8229082359696622,0.6277622081216405,-1.2719642154193798,-1.8587463205795074,0.680601517340796,-0.9223638092586013,57.14285714285714,1.4812329941654445,14,70.14285714285714
BUOU.SI,1.4357000921689904,1.0944486796883313,-0.5589137808340402,-0.6354536613408145,0.43757013669519096,-2.5011960092942047,52.63157894736842,1.2679601839922592,38,25.63157894736842
M44U.SI,0.7014407719828887,0.5351761918538811,-0.9433839973146545,-0.9151720282836583,0.27397663966924846,-1.9533643178482638,53.333333333333336,1.13124291945125,30,33.266666666666666
