Strategy,Total Return %,Annualized Return %,Sharpe Ratio,Sortino Ratio,Calmar Ratio,Max Drawdown %,Win Rate %,Profit Factor,Num Trades,Avg Trade Duration
CRPU.SI,0.8508919937113751,0.7516283122042999,-0.9049062938431098,-1.1108455020053072,0.5848350970768144,-1.2851969999084687,55.55555555555556,1.3637265806457164,18,57.0
J69U.SI,0.5977343762877899,0.5280809505524786,-1.4034272700308426,-1.9667394347198124,0.5725299987398157,-0.9223638092586013,57.14285714285714,1.3353732771436264,14,61.0
BUOU.SI,0.9758756092911972,0.8619693243897775,-0.6995586324825481,-0.8066775347941464,0.34461920167676413,-2.5012225673897945,50.0,1.1991242469977526,32,27.8125
M44U.SI,0.07436539402962808,0.06571960327159676,-1.3093277921984485,-1.182161615948141,0.03350383364352273,-1.9615547274633234,41.66666666666667,0.984467747335838,24,31.583333333333332
