Strategy,Total Return %,Annualized Return %,Sharpe Ratio,Sortino Ratio,Calmar Ratio,Max Drawdown %,Win Rate %,Profit Factor,Num Trades,Avg Trade Duration
CRPU.SI,0.9473120408305477,0.7165412870063781,-0.9401781711443343,-1.1669401046688601,0.5575246821788418,-1.2852189506769267,55.55555555555556,1.410431279043954,18,64.55555555555556
J69U.SI,1.0030473237151818,0.7586481593000682,-1.1492161538872954,-1.681456206402567,0.8225042566553775,-0.9223638092586013,57.14285714285714,1.5979207677828973,14,70.85714285714286
BUOU.SI,1.2768577237755925,0.9654245096857528,-0.6396393920127531,-0.7304438774779491,0.38598475529925586,-2.501198548469238,52.63157894736842,1.2335461919063317,38,25.894736842105264
M44U.SI,-0.3530422077845651,-0.26745996157914176,-1.500483377531237,-1.3973854384293982,0.1324047547497413,-2.0200178013596926,40.0,0.8900084409319209,30,29.133333333333333
