Strategy,Total Return %,Annualized Return %,Sharpe Ratio,Sortino Ratio,Calmar Ratio,Max Drawdown %,Win Rate %,Profit Factor,Num Trades,Avg Trade Duration
CRPU.SI,1.1815652725633663,0.8046091445735204,-0.8880058553306065,-1.1266152788068535,0.6266238545832987,-1.2840384844726043,55.55555555555556,1.5238981297777177,18,70.22222222222223
J69U.SI,0.5461036858089029,0.3722529229597926,-1.4908107910140653,-2.111691094813589,0.4136889907873302,-0.899837634671697,57.14285714285714,1.3188607188870276,14,77.42857142857143
BUOU.SI,1.8606277172358021,1.2656780389003641,-0.4597202764592407,-0.5247044309321632,0.5303630831857304,-2.386436912799095,52.63157894736842,1.3707134317026883,38,27.57894736842105
M44U.SI,-0.4986567859685965,-0.3404752194107741,-1.5983909990806917,-1.4536716750824619,0.17357398187249276,-1.9615567709962818,43.75,0.861663690944966,32,28.0625
