Strategy,Total Return %,Annualized Return %,Sharpe Ratio,Sortino Ratio,Calmar Ratio,Max Drawdown %,Win Rate %,Profit Factor,Num Trades,Avg Trade Duration
CRPU.SI,0.8508918957108835,0.986618344524226,-0.6966124028077421,-0.8432884127115517,0.7676786550399006,-1.2851970522391896,55.55555555555556,1.3637266888746948,18,46.111111111111114
J69U.SI,0.6933062875923679,0.8037960884722306,-1.1284381646379407,-1.5515275362749714,0.8932679157896004,-0.899837634671697,50.0,1.4838397771688154,12,54.166666666666664
BUOU.SI,0.26778377509072016,0.3103550315163517,-1.0011591255156138,-1.1205185838626976,0.12845289604765658,-2.4160999172895927,50.0,1.033599595829802,28,25.714285714285715
M44U.SI,0.3140933647956444,0.3640401001340443,-1.0624232773406872,-0.9368633423925525,0.1802162420231169,-2.020018262767613,45.45454545454545,1.0603335863840908,22,29.454545454545453
