Strategy,Total Return %,Annualized Return %,Sharpe Ratio,Sortino Ratio,Calmar Ratio,Max Drawdown %,Win Rate %,Profit Factor,Num Trades,Avg Trade Duration
CRPU.SI,0.7763459050395977,0.6792074070670839,-0.9588020795602109,-1.1799942227861755,0.5284850549102253,-1.2851969999084687,55.55555555555556,1.3276182569029147,18,57.44444444444444
J69U.SI,0.7263929666237527,0.6355244072276944,-1.3112096781353408,-1.8065929377968424,0.7062656447566313,-0.8998376346717059,57.14285714285714,1.442188550766475,14,60.857142857142854
BUOU.SI,0.9758761545911148,0.8536663189264937,-0.7063296924983326,-0.8125632675911998,0.3412995262704437,-2.5012232752120895,50.0,1.1991243445974484,32,27.8125
M44U.SI,0.050297797057628484,0.044024269286180306,-1.338913182528669,-1.200166735972644,0.021793949978361,-2.0200224984406945,41.66666666666667,0.9772283083015086,24,31.5
