Strategy,Total Return %,Annualized Return %,Sharpe Ratio,Sortino Ratio,Calmar Ratio,Max Drawdown %,Win Rate %,Profit Factor,Num Trades,Avg Trade Duration
CRPU.SI,0.6272525771291839,0.6598973025850663,-0.9430485522466039,-1.145712010318869,0.5134600187849424,-1.2851970522391494,44.44444444444444,1.2517145873742301,18,49.666666666666664
J69U.SI,0.7263924497345761,0.7642163728643903,-1.1602155790973896,-1.600122673512567,0.8492825187770817,-0.899837634671697,57.14285714285714,1.442188043956884,14,50.857142857142854
BUOU.SI,0.7802539612041437,0.8208939139383142,-0.7073164154480595,-0.7960964827423238,0.32611243395581246,-2.5172113310145776,46.666666666666664,1.1695765245494165,30,25.933333333333334
M44U.SI,0.2556369609798275,0.26891548236884777,-1.144373903218065,-0.9991420607002373,0.13709305611265146,-1.961554363102649,45.45454545454545,1.0431944268250712,22,30.363636363636363
