Strategy,Total Return %,Annualized Return %,Sharpe Ratio,Sortino Ratio,Calmar Ratio,Max Drawdown %,Win Rate %,Profit Factor,Num Trades,Avg Trade Duration
J69U.SI,0.5977343762877899,0.5896331179204184,-1.3226310473511274,-1.8287100226147937,0.6392630673512301,-0.9223638092586013,57.14285714285714,1.3353732771436264,14,54.857142857142854
M44U.SI,0.255638031737908,0.252179111573958,-1.1796373340146735,-1.0088021593533008,0.1285608509416477,-1.961554467996009,45.45454545454545,1.0431947462596847,22,30.363636363636363
