Strategy,Total Return %,Annualized Return %,Sharpe Ratio,Sortino Ratio,Calmar Ratio,Max Drawdown %,Win Rate %,Profit Factor,Num Trades,Avg Trade Duration
AAPL,0.39323248630273155,0.26761190600890217,-1.3337702320222586,-0.9261249656977778,0.32797875579199276,-0.8159428050840714,50.0,1.143389905214771,16,11.5
MSFT,-0.6275442603974989,-0.4277678709703747,-1.2568750595515545,-1.030351266259096,0.174482669396868,-2.45163529678354,33.33333333333333,0.6920001526506668,12,32.166666666666664
GOOGL,0.7237799251289653,0.4923052873606837,-0.7597218256046773,-0.7983573002292913,0.29428925357313257,-1.6728619254129269,44.44444444444444,1.230661509771128,18,15.333333333333334
NVDA,2.381895505311186,1.6159006469694148,-0.16030282169277427,-0.1683810245488575,0.6884598901203076,-2.3471238777425913,53.84615384615385,1.680106692492342,26,13.461538461538462
AMZN,0.3018991865035423,0.2054854611554635,-0.8168269758647528,-0.8915432343917739,0.13223689175880443,-1.5539193217749094,38.46153846153847,1.039697585087533,26,11.0
META,-1.376029847161535,-0.9391045612533788,-1.1226108652139886,-0.896298351053088,0.3936770841836798,-2.3854692055563396,38.46153846153847,0.7272741611308325,26,10.0
