Strategy,Total Return %,Annualized Return %,Sharpe Ratio,Sortino Ratio,Calmar Ratio,Max Drawdown %,Win Rate %,Profit Factor,Num Trades,Avg Trade Duration
CRPU.SI,0.6272537276960429,0.5321844880604276,-1.0748507105017533,-1.3217522929642147,0.4140878698739023,-1.2851969999084687,44.44444444444444,1.2517150278443057,18,58.666666666666664
J69U.SI,0.591175876790312,0.5015883693231915,-1.441528048389055,-2.0184711134832773,0.5574209724026429,-0.899837634671697,57.14285714285714,1.3496925501544923,14,62.42857142857143
BUOU.SI,0.9758756092911972,0.827750823034501,-0.7299193214500356,-0.8309327607732687,0.3309384913707693,-2.5012225673897945,50.0,1.1991242469977526,32,27.8125
M44U.SI,-0.2531036724697151,-0.21488495444276223,-1.4922570887464897,-1.3417407416727969,0.10954833274297071,-1.9615538553830758,38.46153846153847,0.899492898644711,26,30.307692307692307
