Strategy,Total Return %,Annualized Return %,Sharpe Ratio,Sortino Ratio,Calmar Ratio,Max Drawdown %,Win Rate %,Profit Factor,Num Trades,Avg Trade Duration
CRPU.SI,0.7017997185122112,0.795890335634386,-0.8334177492607099,-1.011229806399127,0.6192749463965171,-1.2851970522391896,55.55555555555556,1.2915100105534996,18,46.888888888888886
J69U.SI,0.41759528854228845,0.47349294699963185,-1.434583402493044,-2.021594191495838,0.5133472738704122,-0.9223638092586013,42.857142857142854,1.2144931560787353,14,48.0
BUOU.SI,0.31440511245455127,0.35646563724223146,-0.9801753483923547,-1.0945175531455729,0.14135781691636115,-2.5217256818075064,50.0,1.0454488948635623,28,26.142857142857142
M44U.SI,0.15448084267512968,0.17512832604835715,-1.1911010619075941,-1.0572601870656964,0.08669638857143853,-2.020018698980177,45.45454545454545,1.013205900447844,22,29.90909090909091
