Strategy,Total Return %,Annualized Return %,Sharpe Ratio,Sortino Ratio,Calmar Ratio,Max Drawdown %,Win Rate %,Profit Factor,Num Trades,Avg Trade Duration
AAPL,0.24854284598477533,0.17142386795390152,-1.4257426844688716,-0.9632007757596663,0.21009299534939674,-0.8159428050840714,50.0,1.0749132826352559,16,10.625
MSFT,-0.6620336329385463,-0.45726081760725235,-1.2713790323443852,-1.0550262271933148,0.18651257722026054,-2.4516352967835187,33.33333333333333,0.6764417941465731,12,33.333333333333336
GOOGL,1.3372516935262684,0.9207768834421648,-0.575601610760515,-0.6740686039696877,0.5752515062780413,-1.6006509733450704,44.44444444444444,1.5771747560535927,18,14.555555555555555
NVDA,2.566577262745577,1.7639222302049173,-0.10000965791019815,-0.10150540000300576,0.7515249820991197,-2.3471238777425913,53.84615384615385,1.779809606203071,26,12.923076923076923
AMZN,0.81824855483801,0.5638624944785731,-0.6829032765618527,-0.7630332854279956,0.3628647167051897,-1.5539193217749094,46.15384615384615,1.1752086094618754,26,10.461538461538462
META,-1.376029847161535,-0.951471970157125,-1.1273346806892601,-0.9000698698868718,0.3988615606275339,-2.3854692055563396,38.46153846153847,0.7272741611308325,26,10.0
