Strategy,Total Return %,Annualized Return %,Sharpe Ratio,Sortino Ratio,Calmar Ratio,Max Drawdown %,Win Rate %,Profit Factor,Num Trades,Avg Trade Duration
CRPU.SI,0.6272537276960429,0.7157762632760578,-0.8871757941035178,-1.078509461457964,0.5569389465794233,-1.2851969999084687,44.44444444444444,1.2517150278443057,18,46.666666666666664
J69U.SI,0.6488504353225835,0.740432050439388,-1.1863850066560966,-1.646385244503486,0.8228507254084165,-0.899837634671683,50.0,1.4338929491873995,12,55.166666666666664
BUOU.SI,0.20626800857275157,0.23530854950482016,-1.0510106716035095,-1.1752025643669117,0.09331257525317209,-2.521723881978287,50.0,1.0157008684012925,28,26.0
M44U.SI,0.2556370754061936,0.2916384118801574,-1.100605165108793,-0.9860267810578506,0.14867727236953504,-1.9615534185702215,45.45454545454545,1.0431944499385801,22,30.363636363636363
