Strategy,Total Return %,Annualized Return %,Sharpe Ratio,Sortino Ratio,Calmar Ratio,Max Drawdown %,Win Rate %,Profit Factor,Num Trades,Avg Trade Duration
CRPU.SI,0.797421818016337,0.6240520435372598,-1.006749782049815,-1.2448792589868323,0.4878369074040123,-1.279222695261222,55.55555555555556,1.3377885722062104,18,63.0
J69U.SI,0.46263062778525643,0.36217957030153514,-1.5259272452018553,-2.2051262742482596,0.3926647880501576,-0.9223632505985528,57.14285714285714,1.2478579038859254,14,68.57142857142857
BUOU.SI,0.8581971619215619,0.6715700683306292,-0.8175542615640301,-0.9322010691898129,0.2684966492140466,-2.5012232752120895,50.0,1.144910784873037,36,26.444444444444443
M44U.SI,0.04861483585977112,0.03807613827448986,-1.2769410837136372,-1.2207534234677735,0.01949262235024042,-1.9533615123888257,50.0,0.9753453920839298,28,35.142857142857146
