Strategy,Total Return %,Annualized Return %,Sharpe Ratio,Sortino Ratio,Calmar Ratio,Max Drawdown %,Win Rate %,Profit Factor,Num Trades,Avg Trade Duration
J69U.SI,0.5526996043514192,0.5225520318311361,-1.3900605336247431,-1.9601087537435895,0.566535705960932,-0.9223638092586013,57.14285714285714,1.3062013337392624,14,57.142857142857146
M44U.SI,0.39524352121658013,0.3737005085428402,-1.1035492915693532,-0.9602345267259256,0.1905123496400269,-1.961555296803317,50.0,1.078598088212495,24,29.083333333333332
