Strategy,Total Return %,Annualized Return %,Sharpe Ratio,Sortino Ratio,Calmar Ratio,Max Drawdown %,Win Rate %,Profit Factor,Num Trades,Avg Trade Duration
CRPU.SI,0.7017998163678203,0.5885348990038786,-1.0333918726172475,-1.2809474233650506,0.4579336078794098,-1.2851969999084687,55.55555555555556,1.291509933160114,18,59.44444444444444
J69U.SI,0.4108871128646388,0.34465354872463827,-1.576101234200826,-2.2028485410421625,0.3830174860939041,-0.899837634671697,42.857142857142854,1.2091479245401575,14,63.42857142857143
BUOU.SI,0.8589253444017231,0.7202110474852974,-0.8009062913170212,-0.9129069507904055,0.2879436068086053,-2.5012225673897945,47.05882352941176,1.1603401854010773,34,26.352941176470587
M44U.SI,0.14551595442602774,0.12208530634680859,-1.2230116513169251,-1.155430539598552,0.06250010956190352,-1.9533614773249097,46.15384615384615,1.0014223894245864,26,35.46153846153846
