Strategy,Total Return %,Annualized Return %,Sharpe Ratio,Sortino Ratio,Calmar Ratio,Max Drawdown %,Win Rate %,Profit Factor,Num Trades,Avg Trade Duration
CRPU.SI,0.8692239211059678,0.6772742042464808,-0.9677478673117609,-1.196812340690409,0.5269718587527432,-1.2852189220302557,55.55555555555556,1.3726069591367671,18,63.0
J69U.SI,0.5977343762877899,0.4658758308451638,-1.42911602835587,-2.0655122850514753,0.5050890182038216,-0.9223638092586013,57.14285714285714,1.3353732771436264,14,68.85714285714286
BUOU.SI,1.1180197607923037,0.8708919321470665,-0.693878928988766,-0.7923303376584983,0.34818650027450565,-2.5012225673897945,47.368421052631575,1.197831113594735,38,25.157894736842106
M44U.SI,-0.26697417408549884,-0.20827827518227204,-1.4627719100192644,-1.337685349988743,0.10310709836128282,-2.020018781369193,42.857142857142854,0.9049589634526627,28,30.428571428571427
