Strategy,Total Return %,Annualized Return %,Sharpe Ratio,Sortino Ratio,Calmar Ratio,Max Drawdown %,Win Rate %,Profit Factor,Num Trades,Avg Trade Duration
CRPU.SI,1.2901151445098367,0.8360025090260237,-0.8869624183230466,-1.0903420955033916,0.5787872760991314,-1.4444037447755467,50.0,1.6189296304471046,20,64.0
J69U.SI,0.6362480677717395,0.41276212801457657,-1.426419127774518,-2.0743320019067264,0.4587073402027373,-0.899837634671697,57.14285714285714,1.380524381421956,14,81.42857142857143
BUOU.SI,0.8590633462048209,0.5570957794359455,-0.9496504399928121,-1.0089081715005332,0.3368485166469009,-1.653846616222203,50.0,1.1641573351449572,32,28.5625
M44U.SI,0.5789624318141432,0.3756359620279648,-1.0963315596548897,-1.0157050541054298,0.2107517939083344,-1.7823618725226416,53.333333333333336,1.104584926819461,30,33.0
