Strategy,Total Return %,Annualized Return %,Sharpe Ratio,Sortino Ratio,Calmar Ratio,Max Drawdown %,Win Rate %,Profit Factor,Num Trades,Avg Trade Duration
J69U.SI,0.6362480677717395,0.5953417781931813,-1.332860909225793,-1.8462528334230288,0.6616102230602857,-0.899837634671697,57.14285714285714,1.380524381421956,14,57.0
M44U.SI,0.36868962359965735,0.34501495144814154,-1.1325984367501243,-0.9863524519565403,0.17079774496228248,-2.020020530858482,50.0,1.0707242629555087,24,29.0
