Strategy,Total Return %,Annualized Return %,Sharpe Ratio,Sortino Ratio,Calmar Ratio,Max Drawdown %,Win Rate %,Profit Factor,Num Trades,Avg Trade Duration
J69U.SI,0.7663838481317362,0.7539428949734583,-1.1744120058368253,-1.5977398767214233,0.8378654836419949,-0.899837634671683,57.14285714285714,1.4979515382231068,14,54.42857142857143
M44U.SI,0.1444658956558851,0.14212786045701975,-1.2684388073758028,-1.0776902181411736,0.07035963016588358,-2.0200200046806898,41.66666666666667,1.0042525195056893,24,27.416666666666668
