Strategy,Total Return %,Annualized Return %,Sharpe Ratio,Sortino Ratio,Calmar Ratio,Max Drawdown %,Win Rate %,Profit Factor,Num Trades,Avg Trade Duration
CRPU.SI,1.4026030304844244,0.9252561111922963,-0.7902513065819852,-1.0040756605459367,0.6856103121241987,-1.3495364565413446,62.5,1.803201519404247,16,79.625
J69U.SI,0.4175958555945544,0.27593274107862165,-1.5468760680580271,-2.259575644322632,0.29915842906746287,-0.9223632505985528,42.857142857142854,1.2144935922904685,14,80.85714285714286
BUOU.SI,0.4119486324337413,0.27220384942532316,-1.1134052401356802,-1.214094431239041,0.12993341972136313,-2.0949487053373423,47.05882352941176,1.0517787673695822,34,28.11764705882353
M44U.SI,0.3357337252248726,0.22187178684471842,-1.1912576092248297,-1.1353573838940363,0.12423653280727227,-1.7858819932532035,50.0,1.0374940044207321,32,30.9375
