Strategy,Total Return %,Annualized Return %,Sharpe Ratio,Sortino Ratio,Calmar Ratio,Max Drawdown %,Win Rate %,Profit Factor,Num Trades,Avg Trade Duration
CRPU.SI,1.110024644703899,0.7978937892169968,-0.8846153168344374,-1.1170441062049106,0.6238249076133844,-1.2790348373064508,55.55555555555556,1.4891779220642665,18,67.33333333333333
J69U.SI,0.6362480677717395,0.45764139533628345,-1.413637947686697,-1.9906964744924938,0.5085821905006813,-0.899837634671697,57.14285714285714,1.380524381421956,14,73.42857142857143
BUOU.SI,1.7065389159572806,1.225658476562952,-0.47745790063262633,-0.5519666543888299,0.4913375402443432,-2.4945345636594944,52.63157894736842,1.3266386067795166,38,27.105263157894736
M44U.SI,-0.5653686559608833,-0.40734386150804713,-1.620259146534543,-1.4889622775452562,0.20766397055546293,-1.9615528895960008,40.0,0.8519998567765059,30,29.533333333333335
