Strategy,Total Return %,Annualized Return %,Sharpe Ratio,Sortino Ratio,Calmar Ratio,Max Drawdown %,Win Rate %,Profit Factor,Num Trades,Avg Trade Duration
BUOU.SI,1.7503806001662816,1.21370988213918,-0.4908013113970854,-0.5621161273361118,0.4867573997316692,-2.493459540231442,52.63157894736842,1.3384674807589723,38,27.526315789473685
M44U.SI,-0.43459757296879614,-0.30234926418702956,-1.551409141163684,-1.441390642305122,0.15413762681017898,-1.9615539076605464,40.0,0.8791092914421517,30,30.266666666666666
