Strategy,Total Return %,Annualized Return %,Sharpe Ratio,Sortino Ratio,Calmar Ratio,Max Drawdown %,Win Rate %,Profit Factor,Num Trades,Avg Trade Duration
CRPU.SI,0.9238467845913874,0.6166480346202485,-1.0306676721708607,-1.296734410057729,0.48024107402735716,-1.284038513092949,55.55555555555556,1.399461823354391,18,70.33333333333333
J69U.SI,0.49572221880640427,0.33111770194524937,-1.5061550589910675,-2.1631052052111355,0.3679749425751256,-0.899837634671683,42.857142857142854,1.2773753637231815,14,79.42857142857143
BUOU.SI,0.40829901073395375,0.27276275529444227,-1.104533954097479,-1.2195166185134665,0.12548535203901778,-2.173662111651333,47.05882352941176,1.0509652333344202,34,28.705882352941178
M44U.SI,-0.2512948708404656,-0.16806021092431456,-1.415075331125635,-1.444269524113485,0.08629436679226679,-1.9475223838061138,47.05882352941176,0.911951569452694,34,31.176470588235293
