Strategy,Total Return %,Annualized Return %,Sharpe Ratio,Sortino Ratio,Calmar Ratio,Max Drawdown %,Win Rate %,Profit Factor,Num Trades,Avg Trade Duration
CRPU.SI,0.8508919937113751,0.9993712841028568,-0.6903180403803908,-0.8263192866715956,0.7776016316362641,-1.2851969999084687,55.55555555555556,1.3637265806457164,18,45.44444444444444
J69U.SI,0.6097104542960552,0.715954720403289,-1.201735687959976,-1.675763408648174,0.7762172726386299,-0.9223638092586013,50.0,1.3939107728183924,12,54.0
BUOU.SI,0.1628358813413615,0.19113664048311385,-1.067927416684693,-1.1954628690296576,0.0791095761873677,-2.4160999172895927,42.857142857142854,1.003779682553615,28,25.285714285714285
M44U.SI,0.38909816956678694,0.45681271872393125,-0.9990518949250703,-0.8735552180357349,0.2261426117930553,-2.020020530858482,45.45454545454545,1.0855801963581884,22,28.90909090909091
