Strategy,Total Return %,Annualized Return %,Sharpe Ratio,Sortino Ratio,Calmar Ratio,Max Drawdown %,Win Rate %,Profit Factor,Num Trades,Avg Trade Duration
J69U.SI,0.9919352059028642,0.9865029885341103,-0.9599281846507576,-1.3203290806965742,1.096312212918332,-0.899837634671683,57.14285714285714,1.661569300550188,14,53.57142857142857
M44U.SI,0.15447989876016438,0.15363740008269566,-1.2542031941033853,-1.069712730541934,0.07605741729282307,-2.0200186326494314,45.45454545454545,1.013205621307767,22,29.90909090909091
