Strategy,Total Return %,Annualized Return %,Sharpe Ratio,Sortino Ratio,Calmar Ratio,Max Drawdown %,Win Rate %,Profit Factor,Num Trades,Avg Trade Duration
CRPU.SI,0.6272525771291839,0.5334273361254471,-1.0739418878080667,-1.3206347942987204,0.4150549016558023,-1.2851970522391494,44.44444444444444,1.2517145873742301,18,58.666666666666664
J69U.SI,0.5911763929855988,0.5027609460219518,-1.440399367518689,-2.016890995838783,0.5587240704878693,-0.8998376346717059,57.14285714285714,1.3496930244595813,14,62.42857142857143
BUOU.SI,0.9758756092911972,0.8296882944849759,-0.7287130150675756,-0.8295595029012524,0.3317131011458989,-2.5012225673897945,50.0,1.1991242469977526,32,27.8125
M44U.SI,-0.2531047834691526,-0.21538625756895025,-1.4925934329222328,-1.3420436069997135,0.10980378987049927,-1.9615557698233654,38.46153846153847,0.899492647348222,26,30.307692307692307
