Strategy,Total Return %,Annualized Return %,Sharpe Ratio,Sortino Ratio,Calmar Ratio,Max Drawdown %,Win Rate %,Profit Factor,Num Trades,Avg Trade Duration
CRPU.SI,0.7763459050395977,0.6808456627419801,-0.9564834125706878,-1.178530607497774,0.529759766627583,-1.2851969999084687,55.55555555555556,1.3276182569029147,18,57.111111111111114
J69U.SI,0.5977343762877899,0.5242627092438612,-1.4087332143649451,-1.97184166667513,0.5683903726288493,-0.9223638092586013,57.14285714285714,1.3353732771436264,14,61.142857142857146
BUOU.SI,0.9758756092911972,0.855726678750468,-0.7042285254578787,-0.8111025490778881,0.3421233639529649,-2.5012225673897945,50.0,1.1991242469977526,32,27.8125
M44U.SI,0.869027563437594,0.7620832660748977,-0.8192128792296495,-0.7781239318109944,0.39013960018549754,-1.9533604528034432,50.0,1.2290394434262584,24,36.666666666666664
