Strategy,Total Return %,Annualized Return %,Sharpe Ratio,Sortino Ratio,Calmar Ratio,Max Drawdown %,Win Rate %,Profit Factor,Num Trades,Avg Trade Duration
J69U.SI,0.7714646407160035,0.733153635157513,-1.1983497832078847,-1.648366638970494,0.8147621380883917,-0.899837634671697,57.14285714285714,1.4730198752243486,14,56.142857142857146
M44U.SI,0.3952484842637933,0.375655233109784,-1.1012561447511706,-0.9539951109948358,0.19150913897663993,-1.9615525145022243,50.0,1.0785996406081713,24,28.916666666666668
