Strategy,Total Return %,Annualized Return %,Sharpe Ratio,Sortino Ratio,Calmar Ratio,Max Drawdown %,Win Rate %,Profit Factor,Num Trades,Avg Trade Duration
CRPU.SI,1.1950520559691358,0.7829197920580011,-0.9135896874492775,-1.1477781498103217,0.6142306206548862,-1.2746349102935641,66.66666666666666,1.9531323255133428,12,107.0
J69U.SI,0.5076648324150301,0.3329792348109928,-1.4945336771391922,-2.1848101950275156,0.3610063962490489,-0.9223638092586013,57.14285714285714,1.2770293903348993,14,81.14285714285714
BUOU.SI,0.41195122056480615,0.27024460129960737,-1.1146679549503355,-1.2154713292483825,0.1289983527771817,-2.0949461406410337,47.05882352941176,1.0517793364354584,34,28.11764705882353
M44U.SI,1.0268649964349608,0.6729274722342193,-0.8738409261843262,-0.8392657151607639,0.3775481750413593,-1.7823618725226313,52.94117647058824,1.1908354051363994,34,30.294117647058822
