Strategy,Total Return %,Annualized Return %,Sharpe Ratio,Sortino Ratio,Calmar Ratio,Max Drawdown %,Win Rate %,Profit Factor,Num Trades,Avg Trade Duration
CRPU.SI,0.8508918957108835,1.002611054203184,-0.6880838597049554,-0.8236449003363319,0.7801224352766309,-1.2851970522391896,55.55555555555556,1.3637266888746948,18,45.44444444444444
J69U.SI,0.6097104542960552,0.7182725263681577,-1.199566457357423,-1.6727389191866346,0.7787301704145432,-0.9223638092586013,50.0,1.3939107728183924,12,54.0
BUOU.SI,0.1628358813413615,0.19175380106226658,-1.0675631960481826,-1.195055120675964,0.07936501288298461,-2.4160999172895927,42.857142857142854,1.003779682553615,28,25.285714285714285
M44U.SI,0.49049024369478506,0.577763651979879,-0.9112805571847025,-0.8021967717745074,0.29454364754409,-1.961555296803317,45.45454545454545,1.1177793084095493,22,29.363636363636363
