Strategy,Total Return %,Annualized Return %,Sharpe Ratio,Sortino Ratio,Calmar Ratio,Max Drawdown %,Win Rate %,Profit Factor,Num Trades,Avg Trade Duration
CRPU.SI,0.6272537276960429,0.6735303111500945,-0.9289475153886702,-1.129067867998208,0.52406775863783,-1.2851969999084687,44.44444444444444,1.2517150278443057,18,48.888888888888886
J69U.SI,0.5526996043514192,0.5934596414817195,-1.314044244135935,-1.8321844785006383,0.6434116728395318,-0.9223638092586013,57.14285714285714,1.3062013337392624,14,50.57142857142857
BUOU.SI,0.626763790940804,0.6730041078478077,-0.7924165505970123,-0.8930541824039857,0.2673607163344559,-2.517213886448115,46.666666666666664,1.1225682621347437,30,25.466666666666665
M44U.SI,0.25563370268584545,0.2744560699120546,-1.1331422142978138,-0.995943465322788,0.13991756914584857,-1.9615554471644985,45.45454545454545,1.043193438014986,22,30.363636363636363
