Strategy,Total Return %,Annualized Return %,Sharpe Ratio,Sortino Ratio,Calmar Ratio,Max Drawdown %,Win Rate %,Profit Factor,Num Trades,Avg Trade Duration
CRPU.SI,0.8692239211059678,0.6658536328004505,-0.9739400303278636,-1.213025495857055,0.51808576841415,-1.2852189220302557,55.55555555555556,1.3726069591367671,18,63.888888888888886
J69U.SI,0.8114941196859581,0.6216723355656928,-1.289667466787616,-1.8504421020801032,0.6908716768581453,-0.899837634671683,57.14285714285714,1.530675090688523,14,69.42857142857143
BUOU.SI,1.4356975699275791,1.0990704545697616,-0.5554662474556488,-0.6322105949866024,0.4394175165511771,-2.501198548469238,52.63157894736842,1.2679594958264486,38,25.57894736842105
M44U.SI,0.7014437717292822,0.5374331594629966,-0.9409217004698573,-0.9137614353817347,0.2751320742627223,-1.9533642557058042,53.333333333333336,1.131243704550375,30,33.2
