Strategy,Total Return %,Annualized Return %,Sharpe Ratio,Sortino Ratio,Calmar Ratio,Max Drawdown %,Win Rate %,Profit Factor,Num Trades,Avg Trade Duration
CRPU.SI,0.7763448506960049,0.8887903877954351,-0.7652523709896576,-0.9289616538542665,0.6915596502783324,-1.2851969999084287,55.55555555555556,1.3276177495804877,18,46.55555555555556
J69U.SI,0.6920269581222965,0.79221198220083,-1.136737423956552,-1.5730481681780253,0.8803943641342346,-0.899837634671683,50.0,1.4818048839103775,12,55.0
BUOU.SI,0.37273229437885674,0.4265950161288279,-0.9336517678226007,-1.0434320502159213,0.17656348277491224,-2.4160999172895927,50.0,1.063331254544014,28,26.0
M44U.SI,0.23908772183192922,0.27361144692812367,-1.123336665396985,-0.9942997111849443,0.1354498971061004,-2.0200195996738097,45.45454545454545,1.0362342211309175,22,29.818181818181817
