Strategy,Total Return %,Annualized Return %,Sharpe Ratio,Sortino Ratio,Calmar Ratio,Max Drawdown %,Win Rate %,Profit Factor,Num Trades,Avg Trade Duration
CRPU.SI,0.7763459050395977,0.9088227757692913,-0.7531089583890297,-0.9053526759598111,0.7071466676579679,-1.2851969999084687,55.55555555555556,1.3276182569029147,18,45.77777777777778
J69U.SI,0.7364468791656327,0.862086243086746,-1.073328353770977,-1.4680859113028353,0.9580464406795643,-0.8998376346717059,50.0,1.535208100592837,12,53.666666666666664
BUOU.SI,0.26778377509072016,0.31334388503667654,-0.9958455712696713,-1.1146971094593878,0.1296899531324802,-2.4160999172895927,50.0,1.033599595829802,28,25.5
M44U.SI,0.46410577806729636,0.5431580098295141,-0.9437271891342006,-0.8246770565945051,0.26888755654743746,-2.020019136637472,45.45454545454545,1.1120595155624506,22,29.181818181818183
