Strategy,Total Return %,Annualized Return %,Sharpe Ratio,Sortino Ratio,Calmar Ratio,Max Drawdown %,Win Rate %,Profit Factor,Num Trades,Avg Trade Duration
CRPU.SI,1.0073921670815797,0.6710871132259433,-0.9882219315176001,-1.2463701869239558,0.524269529852098,-1.2800421825301656,55.55555555555556,1.4263635193850037,18,70.22222222222223
J69U.SI,0.6761633050232922,0.4506815674060194,-1.3949414269963865,-2.0059311290603055,0.500847652999595,-0.899837634671683,57.14285714285714,1.4325044332922752,14,79.57142857142857
BUOU.SI,0.8396476333170357,0.5594970371313623,-0.9151940309659123,-1.0252255844057083,0.2585042502950675,-2.16436300947752,50.0,1.1595425634002814,32,31.625
M44U.SI,-0.042549439841641286,-0.028394232352135784,-1.347998928534784,-1.311870579861045,0.014597523010856957,-1.945140441362379,47.05882352941176,0.9552215553497351,34,30.0
