Strategy,Total Return %,Annualized Return %,Sharpe Ratio,Sortino Ratio,Calmar Ratio,Max Drawdown %,Win Rate %,Profit Factor,Num Trades,Avg Trade Duration
CRPU.SI,0.6272526749122881,0.6795453154956999,-0.9251778528668985,-1.118964747998245,0.5287479783598297,-1.2851969999084287,44.44444444444444,1.2517145278447988,18,48.55555555555556
J69U.SI,0.7212735765775141,0.7814349155336409,-1.1413737711656,-1.568826528752276,0.8684176849513048,-0.899837634671683,57.14285714285714,1.4652279857576913,14,49.57142857142857
BUOU.SI,0.7290914051586697,0.7899073815672786,-0.7225700554913297,-0.8109327196530288,0.3138025686738433,-2.5172113310145776,46.666666666666664,1.1534759395195322,30,25.266666666666666
M44U.SI,0.15447985613996934,0.16732571019280051,-1.2142817229560048,-1.0617818812672641,0.08283374422125783,-2.0200186743443056,45.45454545454545,1.013205608515367,22,29.90909090909091
