Strategy,Total Return %,Annualized Return %,Sharpe Ratio,Sortino Ratio,Calmar Ratio,Max Drawdown %,Win Rate %,Profit Factor,Num Trades,Avg Trade Duration
CRPU.SI,0.7017998163678203,0.7096035169519732,-0.9163621807874368,-1.1080458963465938,0.552135989270525,-1.2851969999084687,55.55555555555556,1.291509933160114,18,51.22222222222222
J69U.SI,0.8229088053107262,0.8320647384741697,-1.097536725355993,-1.5336359385885114,0.9021009216642301,-0.9223632505985528,57.14285714285714,1.4812335365810883,14,53.57142857142857
BUOU.SI,0.8825796180911857,0.8924024003662767,-0.6706604503701271,-0.7526252705409265,0.3548446202175609,-2.514910328411152,53.333333333333336,1.1991385076521792,30,26.866666666666667
M44U.SI,0.15448084267512968,0.15619387785590355,-1.2460431031161678,-1.0682300752631442,0.0773229861360983,-2.020018698980177,45.45454545454545,1.013205900447844,22,29.90909090909091
