Strategy,Total Return %,Annualized Return %,Sharpe Ratio,Sortino Ratio,Calmar Ratio,Max Drawdown %,Win Rate %,Profit Factor,Num Trades,Avg Trade Duration
CRPU.SI,0.6272525771291839,0.6449785242775619,-0.9593446106987584,-1.1635399526587267,0.5018518546660534,-1.2851970522391494,44.44444444444444,1.2517145873742301,18,50.55555555555556
J69U.SI,0.7714651578364646,0.7932825425700507,-1.139925356953886,-1.5680888738257415,0.8815840902892105,-0.8998376346717059,57.14285714285714,1.4730203928687715,14,52.0
BUOU.SI,0.7802539612041437,0.8023208853735531,-0.7232423880679377,-0.8138364298300563,0.319025733585359,-2.5149096167155522,46.666666666666664,1.1695765245494165,30,26.466666666666665
M44U.SI,0.255638031737908,0.2628485588429319,-1.157462887245427,-1.0026439989174567,0.1340001326149597,-1.961554467996009,45.45454545454545,1.0431947462596847,22,30.363636363636363
