Strategy,Total Return %,Annualized Return %,Sharpe Ratio,Sortino Ratio,Calmar Ratio,Max Drawdown %,Win Rate %,Profit Factor,Num Trades,Avg Trade Duration
CRPU.SI,0.8692259750536868,0.6589108795204579,-0.9821524713649389,-1.2193369880267362,0.5126837783376542,-1.2852188958600095,55.55555555555556,1.3726079529643012,18,64.44444444444444
J69U.SI,0.8679430079060512,0.6579393465834249,-1.2461219349697448,-1.8178702818831236,0.7133186926667021,-0.9223638092586013,57.14285714285714,1.5104049375698076,14,70.71428571428571
BUOU.SI,1.3298068587679153,1.0074957241028581,-0.6131653997931361,-0.6988511427342682,0.40280558595132115,-2.5011960092942047,52.63157894736842,1.245017968647762,38,25.842105263157894
M44U.SI,0.5404340660043454,0.4098340412831414,-1.0247819914072407,-1.0016236297896268,0.20980941107027087,-1.9533634797052877,46.666666666666664,1.0898160911643422,30,33.53333333333333
