Strategy,Total Return %,Annualized Return %,Sharpe Ratio,Sortino Ratio,Calmar Ratio,Max Drawdown %,Win Rate %,Profit Factor,Num Trades,Avg Trade Duration
CRPU.SI,1.0253951495515685,0.750520014225331,-0.917336097658124,-1.1570033893237506,0.5840485490972112,-1.2850301835103295,55.55555555555556,1.4482528101661913,18,66.33333333333333
J69U.SI,0.41759528854228845,0.3058984624358496,-1.5529125304352362,-2.1906581257879933,0.3316462109259596,-0.9223638092586013,42.857142857142854,1.2144931560787353,14,73.14285714285714
BUOU.SI,1.2697471496992694,0.929068433636826,-0.6607835710109973,-0.7656052097639834,0.3718374889897281,-2.4985873160909047,52.63157894736842,1.2320058257196698,38,26.94736842105263
M44U.SI,-0.4345969403245181,-0.31871508025527184,-1.5339999901843555,-1.4516361441763626,0.16248090834505155,-1.9615540281103954,40.0,0.8791093824359997,30,30.266666666666666
