Strategy,Total Return %,Annualized Return %,Sharpe Ratio,Sortino Ratio,Calmar Ratio,Max Drawdown %,Win Rate %,Profit Factor,Num Trades,Avg Trade Duration
J69U.SI,0.6362480677717395,0.5984197140998626,-1.3266784697547294,-1.8422072600582176,0.6650307689322132,-0.899837634671697,57.14285714285714,1.380524381421956,14,56.42857142857143
M44U.SI,0.29395116726494963,0.2765021596404349,-1.1813299996896358,-1.0217546291673243,0.13688104528016634,-2.0200178854164497,50.0,1.0485805152831533,24,28.666666666666668
