Strategy,Total Return %,Annualized Return %,Sharpe Ratio,Sortino Ratio,Calmar Ratio,Max Drawdown %,Win Rate %,Profit Factor,Num Trades,Avg Trade Duration
J69U.SI,0.6813202587531668,0.6630916160066169,-1.264885373505114,-1.7218113845621403,0.7369014036054892,-0.899837634671697,57.14285714285714,1.4113562126894201,14,54.857142857142854
M44U.SI,0.14446627975539741,0.14061113843879536,-1.2705833767448083,-1.084555538281664,0.06960886002356415,-2.020017830936972,41.66666666666667,1.0042526302908368,24,27.75
