Strategy,Total Return %,Annualized Return %,Sharpe Ratio,Sortino Ratio,Calmar Ratio,Max Drawdown %,Win Rate %,Profit Factor,Num Trades,Avg Trade Duration
J69U.SI,0.5977343762877899,0.577118170642632,-1.3384636556513767,-1.863283414911918,0.6256947257140556,-0.9223638092586013,57.14285714285714,1.3353732771436264,14,56.0
M44U.SI,0.3204301575660793,0.3093930429611591,-1.1432058510987193,-0.9875915269089668,0.15772857593731518,-1.9615535176334737,50.0,1.056435438142801,24,28.416666666666668
