Strategy,Total Return %,Annualized Return %,Sharpe Ratio,Sortino Ratio,Calmar Ratio,Max Drawdown %,Win Rate %,Profit Factor,Num Trades,Avg Trade Duration
CRPU.SI,0.7017997185122112,0.5926339511717726,-1.0285994899135587,-1.272285051148703,0.4611230240057202,-1.2851970522391896,55.55555555555556,1.2915100105534996,18,59.111111111111114
J69U.SI,0.6310530334690703,0.5329210975491661,-1.392646639956381,-1.937392636748347,0.5922413966866467,-0.899837634671683,57.14285714285714,1.3997808808268597,14,63.142857142857146
BUOU.SI,0.9657791816289683,0.8153851261017309,-0.7393077988947421,-0.8400559894969201,0.3259947691687912,-2.5012215017460804,47.05882352941176,1.1903262659861105,34,26.176470588235293
M44U.SI,0.226549596941677,0.19137983422925497,-1.1785555439746782,-1.108698521739161,0.09797466452750164,-1.9533604442762278,46.15384615384615,1.0223181159292076,26,35.23076923076923
