Strategy,Total Return %,Annualized Return %,Sharpe Ratio,Sortino Ratio,Calmar Ratio,Max Drawdown %,Win Rate %,Profit Factor,Num Trades,Avg Trade Duration
CRPU.SI,0.40071577106475165,0.32346225933679307,-1.2246785053889624,-1.5111566889595556,0.2516787298869844,-1.2852188958599833,44.44444444444444,1.1296533631585344,18,61.22222222222222
J69U.SI,0.4055016756979603,0.3273239917766624,-1.5777168796330865,-2.2261565561724423,0.3637589484641756,-0.899837634671683,42.857142857142854,1.204857035367352,14,66.0
BUOU.SI,0.3530107325926838,0.28496726630913294,-1.061954645310226,-1.1931528398563374,0.11393107543904119,-2.501225106591789,44.44444444444444,1.0343983985425103,36,25.666666666666668
M44U.SI,-0.20555923050553246,-0.16602649145612824,-1.404149139217125,-1.3419563010671975,0.0849951907227122,-1.9533633614373793,42.857142857142854,0.9177286734783471,28,34.142857142857146
