Strategy,Total Return %,Annualized Return %,Sharpe Ratio,Sortino Ratio,Calmar Ratio,Max Drawdown %,Win Rate %,Profit Factor,Num Trades,Avg Trade Duration
CRPU.SI,0.7017997185122112,0.5995942220234918,-1.0252188424176907,-1.2560952919898505,0.4665387467072252,-1.2851970522391896,55.55555555555556,1.2915100105534996,18,58.55555555555556
J69U.SI,0.4175958555945544,0.35685327977581505,-1.5730250675972486,-2.2327521290054744,0.38689017536663656,-0.9223632505985528,42.857142857142854,1.2144935922904685,14,63.0
BUOU.SI,0.9758761545911148,0.8335910402768043,-0.7254443471927041,-0.8267933598293685,0.3332733421034236,-2.5012232752120895,50.0,1.1991243445974484,32,27.8125
M44U.SI,-0.35374430368319737,-0.30245872371144067,-1.563996496994113,-1.3997921091155883,0.1497307219311919,-2.0200178013596584,38.46153846153847,0.8737395611629212,26,29.846153846153847
