Strategy,Total Return %,Annualized Return %,Sharpe Ratio,Sortino Ratio,Calmar Ratio,Max Drawdown %,Win Rate %,Profit Factor,Num Trades,Avg Trade Duration
CRPU.SI,0.6272525771291839,0.6449785242775619,-0.9593446106987584,-1.1635399526587267,0.5018518546660534,-1.2851970522391494,44.44444444444444,1.2517145873742301,18,50.55555555555556
J69U.SI,0.7328386920969205,0.7535596235131559,-1.1693346422170483,-1.6367227554778165,0.8169874142382811,-0.9223638092586013,57.14285714285714,1.4228891073567167,14,52.714285714285715
BUOU.SI,0.7802551189715451,0.8023220760147831,-0.723241811403106,-0.8138358108704137,0.31902634293926696,-2.5149085452404822,46.666666666666664,1.1695768884079656,30,26.466666666666665
M44U.SI,0.25076098438863487,0.2578337726693247,-1.1613300077267232,-1.0045039407195588,0.13144378014157332,-1.961551717332089,45.45454545454545,1.0417520089300474,22,30.272727272727273
