Strategy,Total Return %,Annualized Return %,Sharpe Ratio,Sortino Ratio,Calmar Ratio,Max Drawdown %,Win Rate %,Profit Factor,Num Trades,Avg Trade Duration
CRPU.SI,0.2879898346660229,0.18562298089985774,-1.4581445327598948,-1.7164539987114051,0.15281353902661063,-1.2147024542605074,42.857142857142854,1.125989328711951,14,88.71428571428571
J69U.SI,0.6362485841983107,0.4098394440345432,-1.4278896262364318,-2.082652231052425,0.45545932759754804,-0.8998376346717059,57.14285714285714,1.3805248665618794,14,82.14285714285714
BUOU.SI,1.2923446260370655,0.8315011152777885,-0.7638277623378023,-0.8240631428662083,0.5049274014061259,-1.6467736014369936,53.333333333333336,1.2986310317321326,30,31.666666666666668
M44U.SI,0.5705989310404767,0.36759388907030566,-1.0873617581649424,-1.0457187391495557,0.20583324679851187,-1.785881993253207,46.666666666666664,1.1035232198937956,30,34.4
