Strategy,Total Return %,Annualized Return %,Sharpe Ratio,Sortino Ratio,Calmar Ratio,Max Drawdown %,Win Rate %,Profit Factor,Num Trades,Avg Trade Duration
CRPU.SI,1.1034810588624715,0.7688383042295799,-0.9119275588564154,-1.1522581380384394,0.5983036795232508,-1.2850302121528268,55.55555555555556,1.4860761022654951,18,69.11111111111111
J69U.SI,0.46263062778525643,0.3226432391817857,-1.528845724560464,-2.1916203501525082,0.3498006224471883,-0.9223632505985528,57.14285714285714,1.2478579038859254,14,76.71428571428571
BUOU.SI,1.750380196113456,1.2183791002417177,-0.487288786846195,-0.557155591350411,0.4886295924098599,-2.493461548722059,52.63157894736842,1.3384671404977586,38,27.31578947368421
M44U.SI,-0.5653743693095749,-0.3949107323141021,-1.6300283081136056,-1.4812713108455933,0.20132526265041395,-1.9615557785206252,40.0,0.8519987363180608,30,29.533333333333335
