Strategy,Total Return %,Annualized Return %,Sharpe Ratio,Sortino Ratio,Calmar Ratio,Max Drawdown %,Win Rate %,Profit Factor,Num Trades,Avg Trade Duration
CRPU.SI,1.0920076889178016,0.724693877891025,-0.9472843409723315,-1.196006965805729,0.5688090313489808,-1.274054802140447,55.55555555555556,1.4660612664082227,18,70.44444444444444
J69U.SI,0.5076648324150301,0.3372320225250913,-1.4931345080451748,-2.170043047413776,0.36561714492696695,-0.9223638092586013,57.14285714285714,1.2770293903348993,14,80.14285714285714
BUOU.SI,0.8396467861586279,0.5574525643344597,-0.916493088038067,-1.0266807386123078,0.2575594069049997,-2.164364994597441,50.0,1.159542363525576,32,31.625
M44U.SI,0.4643107545448948,0.3084550697343813,-1.1059296840046509,-1.0983863793248188,0.1593811326130796,-1.935329889286205,50.0,1.055033913812256,36,28.77777777777778
