Strategy,Total Return %,Annualized Return %,Sharpe Ratio,Sortino Ratio,Calmar Ratio,Max Drawdown %,Win Rate %,Profit Factor,Num Trades,Avg Trade Duration
CRPU.SI,0.7763447527680182,0.7171709521201164,-0.9253170703039159,-1.1230393111630295,0.5580241184576459,-1.2851970522391494,55.55555555555556,1.327617842391493,18,54.77777777777778
J69U.SI,0.5461042017728869,0.5045234872550486,-1.4192427840132922,-1.9735410016804105,0.5606828030026967,-0.8998376346717059,57.14285714285714,1.3188611823572833,14,57.42857142857143
BUOU.SI,1.1318799751121333,1.0454666586012795,-0.5816992753414076,-0.6667770272883742,0.41798225884883927,-2.5012225673897945,50.0,1.2434456021986553,32,26.75
M44U.SI,0.3720869872815274,0.3437786984110902,-1.1302118491622883,-0.9918319620022067,0.17018581786078588,-2.020019662815297,50.0,1.0717308463912538,24,29.916666666666668
