Strategy,Total Return %,Annualized Return %,Sharpe Ratio,Sortino Ratio,Calmar Ratio,Max Drawdown %,Win Rate %,Profit Factor,Num Trades,Avg Trade Duration
CRPU.SI,0.7911379296084671,0.6178086807698158,-1.0110034151472096,-1.2506171977295393,0.4807030694769616,-1.2852189220302557,55.55555555555556,1.334783848449332,18,62.888888888888886
J69U.SI,0.5911763929855988,0.4617567611537199,-1.4415898480810851,-2.0541376307100134,0.5131556442648522,-0.8998376346717059,57.14285714285714,1.3496930244595813,14,68.0
BUOU.SI,1.026588345256805,0.8014698094601203,-0.7363325776799297,-0.8410463267788303,0.3204308989814261,-2.501225106591789,50.0,1.18139337158876,36,26.5
M44U.SI,-0.16138710890641958,-0.12615992211842952,-1.3946482482736433,-1.2844688232104817,0.06431625585467698,-1.9615557597676196,42.857142857142854,0.9290152808855513,28,30.785714285714285
