Strategy,Total Return %,Annualized Return %,Sharpe Ratio,Sortino Ratio,Calmar Ratio,Max Drawdown %,Win Rate %,Profit Factor,Num Trades,Avg Trade Duration
CRPU.SI,0.701798664948601,0.7175815381852635,-0.9083425631541026,-1.1011966548744545,0.5583435916967354,-1.2851970522391494,55.55555555555556,1.2915095032308956,18,50.666666666666664
J69U.SI,0.7778734640332914,0.7953739432670748,-1.1296775661890024,-1.581815637626771,0.8623212828638611,-0.9223638092586013,57.14285714285714,1.4520610507610798,14,52.857142857142854
BUOU.SI,0.8825765648072593,0.9024431675110689,-0.662862152566852,-0.7458024447659363,0.3588368525722224,-2.5149121698124244,53.333333333333336,1.199137572149802,30,26.533333333333335
M44U.SI,0.15448074606767476,0.15794523189576193,-1.2416390463634883,-1.0672158553853486,0.07818995019714993,-2.0200195996738097,45.45454545454545,1.0132058716757022,22,29.90909090909091
