Strategy,Total Return %,Annualized Return %,Sharpe Ratio,Sortino Ratio,Calmar Ratio,Max Drawdown %,Win Rate %,Profit Factor,Num Trades,Avg Trade Duration
CRPU.SI,0.953723697173682,0.7259198812156864,-0.9299863432596116,-1.1583319771231273,0.5674695140297294,-1.279222695261222,55.55555555555556,1.4134834727224914,18,64.22222222222223
J69U.SI,0.9066812136602675,0.6901522171443686,-1.2203567176094698,-1.759985403691292,0.7669741635069182,-0.899837634671697,57.14285714285714,1.5655153690267412,14,69.42857142857143
BUOU.SI,1.4356975699275791,1.0921494708451718,-0.5603330621690225,-0.6370672669212829,0.43665044964686217,-2.501198548469238,52.63157894736842,1.2679594958264486,38,25.63157894736842
M44U.SI,0.06758566584350774,0.051496418762497775,-1.2805434559143716,-1.1826289770880694,0.02625283088245606,-1.9615567933632334,46.666666666666664,0.9789552282577784,30,29.133333333333333
