Strategy,Total Return %,Annualized Return %,Sharpe Ratio,Sortino Ratio,Calmar Ratio,Max Drawdown %,Win Rate %,Profit Factor,Num Trades,Avg Trade Duration
CRPU.SI,0.9598824698102908,0.6201531154025774,-1.0852878695003132,-1.2937550708247096,0.5135851318817083,-1.207498186581878,50.0,1.549946293962571,16,79.25
J69U.SI,0.7663838481317362,0.4953070900888257,-1.346674882358072,-1.9651522625320677,0.5504405139373223,-0.899837634671683,57.14285714285714,1.4979515382231068,14,82.0
BUOU.SI,0.859062702514966,0.5551143741132192,-0.9490663766038442,-1.0102933822343116,0.3356503296399071,-1.6538472484408338,50.0,1.1641571607876378,32,28.5625
M44U.SI,0.14658741999472114,0.09484145533562582,-1.2891944467184187,-1.210222650843863,0.05310622745171474,-1.7858819932531942,50.0,0.9989763608244219,28,36.142857142857146
