Strategy,Total Return %,Annualized Return %,Sharpe Ratio,Sortino Ratio,Calmar Ratio,Max Drawdown %,Win Rate %,Profit Factor,Num Trades,Avg Trade Duration
CRPU.SI,0.7017998163678203,0.7076363669141328,-0.9189435926076738,-1.1097350613091166,0.550605367865417,-1.2851969999084687,55.55555555555556,1.291509933160114,18,51.333333333333336
J69U.SI,0.8229082359696622,0.8297561332340608,-1.101124035035896,-1.5366674428711478,0.8995974526591858,-0.9223638092586013,57.14285714285714,1.4812329941654445,14,53.714285714285715
BUOU.SI,0.9337414808694483,0.9415159847581345,-0.6415703940166768,-0.7192520664220051,0.374563517322763,-2.5136350477690175,53.333333333333336,1.21321294483251,30,26.933333333333334
M44U.SI,0.2556389823121208,0.257760265477458,-1.1668829209178555,-1.005580526531605,0.1314062507488743,-1.961552544178848,45.45454545454545,1.0431950255461038,22,30.363636363636363
