Strategy,Total Return %,Annualized Return %,Sharpe Ratio,Sortino Ratio,Calmar Ratio,Max Drawdown %,Win Rate %,Profit Factor,Num Trades,Avg Trade Duration
CRPU.SI,0.7017998163678203,0.6307054061286621,-0.9923587489122413,-1.2184470021167992,0.49074609275743775,-1.2851969999084687,55.55555555555556,1.291509933160114,18,56.22222222222222
J69U.SI,0.5527001721666238,0.49674723598136517,-1.4289323163215357,-2.0086067375349566,0.5385592234502069,-0.9223632505985528,57.14285714285714,1.3062018120597165,14,60.0
BUOU.SI,1.131881136919019,1.0169987085382193,-0.6030249903942994,-0.6919622795958731,0.40660081797164366,-2.5012215017460804,50.0,1.243445959336946,32,27.5625
M44U.SI,0.9450054069532597,0.8491698445561191,-0.7608248932851545,-0.7203803907542897,0.43472170255539233,-1.953364277800043,50.0,1.258643039098017,24,36.0
