Strategy,Total Return %,Annualized Return %,Sharpe Ratio,Sortino Ratio,Calmar Ratio,Max Drawdown %,Win Rate %,Profit Factor,Num Trades,Avg Trade Duration
CRPU.SI,1.0253949827050384,0.7723127650567152,-0.8995467714515624,-1.1162307695823106,0.600919664642138,-1.2852179925192595,55.55555555555556,1.4482529340262267,18,64.66666666666667
J69U.SI,0.9968255956231041,0.7508208955662177,-1.1613402778877655,-1.6843836190652035,0.8343959694908208,-0.899837634671697,57.14285714285714,1.627179031561669,14,70.28571428571429
BUOU.SI,1.1709675397487445,0.8817993197925089,-0.6904935673182883,-0.7887307756649943,0.3525512163804132,-2.5011949436618064,52.63157894736842,1.210604807450904,38,25.94736842105263
M44U.SI,0.3794322343295971,0.2860088162146779,-1.1053121183221464,-1.0883344943808706,0.146419021736662,-1.9533583329703663,46.666666666666664,1.049923364748254,30,33.666666666666664
