Strategy,Total Return %,Annualized Return %,Sharpe Ratio,Sortino Ratio,Calmar Ratio,Max Drawdown %,Win Rate %,Profit Factor,Num Trades,Avg Trade Duration
CRPU.SI,0.7130538063499443,0.5641474200230645,-1.044691395584096,-1.2991696507948483,0.4389507642335707,-1.2852179925192595,55.55555555555556,1.2969617751182434,18,62.22222222222222
J69U.SI,0.6813207754110407,0.5390588935318741,-1.364553778249963,-1.9567495663247956,0.5990624005502312,-0.8998376346717059,57.14285714285714,1.4113567086641767,14,67.14285714285714
BUOU.SI,0.7459312854547534,0.5901390251645822,-0.8693151454922491,-0.9865214706286997,0.2359399894113151,-2.501225106591789,50.0,1.1205878688747126,36,26.166666666666668
M44U.SI,-0.5855489791243963,-0.46389585735004957,-1.6332758843102615,-1.4885050028758002,0.23649407332563638,-1.9615538386507314,42.857142857142854,0.8325627196538069,28,30.357142857142858
