Strategy,Total Return %,Annualized Return %,Sharpe Ratio,Sortino Ratio,Calmar Ratio,Max Drawdown %,Win Rate %,Profit Factor,Num Trades,Avg Trade Duration
CRPU.SI,0.9473099213281057,0.7165396856581241,-0.9401783842728914,-1.1669404500018032,0.5575238518514488,-1.2852179925192595,55.55555555555556,1.410430257019699,18,64.55555555555556
J69U.SI,1.0030473237151818,0.7586481593000682,-1.1492161537944467,-1.6814565085598008,0.8225042566553775,-0.9223638092586013,57.14285714285714,1.5979207677828973,14,70.85714285714286
BUOU.SI,1.3298074059792089,1.0053954245565988,-0.6151173607672576,-0.700330298638462,0.40196575410457464,-2.501196717108983,52.63157894736842,1.2450180484640154,38,25.894736842105264
M44U.SI,-0.1724056857451069,-0.1305835109058462,-1.4015668490474316,-1.3099231519718206,0.06657140207816648,-1.9615556654870854,40.0,0.9275146978799161,30,29.466666666666665
