Strategy,Total Return %,Annualized Return %,Sharpe Ratio,Sortino Ratio,Calmar Ratio,Max Drawdown %,Win Rate %,Profit Factor,Num Trades,Avg Trade Duration
CRPU.SI,0.5527064893097667,0.5899862504215481,-0.9891609475935691,-1.2054820057619655,0.45906287241605304,-1.2851970522391494,44.44444444444444,1.2087004030159842,18,49.111111111111114
J69U.SI,0.6310530334690703,0.673634905510867,-1.2442572803887333,-1.715636675267456,0.748618283515838,-0.899837634671683,57.14285714285714,1.3997808808268597,14,50.285714285714285
BUOU.SI,0.6267662930677215,0.6690579461898105,-0.7964043494014172,-0.898611399845749,0.2657933157801822,-2.5172113310145776,46.666666666666664,1.122568996367789,30,25.6
M44U.SI,0.15448172792817788,0.1648794101883011,-1.2207953988074658,-1.0631983255958772,0.08162274989019422,-2.020017830936972,45.45454545454545,1.0132061626177922,22,29.90909090909091
