Strategy,Total Return %,Annualized Return %,Sharpe Ratio,Sortino Ratio,Calmar Ratio,Max Drawdown %,Win Rate %,Profit Factor,Num Trades,Avg Trade Duration
CRPU.SI,0.9473099213281057,0.6865220620624335,-0.966463389802052,-1.2206236712146012,0.5342462514786064,-1.2850292541358614,55.55555555555556,1.410430257019699,18,66.88888888888889
J69U.SI,0.6310530334690703,0.4575258424149631,-1.4093116879624032,-1.9894299295912459,0.5084537751990081,-0.899837634671683,57.14285714285714,1.3997808808268597,14,73.28571428571429
BUOU.SI,1.4881414855442927,1.0776734976327473,-0.5696144675261688,-0.6593678443698494,0.43131292296611246,-2.498588473124461,52.63157894736842,1.2793218171626117,38,27.210526315789473
M44U.SI,-0.5653709128269657,-0.4105781577285139,-1.6190952252248751,-1.4909621422761261,0.20931290508397565,-1.9615520484214353,40.0,0.8519993937222816,30,29.533333333333335
