Strategy,Total Return %,Annualized Return %,Sharpe Ratio,Sortino Ratio,Calmar Ratio,Max Drawdown %,Win Rate %,Profit Factor,Num Trades,Avg Trade Duration
CRPU.SI,0.6349678083081562,0.49807616479107253,-1.1000042926160905,-1.358952087065873,0.38754188586350985,-1.2852189220302557,44.44444444444444,1.2565518987445177,18,62.44444444444444
J69U.SI,0.6310530334690703,0.4950074441629315,-1.4050392392897084,-2.008042828363472,0.550107513944492,-0.899837634671683,57.14285714285714,1.3997808808268597,14,67.57142857142857
BUOU.SI,0.8581964688971494,0.6730186111887138,-0.8157710897225585,-0.9311846276351871,0.26907583559174497,-2.5012227861659437,50.0,1.1449106514431717,36,26.27777777777778
M44U.SI,-0.5855522112529616,-0.45991708621581084,-1.634217459918104,-1.4861001291301374,0.23446546457382567,-1.9615557756097495,42.857142857142854,0.8325620512672731,28,30.5
