Strategy,Total Return %,Annualized Return %,Sharpe Ratio,Sortino Ratio,Calmar Ratio,Max Drawdown %,Win Rate %,Profit Factor,Num Trades,Avg Trade Duration
J69U.SI,0.8114941196859581,0.7711876498383008,-1.1588848539309755,-1.6027258290035509,0.857029779733183,-0.899837634671683,57.14285714285714,1.530675090688523,14,56.285714285714285
M44U.SI,0.21433109774621698,0.2037153792266322,-1.2297211800789494,-1.0637156353062813,0.10084826439332065,-2.0200186929555586,50.0,1.0249918660867743,24,28.416666666666668
