Strategy,Total Return %,Annualized Return %,Sharpe Ratio,Sortino Ratio,Calmar Ratio,Max Drawdown %,Win Rate %,Profit Factor,Num Trades,Avg Trade Duration
CRPU.SI,1.0318741709387906,0.7273990201767777,-0.9398426549533866,-1.190952711400267,0.5687093103019963,-1.2790348373064508,55.55555555555556,1.4513306973933795,18,68.66666666666667
J69U.SI,0.46263062778525643,0.3263937523061422,-1.5241838315502414,-2.196246266850892,0.3538668220945861,-0.9223632505985528,57.14285714285714,1.2478579038859254,14,75.85714285714286
BUOU.SI,1.7503803541424712,1.2326057975263316,-0.4760095629738056,-0.5470142858965175,0.49433534141945745,-2.4934608033222347,52.63157894736842,1.3384672807336409,38,27.31578947368421
M44U.SI,-0.5702113153365462,-0.40290525581202496,-1.6278207366568567,-1.4859283217037789,0.2054009674674836,-1.9615548104748224,40.0,0.8509920129018844,30,29.466666666666665
