Strategy,Total Return %,Annualized Return %,Sharpe Ratio,Sortino Ratio,Calmar Ratio,Max Drawdown %,Win Rate %,Profit Factor,Num Trades,Avg Trade Duration
J69U.SI,0.5527001721666238,0.5408140167616704,-1.371057680490647,-1.8982863376622445,0.5863351737081002,-0.9223632505985528,57.14285714285714,1.3062018120597165,14,55.142857142857146
M44U.SI,0.21920747133199256,0.2145009318658575,-1.219573140067666,-1.035709060464663,0.1061875971614273,-2.020018698980177,50.0,1.026435147035644,24,27.5
