Strategy,Total Return %,Annualized Return %,Sharpe Ratio,Sortino Ratio,Calmar Ratio,Max Drawdown %,Win Rate %,Profit Factor,Num Trades,Avg Trade Duration
CRPU.SI,0.6272526749122881,0.6486447208058577,-0.9542539322719027,-1.160390339787458,0.5047045089990672,-1.2851969999084287,44.44444444444444,1.2517145278447988,18,50.111111111111114
J69U.SI,0.8165373490491765,0.8444118639782783,-1.0894795489166262,-1.4962831794341063,0.938404698183524,-0.8998376346717059,57.14285714285714,1.5038522349710697,14,51.42857142857143
BUOU.SI,0.8314140100339682,0.8597985387764462,-0.6869685519915282,-0.7723068932188162,0.34188014559592933,-2.5149121698124244,53.333333333333336,1.1850629820798828,30,26.2
M44U.SI,0.1544817911606515,0.1597374889259484,-1.235588604919074,-1.06617714126938,0.07907723280313894,-2.020018698980166,45.45454545454545,1.0132061813442508,22,29.90909090909091
