Strategy,Total Return %,Annualized Return %,Sharpe Ratio,Sortino Ratio,Calmar Ratio,Max Drawdown %,Win Rate %,Profit Factor,Num Trades,Avg Trade Duration
CRPU.SI,1.0318741709387906,0.7936478885918419,-0.8815557150307424,-1.0955739528906399,0.6204141714588451,-1.279222695261222,55.55555555555556,1.4513306973933795,18,63.888888888888886
J69U.SI,0.8165368316974126,0.6281794651053163,-1.2859991522458951,-1.8367644510567156,0.6981031253871768,-0.899837634671697,57.14285714285714,1.5038517064918118,14,69.0
BUOU.SI,1.4886478747749607,1.1443714726337095,-0.5259794394869364,-0.6004214052957271,0.4577687179655733,-2.4998900705132336,52.63157894736842,1.2794316063669735,38,25.473684210526315
M44U.SI,0.14758706916851225,0.11362899679316918,-1.2366476440312375,-1.1399264876518689,0.05792802349347561,-1.961554873453729,46.666666666666664,0.9971471891715533,30,28.933333333333334
