Strategy,Total Return %,Annualized Return %,Sharpe Ratio,Sortino Ratio,Calmar Ratio,Max Drawdown %,Win Rate %,Profit Factor,Num Trades,Avg Trade Duration
CRPU.SI,0.7017998163678203,0.6307054061286621,-0.9923587489122413,-1.2184470021167992,0.49074609275743775,-1.2851969999084687,55.55555555555556,1.291509933160114,18,56.22222222222222
J69U.SI,0.6761633050232922,0.6076737788498932,-1.3289345489241062,-1.8416640413677268,0.6753149184203776,-0.899837634671683,57.14285714285714,1.4325044332922752,14,59.42857142857143
BUOU.SI,1.0343467731618876,0.9294092145589516,-0.6560293047374426,-0.7564879754146092,0.37158197222283057,-2.5012225673897945,50.0,1.213542746426746,32,27.5625
M44U.SI,0.9450110563535236,0.8491749186286146,-0.7608221032369935,-0.7203782817641257,0.4347249283553194,-1.9533614551189193,50.0,1.2586453624402647,24,36.0
