Strategy,Total Return %,Annualized Return %,Sharpe Ratio,Sortino Ratio,Calmar Ratio,Max Drawdown %,Win Rate %,Profit Factor,Num Trades,Avg Trade Duration
CRPU.SI,0.7017987628041555,0.8034040901608197,-0.8262860447205475,-1.0003438623916623,0.6251213551059198,-1.2851969999084287,55.55555555555556,1.291509425837687,18,46.55555555555556
J69U.SI,0.6070266546039784,0.6948637407513392,-1.2316832278989687,-1.7017503481580505,0.7722101343370142,-0.8998376346717059,50.0,1.3907705993570332,12,54.833333333333336
BUOU.SI,0.3202577219653904,0.36652362235900515,-0.9689567970700267,-1.086978110979287,0.1517005235322285,-2.4160999172895927,50.0,1.0484653365801035,28,26.0
M44U.SI,0.34032812955232655,0.38949911754109223,-1.0372119866219895,-0.9240881242001494,0.1985665557421595,-1.9615544827541873,45.45454545454545,1.0669248719815314,22,30.272727272727273
