Strategy,Total Return %,Annualized Return %,Sharpe Ratio,Sortino Ratio,Calmar Ratio,Max Drawdown %,Win Rate %,Profit Factor,Num Trades,Avg Trade Duration
CRPU.SI,0.5527075413135389,0.5899873735903727,-0.989160137567192,-1.2054810401627059,0.4590637463433657,-1.2851970522391896,44.44444444444444,1.2087008858335684,18,49.111111111111114
J69U.SI,0.4626300604786593,0.49381930612479863,-1.4074705005024555,-1.971005483220498,0.5353845209101732,-0.9223638092586013,57.14285714285714,1.2478574469305355,14,50.857142857142854
BUOU.SI,0.6267662930677215,0.6690579461898105,-0.7964044549635576,-0.898611499251226,0.2657933157801822,-2.5172113310145776,46.666666666666664,1.122568996367789,30,25.6
M44U.SI,0.25564081953252754,0.2728564727983773,-1.137229276105865,-0.9968672087678392,0.1391023037069259,-1.9615525086720174,45.45454545454545,1.043195592755853,22,30.363636363636363
