Strategy,Total Return %,Annualized Return %,Sharpe Ratio,Sortino Ratio,Calmar Ratio,Max Drawdown %,Win Rate %,Profit Factor,Num Trades,Avg Trade Duration
CRPU.SI,1.025395996701791,0.7371487986397973,-0.9303870995238539,-1.173577050535523,0.5736431654823453,-1.2850302121528268,55.55555555555556,1.4482534249456802,18,67.11111111111111
J69U.SI,0.6362485841983107,0.45764176646283516,-1.413637116868936,-1.9906956199888555,0.5085826029379177,-0.8998376346717059,57.14285714285714,1.3805248665618794,14,73.42857142857143
BUOU.SI,1.7065322861869026,1.2256537262181677,-0.47746096188108933,-0.5519701122627764,0.49133463750912004,-2.4945396327679368,52.63157894736842,1.3266368324876034,38,27.105263157894736
M44U.SI,-0.5790986079412687,-0.4172442438960089,-1.6342000420549048,-1.4739607428776476,0.21271088534799376,-1.9615556731541959,40.0,0.8495862033101887,30,29.0
