Strategy,Total Return %,Annualized Return %,Sharpe Ratio,Sortino Ratio,Calmar Ratio,Max Drawdown %,Win Rate %,Profit Factor,Num Trades,Avg Trade Duration
CRPU.SI,0.701798664948601,0.6038485111703462,-1.0185505106923505,-1.252279409038346,0.46984896994455766,-1.2851970522391494,55.55555555555556,1.2915095032308956,18,58.22222222222222
J69U.SI,0.5977343762877899,0.5143455650471696,-1.422052692240288,-1.9989680181823994,0.5576384934927163,-0.9223638092586013,57.14285714285714,1.3353732771436264,14,62.57142857142857
BUOU.SI,0.9758761545911148,0.8395137788114182,-0.719251529193966,-0.8225951059908637,0.33564127886193296,-2.5012232752120895,50.0,1.1991243445974484,32,27.8125
M44U.SI,-0.10351772489779251,-0.08911955653477799,-1.431414198983589,-1.2935035524189449,0.044118117510290975,-2.0200217408186103,41.66666666666667,0.9360829731212991,24,32.083333333333336
