Strategy,Total Return %,Annualized Return %,Sharpe Ratio,Sortino Ratio,Calmar Ratio,Max Drawdown %,Win Rate %,Profit Factor,Num Trades,Avg Trade Duration
CRPU.SI,0.7017998163678203,0.5912613256897403,-1.0307838970297043,-1.2735242692871263,0.4600550154815563,-1.2851969999084687,55.55555555555556,1.291509933160114,18,59.22222222222222
J69U.SI,0.327526311213187,0.2760193931550248,-1.6251136466065137,-2.2912410381127524,0.29925237478391126,-0.9223632505985528,42.857142857142854,1.148755576531385,14,63.857142857142854
BUOU.SI,0.91235168306599,0.7685234035355926,-0.7691729603667032,-0.8758681672304475,0.3072591034302085,-2.5012225673897945,47.05882352941176,1.1751418083926402,34,26.235294117647058
M44U.SI,0.22654854149968742,0.19093653740422933,-1.180199036694751,-1.1089717493866968,0.09774767007175711,-1.9533615201678134,46.15384615384615,1.022317849585851,26,35.30769230769231
