Strategy,Total Return %,Annualized Return %,Sharpe Ratio,Sortino Ratio,Calmar Ratio,Max Drawdown %,Win Rate %,Profit Factor,Num Trades,Avg Trade Duration
CRPU.SI,0.7763448506960049,0.6824909140251245,-0.9552905615744159,-1.1770607000663118,0.5310399215635833,-1.2851969999084287,55.55555555555556,1.3276177495804877,18,57.111111111111114
J69U.SI,0.6813207754110407,0.598988612504292,-1.3454164404941413,-1.8549670597479622,0.665662992327305,-0.8998376346717059,57.14285714285714,1.4113567086641767,14,60.42857142857143
BUOU.SI,0.9758756092911972,0.8577974894559581,-0.7029539838529327,-0.8096345931377459,0.34295128336025343,-2.5012225673897945,50.0,1.1991242469977526,32,27.8125
M44U.SI,0.15134778776890015,0.1331009850279008,-1.264198906013936,-1.1409821760146457,0.06785476998587911,-1.9615567933632334,41.66666666666667,1.0061209280023962,24,31.666666666666668
