Strategy,Total Return %,Annualized Return %,Sharpe Ratio,Sortino Ratio,Calmar Ratio,Max Drawdown %,Win Rate %,Profit Factor,Num Trades,Avg Trade Duration
CRPU.SI,1.116895314799367,0.7357986660498472,-0.9481160933208768,-1.1963557539090308,0.5772623365461224,-1.2746348054721186,66.66666666666666,1.8869368675369453,12,106.83333333333333
J69U.SI,0.4175958555945544,0.2754330803238725,-1.5473243761270248,-2.260230503502872,0.2986167110898386,-0.9223632505985528,42.857142857142854,1.2144935922904685,14,81.0
BUOU.SI,0.4119486324337413,0.2717109501152448,-1.1137228682739986,-1.214440783618243,0.12969813982700457,-2.0949487053373423,47.05882352941176,1.0517787673695822,34,28.11764705882353
M44U.SI,0.41921338462932906,0.27649919361054653,-1.1537799196431742,-1.1004776376339054,0.1548250078421298,-1.7858819932532095,50.0,1.056428511384643,32,31.0
