Strategy,Total Return %,Annualized Return %,Sharpe Ratio,Sortino Ratio,Calmar Ratio,Max Drawdown %,Win Rate %,Profit Factor,Num Trades,Avg Trade Duration
CRPU.SI,0.6272526749122881,0.6715474043029079,-0.9315820685651065,-1.1307556387730697,0.5225248770038805,-1.2851969999084287,44.44444444444444,1.2517145278447988,18,49.0
J69U.SI,0.5527001721666238,0.5917147598309747,-1.3174367008603691,-1.834456941291185,0.6415203114900674,-0.9223632505985528,57.14285714285714,1.3062018120597165,14,50.714285714285715
BUOU.SI,0.6779293928041261,0.7258156508076041,-0.7616785085142634,-0.8575125854547192,0.2883410846224673,-2.5172120433615413,46.666666666666664,1.1378127393994983,30,25.533333333333335
M44U.SI,0.15448172792817788,0.16536332708054768,-1.2188451313785253,-1.06291796275083,0.08186231059348867,-2.020017830936972,45.45454545454545,1.0132061626177922,22,29.90909090909091
