Strategy,Total Return %,Annualized Return %,Sharpe Ratio,Sortino Ratio,Calmar Ratio,Max Drawdown %,Win Rate %,Profit Factor,Num Trades,Avg Trade Duration
CRPU.SI,0.47879988931827033,0.398841002504402,-1.17253529784368,-1.4344923895982638,0.3103292331506874,-1.2852189220302548,44.44444444444444,1.1690058084551038,18,59.666666666666664
J69U.SI,0.501032010560175,0.41735268569493833,-1.5055138114014461,-2.106103785541894,0.4638088801955967,-0.8998376346717059,42.857142857142854,1.2821997955855928,14,63.857142857142854
BUOU.SI,0.965778021730257,0.8041697109822055,-0.7483096579178526,-0.8530171340527943,0.321510657014987,-2.5012225673897945,47.05882352941176,1.1903259380066322,34,26.529411764705884
M44U.SI,0.1455154779337863,0.12124820190237973,-1.224952305452818,-1.1559448438930697,0.06207156171794907,-1.9533615482936801,46.15384615384615,1.0014222691306907,26,35.69230769230769
