Strategy,Total Return %,Annualized Return %,Sharpe Ratio,Sortino Ratio,Calmar Ratio,Max Drawdown %,Win Rate %,Profit Factor,Num Trades,Avg Trade Duration
CRPU.SI,0.7017997185122112,0.7135707115706102,-0.9123655045693864,-1.104640696473213,0.5552228044153705,-1.2851970522391896,55.55555555555556,1.2915100105534996,18,50.888888888888886
J69U.SI,0.86160902267884,0.8760720694328095,-1.062109731052819,-1.460507077188427,0.9735890517098028,-0.899837634671697,57.14285714285714,1.5346835377592765,14,52.42857142857143
BUOU.SI,0.8825790732950737,0.8973956887336376,-0.6667740192124855,-0.7492319483551343,0.3568301949179501,-2.5149096167155522,53.333333333333336,1.1991383974528322,30,26.666666666666668
M44U.SI,0.2556357016464426,0.2599137122204498,-1.1624331115853885,-1.0043367310004132,0.13250394750978778,-1.9615544827541873,45.45454545454545,1.0431940420989039,22,30.363636363636363
