Strategy,Total Return %,Annualized Return %,Sharpe Ratio,Sortino Ratio,Calmar Ratio,Max Drawdown %,Win Rate %,Profit Factor,Num Trades,Avg Trade Duration
CRPU.SI,0.8508909385878723,0.9993700439514974,-0.6903189559863699,-0.8263202761558398,0.7776006666858881,-1.2851969999084287,55.55555555555556,1.363726073323289,18,45.44444444444444
J69U.SI,0.7783800037217042,0.9141488154335908,-1.0205241802576472,-1.3993295593918156,1.0159041811661162,-0.899837634671683,50.0,1.5879221837493682,12,53.333333333333336
BUOU.SI,0.1628358813413615,0.19113664048311385,-1.0679275589987267,-1.1954629970540973,0.0791095761873677,-2.4160999172895927,42.857142857142854,1.003779682553615,28,25.285714285714285
M44U.SI,0.49049730960985477,0.5759088517120592,-0.9124696713419118,-0.8032439427205933,0.2935984769685846,-1.9615525858932916,45.45454545454545,1.117781689114764,22,29.363636363636363
