Strategy,Total Return %,Annualized Return %,Sharpe Ratio,Sortino Ratio,Calmar Ratio,Max Drawdown %,Win Rate %,Profit Factor,Num Trades,Avg Trade Duration
J69U.SI,0.6362485841983107,0.620890357045023,-1.3038568882332402,-1.7761621363362725,0.6900026550584838,-0.8998376346717059,57.14285714285714,1.3805248665618794,14,54.42857142857143
M44U.SI,0.21921013025512368,0.21392938173248055,-1.2199644916330974,-1.0360416060011004,0.10590474693460977,-2.0200169295958936,50.0,1.0264359557114655,24,27.5
