Strategy,Total Return %,Annualized Return %,Sharpe Ratio,Sortino Ratio,Calmar Ratio,Max Drawdown %,Win Rate %,Profit Factor,Num Trades,Avg Trade Duration
J69U.SI,0.7663838481317362,0.7559882614869506,-1.1710004100824938,-1.5951172331620433,0.8401385231712191,-0.899837634671683,57.14285714285714,1.4979515382231068,14,54.285714285714285
M44U.SI,0.15447938358698593,0.15239023454400868,-1.2598548096732316,-1.070433631550913,0.07543999548324962,-2.020019136637472,45.45454545454545,1.0132054749507127,22,29.90909090909091
