Strategy,Total Return %,Annualized Return %,Sharpe Ratio,Sortino Ratio,Calmar Ratio,Max Drawdown %,Win Rate %,Profit Factor,Num Trades,Avg Trade Duration
CRPU.SI,0.9473121435834219,0.7004977611885677,-0.953077431646508,-1.1946517008525614,0.5450415983184258,-1.2852188958599833,55.55555555555556,1.4104311447851765,18,65.55555555555556
J69U.SI,0.5527001721666238,0.4089070024058117,-1.4529073073398828,-2.0424344370020684,0.4433253407922074,-0.9223632505985528,57.14285714285714,1.3062018120597165,14,72.14285714285714
BUOU.SI,1.5415933255700656,1.139072453114509,-0.5311576007769849,-0.608878658308681,0.4558865347666443,-2.498587622680211,52.63157894736842,1.2909023993367557,38,26.36842105263158
M44U.SI,-0.5653732299960756,-0.4188905661393849,-1.6111975748115097,-1.4961022697937527,0.21355047349353823,-1.9615529728715868,40.0,0.8519989080145318,30,29.533333333333335
