Strategy,Total Return %,Annualized Return %,Sharpe Ratio,Sortino Ratio,Calmar Ratio,Max Drawdown %,Win Rate %,Profit Factor,Num Trades,Avg Trade Duration
CRPU.SI,0.701798664948601,0.7836720218700632,-0.8438201048077116,-1.0261182887846585,0.6097679888890981,-1.2851970522391494,55.55555555555556,1.2915095032308956,18,47.44444444444444
J69U.SI,0.5076648324150301,0.5668264225473507,-1.3409462160531156,-1.9066419918855473,0.6145367119325372,-0.9223638092586013,57.14285714285714,1.2770293903348993,14,48.714285714285715
BUOU.SI,0.4766189701721669,0.5321530085526494,-0.8706250873506864,-0.9797906178892768,0.21102761493972058,-2.521722139089035,50.0,1.090073288705539,28,26.5
M44U.SI,0.1544789071516425,0.17244605448798467,-1.1977981828581943,-1.058815310927135,0.08536854366345338,-2.0200186987822484,45.45454545454545,1.0132053274693278,22,29.90909090909091
