Strategy,Total Return %,Annualized Return %,Sharpe Ratio,Sortino Ratio,Calmar Ratio,Max Drawdown %,Win Rate %,Profit Factor,Num Trades,Avg Trade Duration
CRPU.SI,0.9473120408305477,0.6564061996797266,-0.9997810737292318,-1.2618980915677624,0.5108099354178178,-1.2850302121528199,55.55555555555556,1.410431279043954,18,69.44444444444444
J69U.SI,0.5076653999759401,0.3520042259533396,-1.504730575549549,-2.1581382972708147,0.3816329691419428,-0.9223632505985528,57.14285714285714,1.2770298579728205,14,77.14285714285714
BUOU.SI,1.7503775838151343,1.2113864470531421,-0.4931280432493983,-0.5621399841231677,0.48582483661399956,-2.493463396182069,52.63157894736842,1.338466501646549,38,27.31578947368421
M44U.SI,-0.4445523783618774,-0.3086924471036312,-1.5572268323830447,-1.4455799743323179,0.15737144936433684,-1.9615530539403316,37.5,0.8737097793040797,32,28.375
