Strategy,Total Return %,Annualized Return %,Sharpe Ratio,Sortino Ratio,Calmar Ratio,Max Drawdown %,Win Rate %,Profit Factor,Num Trades,Avg Trade Duration
J69U.SI,0.9066812136602675,0.9017179613335369,-1.0428108799868478,-1.4322670777266255,1.0020896288279006,-0.899837634671697,57.14285714285714,1.5655153690267412,14,53.42857142857143
M44U.SI,0.25563882057193044,0.254243924016917,-1.173749658244437,-1.007610074607226,0.12961361496547774,-1.9615526045210159,45.45454545454545,1.0431949886710026,22,30.363636363636363
