Strategy,Total Return %,Annualized Return %,Sharpe Ratio,Sortino Ratio,Calmar Ratio,Max Drawdown %,Win Rate %,Profit Factor,Num Trades,Avg Trade Duration
CRPU.SI,0.5527075413135389,0.5699309195900337,-1.0102088182462783,-1.2333143214523707,0.4434580040446305,-1.2851970522391896,44.44444444444444,1.2087008858335684,18,50.44444444444444
J69U.SI,0.9017146627944204,0.9298639201763326,-1.007704515578096,-1.3842076466733102,1.0333685593352684,-0.899837634671683,57.14285714285714,1.5961221956193554,14,52.0
BUOU.SI,0.8825802322379969,0.9101294711281627,-0.6573182720942127,-0.7382155568568837,0.3618936652191993,-2.5149085452404822,53.333333333333336,1.1991387731427319,30,26.4
M44U.SI,0.14960672527728092,0.15425910560691314,-1.2414620285118136,-1.0681343271920578,0.07636518696579779,-2.0200186987822373,45.45454545454545,1.0117623481069016,22,29.818181818181817
