Strategy,Total Return %,Annualized Return %,Sharpe Ratio,Sortino Ratio,Calmar Ratio,Max Drawdown %,Win Rate %,Profit Factor,Num Trades,Avg Trade Duration
CRPU.SI,0.47880073188465755,0.3890515439307185,-1.1765493916547658,-1.4464557958900284,0.3027122683849351,-1.2852189506769267,44.44444444444444,1.1690062555948901,18,60.888888888888886
J69U.SI,0.3603914041437383,0.2928698900355853,-1.609201564227143,-2.272011356564659,0.3254697055902119,-0.899837634671683,42.857142857142854,1.1716003660819432,14,65.57142857142857
BUOU.SI,0.4652735565134935,0.3780647489227462,-1.0045631713224732,-1.1245217265619973,0.15115182872840405,-2.501225106591789,44.44444444444444,1.0593937665002853,36,25.5
M44U.SI,-0.8400451436599361,-0.6834258745131883,-1.7763387303925604,-1.6137358016993955,0.3484106371274594,-1.9615528393387422,35.714285714285715,0.7804162826038733,28,29.5
