Strategy,Total Return %,Annualized Return %,Sharpe Ratio,Sortino Ratio,Calmar Ratio,Max Drawdown %,Win Rate %,Profit Factor,Num Trades,Avg Trade Duration
CRPU.SI,0.4787976870078456,0.38475615733228885,-1.181488092659364,-1.4559101378252182,0.2993701312181826,-1.2852189220302557,44.44444444444444,1.1690048295393216,18,61.44444444444444
J69U.SI,0.37256051660591766,0.2994163083760659,-1.5890386533518495,-2.2904517565838267,0.32461844813353813,-0.9223638092586013,42.857142857142854,1.1807098617021272,14,66.85714285714286
BUOU.SI,0.5775394244860036,0.46405909891886754,-0.9525851934996661,-1.0680162233933945,0.18553285646980794,-2.5012232752120895,50.0,1.08410511268556,36,25.77777777777778
M44U.SI,-0.03610913239621368,-0.02903149751045664,-1.3071753538889421,-1.262511828543923,0.014862320022166803,-1.9533624270744299,42.857142857142854,0.9551408234005484,28,34.285714285714285
