Strategy,Total Return %,Annualized Return %,Sharpe Ratio,Sortino Ratio,Calmar Ratio,Max Drawdown %,Win Rate %,Profit Factor,Num Trades,Avg Trade Duration
CRPU.SI,0.7017987628041555,0.7885136927119785,-0.8381491585674278,-1.022032454070012,0.6135352734002341,-1.2851969999084287,55.55555555555556,1.291509425837687,18,47.0
J69U.SI,0.4108876281347511,0.46157495483538646,-1.4538792821412425,-2.0249597976136644,0.5129536007946435,-0.8998376346717059,42.857142857142854,1.209148317136461,14,47.42857142857143
BUOU.SI,0.2062649757578947,0.23168082064899398,-1.0507402505277934,-1.1803564623744907,0.09187391884867163,-2.5217256818075064,50.0,1.0157000267537772,28,26.214285714285715
M44U.SI,0.25563799244318947,0.28714626177686053,-1.1081000355522501,-0.9886196869525414,0.14638709737770547,-1.9615544465368469,45.45454545454545,1.0431947463956992,22,30.363636363636363
