Strategy,Total Return %,Annualized Return %,Sharpe Ratio,Sortino Ratio,Calmar Ratio,Max Drawdown %,Win Rate %,Profit Factor,Num Trades,Avg Trade Duration
CRPU.SI,0.9473099213281057,0.73805354314469,-0.9208930092517046,-1.1418181507887422,0.5742633136484276,-1.2852179925192595,55.55555555555556,1.410430257019699,18,63.0
J69U.SI,0.8114941196859581,0.6323327417077085,-1.275052151252171,-1.8248159560323358,0.7027187098463858,-0.899837634671683,57.14285714285714,1.530675090688523,14,68.28571428571429
BUOU.SI,1.118020922439955,0.8708928359187462,-0.6938785707847586,-0.7923299521977212,0.3481870099512513,-2.5012215017460804,47.368421052631575,1.197831407233364,38,25.157894736842106
M44U.SI,0.6310072249824225,0.49179085191188854,-0.9674780464047767,-0.9384435807574929,0.25176655685327354,-1.9533605180075533,50.0,1.119063107997725,28,35.285714285714285
