Strategy,Total Return %,Annualized Return %,Sharpe Ratio,Sortino Ratio,Calmar Ratio,Max Drawdown %,Win Rate %,Profit Factor,Num Trades,Avg Trade Duration
CRPU.SI,0.4787987881629488,0.38306628285593725,-1.1819042601782401,-1.4630142650674334,0.298055277812761,-1.2852189220302295,44.44444444444444,1.169005318997169,18,61.55555555555556
J69U.SI,0.3658154369220392,0.292706070389781,-1.610388252194014,-2.286708643875535,0.3252876509177915,-0.8998376346717059,42.857142857142854,1.1756576210441099,14,66.28571428571429
BUOU.SI,0.4652765971674671,0.3722527664694164,-1.0092622371945446,-1.135711001456913,0.14882828340778634,-2.5012232752120895,44.44444444444444,1.0593944425326647,36,25.833333333333332
M44U.SI,-0.9449204409422601,-0.7570666240436785,-1.8466322547556195,-1.670118818070598,0.3747819789745588,-2.020018748273567,35.714285714285715,0.7570653806822949,28,29.5
