Strategy,Total Return %,Annualized Return %,Sharpe Ratio,Sortino Ratio,Calmar Ratio,Max Drawdown %,Win Rate %,Profit Factor,Num Trades,Avg Trade Duration
CRPU.SI,0.701798664948601,0.6230077178506432,-1.0003166178522427,-1.225298220989069,0.48475657236001346,-1.2851970522391494,55.55555555555556,1.2915095032308956,18,56.666666666666664
J69U.SI,0.5977349443573076,0.5306579979431625,-1.3993107301185173,-1.963296070838211,0.5753243069894648,-0.9223632505985528,57.14285714285714,1.3353737661466116,14,60.57142857142857
BUOU.SI,0.9758756092911972,0.8661819362126177,-0.6961432501940704,-0.8036914823149622,0.3463034227763828,-2.5012225673897945,50.0,1.1991242469977526,32,27.8125
M44U.SI,0.2283369556537218,0.20275510526697182,-1.2190881572446532,-1.093708972763648,0.10336438579179054,-1.961556717179034,41.66666666666667,1.0287500788869308,24,31.333333333333332
