Strategy,Total Return %,Annualized Return %,Sharpe Ratio,Sortino Ratio,Calmar Ratio,Max Drawdown %,Win Rate %,Profit Factor,Num Trades,Avg Trade Duration
CRPU.SI,0.5527075413135389,0.5865471743590644,-0.9942134637452315,-1.2084222159153546,0.45638695897810183,-1.2851970522391896,44.44444444444444,1.2087008858335684,18,49.333333333333336
J69U.SI,0.0,0.0,0.0,0.0,0.0,0.0,0.0,0.0,0,0.0
BUOU.SI,0.6779287010183906,0.719462413242411,-0.7680617174214479,-0.8645802677363719,0.2858172221967238,-2.517211551189227,46.666666666666664,1.1378125750049009,30,25.733333333333334
M44U.SI,0.15447753897537042,0.16391557863417727,-1.2246886687325085,-1.0637567753664932,0.081145485788836,-2.0200209172538934,45.45454545454545,1.0132049213187218,22,29.90909090909091
