Strategy,Total Return %,Annualized Return %,Sharpe Ratio,Sortino Ratio,Calmar Ratio,Max Drawdown %,Win Rate %,Profit Factor,Num Trades,Avg Trade Duration
AAPL,0.7924476112214507,0.5653953854654281,-1.293548368178351,-0.7700808765132852,0.7761757372964052,-0.7284373348680384,57.14285714285714,1.479370639807743,14,9.571428571428571
MSFT,-1.2569271316918822,-0.8994259490852752,-1.577697520322297,-1.2448700594463122,0.3668677597623507,-2.4516352967835187,33.33333333333333,0.4052337980421969,12,33.166666666666664
GOOGL,3.538564815242571,2.5149592533334486,0.2471418511063968,0.3697391003221545,1.5712102733287634,-1.6006509733450636,66.66666666666666,3.2984289775439986,18,16.88888888888889
NVDA,3.3678187555806467,2.3941750521555782,0.16033047065315348,0.17139394968663704,0.8955902916520632,-2.673292770669867,61.53846153846154,2.049406655410679,26,13.76923076923077
AMZN,0.5190767584863898,0.3704947835603045,-0.7623018001870802,-0.886165412510697,0.2386302636410685,-1.5525892563131793,41.66666666666667,1.1047837692096898,24,12.833333333333334
META,-0.260883960208339,-0.1864152130579444,-0.8950647318220772,-0.6742057386629136,0.08292852921437158,-2.247902076932512,46.15384615384615,0.9158194507522786,26,8.846153846153847
