Strategy,Total Return %,Annualized Return %,Sharpe Ratio,Sortino Ratio,Calmar Ratio,Max Drawdown %,Win Rate %,Profit Factor,Num Trades,Avg Trade Duration
CRPU.SI,0.7017998163678203,0.6199824150320943,-1.0037026051836337,-1.2279887007503993,0.48240263171813286,-1.2851969999084687,55.55555555555556,1.291509933160114,18,57.0
J69U.SI,0.6427691482241606,0.5678530646331836,-1.364812786065515,-1.9135973710540564,0.6156497674053643,-0.9223638092586013,57.14285714285714,1.3645452205479904,14,61.0
BUOU.SI,0.9758756092911972,0.8619693243897775,-0.6995586324825481,-0.8066775347941464,0.34461920167676413,-2.5012225673897945,50.0,1.1991242469977526,32,27.8125
M44U.SI,0.15135132490462638,0.1337490981895728,-1.2663579924561716,-1.1413560953841024,0.06818524682630002,-1.9615547998278111,41.66666666666667,1.0061219392994953,24,31.583333333333332
