Strategy,Total Return %,Annualized Return %,Sharpe Ratio,Sortino Ratio,Calmar Ratio,Max Drawdown %,Win Rate %,Profit Factor,Num Trades,Avg Trade Duration
CRPU.SI,0.7763458071115564,0.7208347785647939,-0.9226742411672072,-1.1198318949210644,0.5608749080998036,-1.2851970522391896,55.55555555555556,1.327618349714097,18,54.77777777777778
J69U.SI,0.4626300604786593,0.4295984453866808,-1.4814206247165198,-2.091679614903586,0.4657581326092936,-0.9223638092586013,57.14285714285714,1.2478574469305355,14,58.142857142857146
BUOU.SI,1.1318799751121333,1.0508149564498304,-0.578439985332477,-0.6630410423983294,0.4201205323148956,-2.5012225673897945,50.0,1.2434456021986553,32,26.75
M44U.SI,0.3720898757403847,0.34553390936729045,-1.1290146616713286,-0.9907808330428123,0.17105488084083734,-2.020017830936972,50.0,1.071731721116401,24,29.916666666666668
