Strategy,Total Return %,Annualized Return %,Sharpe Ratio,Sortino Ratio,Calmar Ratio,Max Drawdown %,Win Rate %,Profit Factor,Num Trades,Avg Trade Duration
CRPU.SI,0.8508918957108835,0.7372929814742024,-0.92020158256352,-1.1281021167663072,0.5736808843356916,-1.2851970522391896,55.55555555555556,1.3637266888746948,18,57.888888888888886
J69U.SI,0.9468249343486423,0.8203663910702819,-1.1345339203655982,-1.5603303066146055,0.9116826852542157,-0.899837634671683,57.14285714285714,1.6288457480847718,14,61.57142857142857
BUOU.SI,0.9758756092911972,0.8455208101265432,-0.7146943041208444,-0.8183368399616255,0.3380430119055358,-2.5012225673897945,50.0,1.1991242469977526,32,27.8125
M44U.SI,0.22834229819622123,0.19793893688924147,-1.2265063722297176,-1.1013554219286152,0.10090930475477038,-1.9615528753297067,41.66666666666667,1.0287516474568708,24,32.25
