Strategy,Total Return %,Annualized Return %,Sharpe Ratio,Sortino Ratio,Calmar Ratio,Max Drawdown %,Win Rate %,Profit Factor,Num Trades,Avg Trade Duration
CRPU.SI,0.9473099213281057,0.6640037242642727,-0.9908007119306819,-1.2503727399990048,0.5167226521319879,-1.2850292541358614,55.55555555555556,1.410430257019699,18,68.66666666666667
J69U.SI,0.5977349443573076,0.41919114409461056,-1.443528148762685,-2.0696678196941525,0.45447511468240215,-0.9223632505985528,57.14285714285714,1.3353737661466116,14,76.14285714285714
BUOU.SI,1.7503788130410611,1.2254501394287853,-0.4815335428269486,-0.5537228088534213,0.49146547843660654,-2.493461276928435,52.63157894736842,1.338466970050747,38,27.526315789473685
M44U.SI,-0.5653746849920754,-0.39718475484720184,-1.6282903563787814,-1.482677777872934,0.2024844558848678,-1.961556767957735,40.0,0.8519986186227316,30,29.533333333333335
