Strategy,Total Return %,Annualized Return %,Sharpe Ratio,Sortino Ratio,Calmar Ratio,Max Drawdown %,Win Rate %,Profit Factor,Num Trades,Avg Trade Duration
CRPU.SI,1.0253949827050384,0.7707142469064676,-0.9007180833220264,-1.1176841200440297,0.5996758926442731,-1.2852179925192595,55.55555555555556,1.4482529340262267,18,64.66666666666667
J69U.SI,0.9968255956231041,0.7492670260486056,-1.162784883590006,-1.686478844923802,0.8326691362736494,-0.899837634671697,57.14285714285714,1.627179031561669,14,70.28571428571429
BUOU.SI,1.1709669238463358,0.8799727384850131,-0.6916215082575419,-0.7900192295139186,0.3518206834615282,-2.501196717108983,52.63157894736842,1.210604593930665,38,25.94736842105263
M44U.SI,-0.25240155741887066,-0.190011062169837,-1.441130007292947,-1.3521689098475698,0.09686758558581962,-1.9615546420479029,40.0,0.9116186628021101,30,29.533333333333335
