Strategy,Total Return %,Annualized Return %,Sharpe Ratio,Sortino Ratio,Calmar Ratio,Max Drawdown %,Win Rate %,Profit Factor,Num Trades,Avg Trade Duration
CRPU.SI,0.634970960352457,0.5288631642340169,-1.0847764069907417,-1.3351410401245996,0.41149656757897013,-1.2852188958599833,44.44444444444444,1.2565534069512838,18,59.666666666666664
J69U.SI,0.5408324903606263,0.4504910430906728,-1.4729144605001798,-2.0601266938530403,0.5006359211181917,-0.899837634671683,42.857142857142854,1.3170096675088965,14,64.0
BUOU.SI,0.8589228365020608,0.7152584084921365,-0.8049230388830472,-0.9164401830706651,0.28596322922200296,-2.501225106591789,47.05882352941176,1.1603395015461055,34,26.529411764705884
M44U.SI,0.044835204946648444,0.03736127506304143,-1.2780629552797764,-1.2133422304882961,0.01912667549057099,-1.9533595935927122,42.857142857142854,0.9741255888692426,28,33.142857142857146
