Strategy,Total Return %,Annualized Return %,Sharpe Ratio,Sortino Ratio,Calmar Ratio,Max Drawdown %,Win Rate %,Profit Factor,Num Trades,Avg Trade Duration
CRPU.SI,0.7017997185122112,0.7671860700150468,-0.8611083878638284,-1.0400261586018118,0.5969404214539583,-1.2851970522391896,55.55555555555556,1.2915100105534996,18,48.22222222222222
J69U.SI,0.7714646407160035,0.8433687756239427,-1.0930925507908875,-1.522422221659796,0.9372455019973056,-0.899837634671697,57.14285714285714,1.4730198752243486,14,49.0
BUOU.SI,0.7903304883095007,0.8640005351310487,-0.6758275997153993,-0.7582818335455425,0.34323683807027877,-2.517213886448115,50.0,1.1793189786748361,28,27.0
M44U.SI,0.2507580251836407,0.27406383850701044,-1.1278173425776603,-0.9951461626214043,0.13971767951312647,-1.9615544679960288,45.45454545454545,1.041751120815286,22,30.272727272727273
