Strategy,Total Return %,Annualized Return %,Sharpe Ratio,Sortino Ratio,Calmar Ratio,Max Drawdown %,Win Rate %,Profit Factor,Num Trades,Avg Trade Duration
CRPU.SI,0.9473099213281057,0.6730946290067319,-0.9807218401683238,-1.2374907685898118,0.5237971251163189,-1.2850292541358614,55.55555555555556,1.410430257019699,18,67.88888888888889
J69U.SI,0.6813207754110407,0.4842853610568465,-1.3870918390673461,-1.9629175163275738,0.5381919386307195,-0.8998376346717059,57.14285714285714,1.4113567086641767,14,74.42857142857143
BUOU.SI,1.8606277172358021,1.3203134185601373,-0.4195724890378671,-0.485665116691561,0.5532572059537572,-2.386436912799095,52.63157894736842,1.3707134317026883,38,27.57894736842105
M44U.SI,-0.4345963031751489,-0.3094099042907361,-1.5420689874465978,-1.4458091042526031,0.15773698302889563,-1.9615558656529883,40.0,0.8791095815572583,30,30.266666666666666
