Strategy,Total Return %,Annualized Return %,Sharpe Ratio,Sortino Ratio,Calmar Ratio,Max Drawdown %,Win Rate %,Profit Factor,Num Trades,Avg Trade Duration
J69U.SI,0.7714646407160035,0.7350748928064865,-1.195051862816922,-1.6458667801862532,0.816897253997024,-0.899837634671697,57.14285714285714,1.4730198752243486,14,56.0
M44U.SI,0.28906816030021215,0.2754640175823386,-1.1801156482776236,-1.015742485568362,0.13636691218962377,-2.020020935865253,50.0,1.0471363264280977,24,28.333333333333332
