Strategy,Total Return %,Annualized Return %,Sharpe Ratio,Sortino Ratio,Calmar Ratio,Max Drawdown %,Win Rate %,Profit Factor,Num Trades,Avg Trade Duration
CRPU.SI,0.8508909385878723,0.9929526938804889,-0.6954213371433879,-0.8355498221761702,0.7726073854445953,-1.2851969999084287,55.55555555555556,1.363726073323289,18,45.888888888888886
J69U.SI,0.6959189735665677,0.8120031325201227,-1.1125487351216912,-1.5504139236715213,0.8803501659207695,-0.9223638092586013,50.0,1.4874154225651721,12,54.666666666666664
BUOU.SI,0.3202577219653904,0.37356274141322476,-0.9613342537815852,-1.0748990792703628,0.15461394569819428,-2.4160999172895927,50.0,1.0484653365801035,28,25.571428571428573
M44U.SI,0.46410805964356766,0.5414206541729305,-0.9461905883932792,-0.8256613704601931,0.2680277797075338,-2.020016935422579,45.45454545454545,1.112060259291028,22,29.272727272727273
