Strategy,Total Return %,Annualized Return %,Sharpe Ratio,Sortino Ratio,Calmar Ratio,Max Drawdown %,Win Rate %,Profit Factor,Num Trades,Avg Trade Duration
CRPU.SI,0.6272536299128659,0.6468074628925402,-0.9568018781400318,-1.1619694608148572,0.5032749349725104,-1.2851970522391896,44.44444444444444,1.2517150873739087,18,50.44444444444444
J69U.SI,0.6878039201605498,0.7092519747149417,-1.2099658252063492,-1.6949039074990273,0.768950350822026,-0.9223638092586013,57.14285714285714,1.3937171639523536,14,52.57142857142857
BUOU.SI,0.7802514552606772,0.8045938376553208,-0.7209299307451683,-0.812292185674967,0.3199291996409289,-2.5149121698124244,46.666666666666664,1.1695757267222457,30,26.4
M44U.SI,0.15448074890107819,0.15928481919722515,-1.2375094792960337,-1.0664405678334363,0.07885314118760427,-2.0200186929555666,45.45454545454545,1.013205876450891,22,29.90909090909091
