Strategy,Total Return %,Annualized Return %,Sharpe Ratio,Sortino Ratio,Calmar Ratio,Max Drawdown %,Win Rate %,Profit Factor,Num Trades,Avg Trade Duration
CRPU.SI,0.7763459050395977,0.7763459050395882,-0.8715827142170158,-1.0507351161295178,0.6040676293944658,-1.2851969999084687,55.55555555555556,1.3276182569029147,18,51.666666666666664
J69U.SI,0.9919352059028642,0.9919352059028608,-0.9535631406966154,-1.3132522817682257,1.1023490990847262,-0.899837634671683,57.14285714285714,1.661569300550188,14,53.57142857142857
BUOU.SI,0.9337416293405476,0.9337416293405454,-0.6475478864181204,-0.7268407033704356,0.3714706762389828,-2.5136348279071967,53.333333333333336,1.2132129974398072,30,27.133333333333333
M44U.SI,0.14446712981120072,0.1444671298111988,-1.2587991563590908,-1.0763335728720715,0.07151768619306562,-2.0200196273296998,41.66666666666667,1.0042528809306501,24,27.583333333333332
