Strategy,Total Return %,Annualized Return %,Sharpe Ratio,Sortino Ratio,Calmar Ratio,Max Drawdown %,Win Rate %,Profit Factor,Num Trades,Avg Trade Duration
CRPU.SI,0.9473121435834219,0.6717822914015903,-0.9816916274658731,-1.2387143649125765,0.5227755065220574,-1.2850301573439264,55.55555555555556,1.4104311447851765,18,67.88888888888889
J69U.SI,0.6813207754110407,0.4833408983083265,-1.3879561551708632,-1.9641406373722325,0.5371423462241243,-0.8998376346717059,57.14285714285714,1.4113567086641767,14,74.42857142857143
BUOU.SI,1.7503809621190702,1.2398448401312212,-0.4705612798538161,-0.5418543874503587,0.49723878256715154,-2.4934596487629794,52.63157894736842,1.3384674966161405,38,27.31578947368421
M44U.SI,-0.4345935236035802,-0.3088068936019761,-1.5416685466052462,-1.4454337829829667,0.1574297938927302,-1.961553057818214,40.0,0.8791100636285123,30,30.266666666666666
