Strategy,Total Return %,Annualized Return %,Sharpe Ratio,Sortino Ratio,Calmar Ratio,Max Drawdown %,Win Rate %,Profit Factor,Num Trades,Avg Trade Duration
CRPU.SI,1.1881751184689893,0.8167659424912488,-0.8783656481931787,-1.111205177423968,0.638579903117647,-1.2790348373064508,55.55555555555556,1.5270251467351534,18,70.11111111111111
J69U.SI,0.5526996043514192,0.38030606360632824,-1.4787582929146843,-2.125873544480145,0.4123167667560801,-0.9223638092586013,57.14285714285714,1.3062013337392624,14,77.71428571428571
BUOU.SI,1.750377669860154,1.202189231200279,-0.499874798349466,-0.5686961205984136,0.48213642130250334,-2.4934628003263795,52.63157894736842,1.3384665084447802,38,27.31578947368421
M44U.SI,-0.5890393646876145,-0.4060320953280794,-1.6531605631816282,-1.4675508968787623,0.20699512035851614,-1.9615539468989929,37.5,0.8443873004749811,32,27.4375
