Strategy,Total Return %,Annualized Return %,Sharpe Ratio,Sortino Ratio,Calmar Ratio,Max Drawdown %,Win Rate %,Profit Factor,Num Trades,Avg Trade Duration
CRPU.SI,0.9473120408305477,0.7019264463735242,-0.9520306286435076,-1.1933398242960722,0.5461532029260995,-1.2852189506769267,55.55555555555556,1.410431279043954,18,65.55555555555556
J69U.SI,0.6362485841983107,0.47162711037256333,-1.4024113753543106,-1.9462949654427497,0.5241246778310515,-0.8998376346717059,57.14285714285714,1.3805248665618794,14,71.42857142857143
BUOU.SI,1.5415938739250667,1.141401209084214,-0.5297209547406354,-0.6072318544210957,0.4568184344298501,-2.4985883297568408,52.63157894736842,1.2909024721799884,38,26.36842105263158
M44U.SI,-0.6019500573719779,-0.446916461287028,-1.6248083813611094,-1.5432684642962717,0.22124381703565782,-2.0200178575611836,40.0,0.8444132771645873,30,30.266666666666666
