Strategy,Total Return %,Annualized Return %,Sharpe Ratio,Sortino Ratio,Calmar Ratio,Max Drawdown %,Win Rate %,Profit Factor,Num Trades,Avg Trade Duration
CRPU.SI,0.8508908405874536,0.7920520961623767,-0.871044678868717,-1.0530963523995003,0.6162884475827383,-1.2851970522391494,55.55555555555556,1.3637261815520916,18,54.666666666666664
J69U.SI,0.5461036858089029,0.5083939545527105,-1.4138435956596787,-1.9684337970132273,0.5649840982014456,-0.899837634671697,57.14285714285714,1.3188607188870276,14,57.285714285714285
BUOU.SI,1.229413177062397,1.1442516432971228,-0.5214492915539068,-0.595451869823035,0.4574769387640827,-2.5012225673897945,50.0,1.2748593580177412,32,26.6875
M44U.SI,0.5238375387268025,0.48766906279194,-1.0341904743089063,-0.9014722800528474,0.24141804102098804,-2.0200191366375297,50.0,1.1166921518062254,24,29.833333333333332
