Strategy,Total Return %,Annualized Return %,Sharpe Ratio,Sortino Ratio,Calmar Ratio,Max Drawdown %,Win Rate %,Profit Factor,Num Trades,Avg Trade Duration
CRPU.SI,0.5527065870204206,0.5882612285394773,-0.991689162138761,-1.2069552493947335,0.4577206674007108,-1.2851969999084287,44.44444444444444,1.2087003630115882,18,49.22222222222222
J69U.SI,0.6761633050232922,0.7196880792118776,-1.201996075789425,-1.6560674705724632,0.7997977095884247,-0.899837634671683,57.14285714285714,1.4325044332922752,14,50.42857142857143
BUOU.SI,0.6779288491131956,0.721567678499091,-0.7657814392437913,-0.8631585288227686,0.28665359543263247,-2.5172113310145776,46.666666666666664,1.1378126216616467,30,25.666666666666668
M44U.SI,0.25563882057193044,0.2720577642188138,-1.1392713008371764,-0.9973283375983677,0.138695115079642,-1.9615526045210159,45.45454545454545,1.0431949886710026,22,30.363636363636363
