Strategy,Total Return %,Annualized Return %,Sharpe Ratio,Sortino Ratio,Calmar Ratio,Max Drawdown %,Win Rate %,Profit Factor,Num Trades,Avg Trade Duration
CRPU.SI,0.8692248599511732,0.6616703071677721,-0.9780406212683396,-1.216828423576607,0.5148311889648999,-1.2852179925192595,55.55555555555556,1.3726075800131723,18,64.0
J69U.SI,0.9919352059028642,0.7549701983401436,-1.1576351135592424,-1.6714861224826292,0.8390071377883677,-0.899837634671683,57.14285714285714,1.661569300550188,14,69.57142857142857
BUOU.SI,1.4356975699275791,1.0921494708451718,-0.5603330621690225,-0.6370672669212829,0.43665044964686217,-2.501198548469238,52.63157894736842,1.2679594958264486,38,25.63157894736842
M44U.SI,-0.038241003510847804,-0.02914113059054868,-1.3450239519943639,-1.2349462117045527,0.014426155117695799,-2.020020605130109,46.666666666666664,0.954866502920191,30,28.733333333333334
