Strategy,Total Return %,Annualized Return %,Sharpe Ratio,Sortino Ratio,Calmar Ratio,Max Drawdown %,Win Rate %,Profit Factor,Num Trades,Avg Trade Duration
CRPU.SI,0.8508909385878723,1.0026099255727061,-0.6880838123303631,-0.8236447817237905,0.7801215888646976,-1.2851969999084287,55.55555555555556,1.363726073323289,18,45.44444444444444
J69U.SI,0.6097104542960552,0.7182725263681577,-1.1995664574896736,-1.6727385196617877,0.7787301704145432,-0.9223638092586013,50.0,1.3939107728183924,12,54.0
BUOU.SI,0.1628358813413615,0.19175380106226658,-1.0675631960481826,-1.195055120675964,0.07936501288298461,-2.4160999172895927,42.857142857142854,1.003779682553615,28,25.285714285714285
M44U.SI,0.38909922506220024,0.458290923272342,-0.99809560682668,-0.8727193339143807,0.22687460197892004,-2.0200186326494314,45.45454545454545,1.0855805598591999,22,28.90909090909091
