Strategy,Total Return %,Annualized Return %,Sharpe Ratio,Sortino Ratio,Calmar Ratio,Max Drawdown %,Win Rate %,Profit Factor,Num Trades,Avg Trade Duration
CRPU.SI,0.9473111943354342,0.6704728256605952,-0.9826602302793984,-1.2399368336441163,0.5217564803256566,-1.2850301835103546,55.55555555555556,1.41043068177842,18,67.88888888888889
J69U.SI,0.6813207754110407,0.48240011220175294,-1.3888171066304638,-1.9653589970029073,0.536096839712367,-0.8998376346717059,57.14285714285714,1.4113567086641767,14,74.42857142857143
BUOU.SI,1.7503788130410611,1.237421024827401,-0.471693782687349,-0.5451648674931383,0.4962663893267736,-2.493461276928435,52.63157894736842,1.338466970050747,38,27.526315789473685
M44U.SI,-0.5790958120551295,-0.4107741255701569,-1.6365185176852532,-1.4700160081904854,0.20941229537920653,-1.9615568647787456,40.0,0.849586729350072,30,29.0
