Strategy,Total Return %,Annualized Return %,Sharpe Ratio,Sortino Ratio,Calmar Ratio,Max Drawdown %,Win Rate %,Profit Factor,Num Trades,Avg Trade Duration
CRPU.SI,0.9473121435834219,0.7302250038572655,-0.9280058993011683,-1.1532549323174044,0.568171699163081,-1.2852188958599833,55.55555555555556,1.4104311447851765,18,63.55555555555556
J69U.SI,0.8114941196859581,0.625627597609979,-1.2867072784632012,-1.8386288277457237,0.6952672054422875,-0.899837634671683,57.14285714285714,1.530675090688523,14,69.0
BUOU.SI,1.382753475468453,1.065354667818097,-0.5745393671546722,-0.655869772542519,0.4259335741280597,-2.5012225673897945,52.63157894736842,1.25648907632001,38,25.42105263157895
M44U.SI,0.6209430420550961,0.47882441768420936,-0.9789573117098286,-0.9464638173515675,0.24512829716008405,-1.9533624768400655,46.666666666666664,1.1109233366465519,30,33.0
