Strategy,Total Return %,Annualized Return %,Sharpe Ratio,Sortino Ratio,Calmar Ratio,Max Drawdown %,Win Rate %,Profit Factor,Num Trades,Avg Trade Duration
CRPU.SI,1.2901151445098367,0.8345114235808859,-0.8880986207312142,-1.0917388280921068,0.5777549570882378,-1.4444037447755467,50.0,1.6189296304471046,20,64.0
J69U.SI,0.5527001721666238,0.3579751066743464,-1.4691934794334622,-2.161141972686744,0.3881064281800518,-0.9223632505985528,57.14285714285714,1.3062018120597165,14,82.14285714285714
BUOU.SI,1.292345233244996,0.835950709463873,-0.7609191671969435,-0.8209252329613992,0.5076295909125569,-1.6467730101413096,53.333333333333336,1.2986312351771236,30,31.666666666666668
M44U.SI,0.2522467293858062,0.16346228060415413,-1.227517015524512,-1.1823369759787272,0.0915302809601589,-1.7858819932532015,50.0,1.0185577805622135,32,31.625
