Strategy,Total Return %,Annualized Return %,Sharpe Ratio,Sortino Ratio,Calmar Ratio,Max Drawdown %,Win Rate %,Profit Factor,Num Trades,Avg Trade Duration
CRPU.SI,1.1034822697752316,0.7916307148124524,-0.8904566155392735,-1.1229451871446579,0.6160405732801645,-1.2850301573439264,55.55555555555556,1.4860764655911307,18,67.44444444444444
J69U.SI,0.5527001721666238,0.3968090534348656,-1.4639577153318954,-2.0850987691888405,0.4302090886398203,-0.9223632505985528,57.14285714285714,1.3062018120597165,14,74.57142857142857
BUOU.SI,1.5973404089375982,1.1451325421528713,-0.5270150349294591,-0.6113500208417671,0.4590562557851691,-2.4945364053349808,52.63157894736842,1.3029801219816113,38,27.263157894736842
M44U.SI,-0.5653638854263773,-0.4065402025570597,-1.6213843288091645,-1.4884641697120105,0.20725466040204243,-1.9615491481273988,40.0,0.852000733586132,30,29.533333333333335
