Strategy,Total Return %,Annualized Return %,Sharpe Ratio,Sortino Ratio,Calmar Ratio,Max Drawdown %,Win Rate %,Profit Factor,Num Trades,Avg Trade Duration
CRPU.SI,0.7763459050395977,0.7064034512924477,-0.9354841222545709,-1.1418114430713746,0.5496460475263772,-1.2851969999084687,55.55555555555556,1.3276182569029147,18,55.55555555555556
J69U.SI,0.5076648324150301,0.4619838303259183,-1.4557324719002356,-2.055056664474931,0.500869424503182,-0.9223638092586013,57.14285714285714,1.2770293903348993,14,59.142857142857146
BUOU.SI,1.1318799751121333,1.0297435022474932,-0.593612805479501,-0.6803804949080825,0.411696070422915,-2.5012225673897945,50.0,1.2434456021986553,32,27.1875
M44U.SI,0.19924543422457647,0.18134185520399804,-1.2465984723658656,-1.0998437228805389,0.08977232904085437,-2.020019499788976,50.0,1.0205220091067562,24,30.0
