Strategy,Total Return %,Annualized Return %,Sharpe Ratio,Sortino Ratio,Calmar Ratio,Max Drawdown %,Win Rate %,Profit Factor,Num Trades,Avg Trade Duration
CRPU.SI,1.1100257527766553,0.774877979089017,-0.907731027926999,-1.1465199736259304,0.6058302373693458,-1.2790348373064298,55.55555555555556,1.4891784533822154,18,69.22222222222223
J69U.SI,0.5526996043514192,0.38614574782513955,-1.4745305053638853,-2.117827290349176,0.4186479824436354,-0.9223638092586013,57.14285714285714,1.3062013337392624,14,76.57142857142857
BUOU.SI,1.7503801245231627,1.2207272987117879,-0.4853364725328872,-0.5554818342547178,0.4895715574241846,-2.493460414927864,52.63157894736842,1.3384672099723272,38,27.31578947368421
M44U.SI,0.11868994376109186,0.08297720488610327,-1.2817361182952076,-1.1905848983582292,0.042458859778420024,-1.9542965901377538,43.75,0.9914110882330007,32,28.5625
