Strategy,Total Return %,Annualized Return %,Sharpe Ratio,Sortino Ratio,Calmar Ratio,Max Drawdown %,Win Rate %,Profit Factor,Num Trades,Avg Trade Duration
CRPU.SI,1.6051558328482314,1.037726531645533,-0.7368361531435218,-0.8993141568746478,0.9131923596595599,-1.1363723323664248,55.55555555555556,1.9469740958359305,18,70.44444444444444
J69U.SI,0.7212735765775141,0.4670195976101743,-1.375238484604208,-2.0020961661549417,0.5190042954588938,-0.899837634671683,57.14285714285714,1.4652279857576913,14,81.57142857142857
BUOU.SI,0.8590612109553148,0.5561021400876331,-0.9503045789352448,-1.0096031131874805,0.33624728524164316,-1.6538487134193276,50.0,1.164156786281696,32,28.5625
M44U.SI,0.24886124300908702,0.16126935785507612,-1.247348365644168,-1.1599322422591196,0.09030235954241515,-1.785881993253207,50.0,1.0177773288904592,32,30.8125
