Strategy,Total Return %,Annualized Return %,Sharpe Ratio,Sortino Ratio,Calmar Ratio,Max Drawdown %,Win Rate %,Profit Factor,Num Trades,Avg Trade Duration
CRPU.SI,0.47880073188465755,0.390795663644683,-1.172649761703115,-1.4448897082512149,0.30406932876211507,-1.2852189506769267,44.44444444444444,1.1690062555948901,18,60.666666666666664
J69U.SI,0.49572221880640427,0.40460066994831845,-1.5074669188746426,-2.1298849891703004,0.4496374171946499,-0.899837634671683,42.857142857142854,1.2773753637231815,14,65.28571428571429
BUOU.SI,0.4652735565134935,0.37975952168507465,-1.0012712600940168,-1.1233467050612573,0.15182940579168475,-2.501225106591789,44.44444444444444,1.059393766500285,36,25.444444444444443
M44U.SI,-0.1208321215800788,-0.0986769904692264,-1.3570799802000277,-1.2945919053970842,0.05051655148028068,-1.9533595935927122,42.857142857142854,0.9360615414418899,28,33.785714285714285
