Strategy,Total Return %,Annualized Return %,Sharpe Ratio,Sortino Ratio,Calmar Ratio,Max Drawdown %,Win Rate %,Profit Factor,Num Trades,Avg Trade Duration
CRPU.SI,0.0,0.0,0.0,0.0,0.0,0.0,0.0,0.0,0,0.0
J69U.SI,0.7263929666237527,0.7988823501542841,-1.1326857219669118,-1.5809772213384181,0.8878072214058329,-0.8998376346717059,57.14285714285714,1.442188550766475,14,48.42857142857143
BUOU.SI,0.6928987392302224,0.7620329857070729,-0.7352889401865202,-0.8263451121013256,0.3024363974619593,-2.5196470798555985,50.0,1.1495709009424955,28,26.714285714285715
M44U.SI,0.15447938358698593,0.1698472949559937,-1.2044335796147807,-1.0603196073513304,0.08408202272713211,-2.020019136637472,45.45454545454545,1.0132054749507127,22,29.90909090909091
