Strategy,Total Return %,Annualized Return %,Sharpe Ratio,Sortino Ratio,Calmar Ratio,Max Drawdown %,Win Rate %,Profit Factor,Num Trades,Avg Trade Duration
CRPU.SI,0.7763458071115564,0.9030079241371114,-0.7578559180336618,-0.9144403855484485,0.7026221563174356,-1.2851970522391896,55.55555555555556,1.327618349714097,18,46.0
J69U.SI,0.7783800037217042,0.9053754915880896,-1.0283801951008633,-1.4181715262994563,1.0061542846209441,-0.899837634671683,50.0,1.5879221837493682,12,54.166666666666664
BUOU.SI,0.3202577219653904,0.372370838872782,-0.9633964927160799,-1.0756867979090856,0.1541206289558222,-2.4160999172895927,50.0,1.0484653365801035,28,25.642857142857142
M44U.SI,0.4592186186217805,0.5340039006262565,-0.9527856580388895,-0.8288032267764948,0.2643559837407487,-2.0200182082882177,45.45454545454545,1.1104757469135202,22,29.272727272727273
