Strategy,Total Return %,Annualized Return %,Sharpe Ratio,Sortino Ratio,Calmar Ratio,Max Drawdown %,Win Rate %,Profit Factor,Num Trades,Avg Trade Duration
CRPU.SI,1.1645352816484411,0.7842039365399955,-0.9036770865751235,-1.1464666084478812,0.6135951706759285,-1.2780477650698043,55.55555555555556,1.5160904866290963,18,70.55555555555556
J69U.SI,0.687804488738675,0.46352794184920665,-1.3957462434748682,-2.008147558984032,0.5025438096632836,-0.9223632505985528,57.14285714285714,1.3937176743204018,14,79.14285714285714
BUOU.SI,0.8203402662268126,0.5527284523109133,-0.9059089073141673,-1.0414123110115932,0.2101996547083855,-2.6295402486637065,50.0,1.1543604195607473,32,33.0625
M44U.SI,0.520814821640979,0.3510845382071137,-1.1025330118777048,-1.0510982240115614,0.19658887851126775,-1.7858819932531984,50.0,1.0791293632095302,32,31.1875
