Strategy,Total Return %,Annualized Return %,Sharpe Ratio,Sortino Ratio,Calmar Ratio,Max Drawdown %,Win Rate %,Profit Factor,Num Trades,Avg Trade Duration
CRPU.SI,0.6272525771291839,0.5272656869747205,-1.0778941178253645,-1.3365527928795449,0.4102605791509448,-1.2851970522391494,44.44444444444444,1.2517145873742301,18,59.333333333333336
J69U.SI,0.4108876281347511,0.34544948447909896,-1.573543758526,-2.2017887830169975,0.3839020187293364,-0.8998376346717059,42.857142857142854,1.209148317136461,14,63.285714285714285
BUOU.SI,0.8054990057374743,0.6770033707623302,-0.8261993388516314,-0.944365892992792,0.27066898387568594,-2.5012225673897945,47.05882352941176,1.145906795112693,34,26.294117647058822
M44U.SI,0.14552098387774093,0.12237100979701765,-1.2214293329827177,-1.1552548477216797,0.06264649795527982,-1.953357550558886,46.15384615384615,1.0014236595353192,26,35.38461538461539
