Strategy,Total Return %,Annualized Return %,Sharpe Ratio,Sortino Ratio,Calmar Ratio,Max Drawdown %,Win Rate %,Profit Factor,Num Trades,Avg Trade Duration
CRPU.SI,0.701798664948601,0.6214908739602842,-1.0014185297292253,-1.2266479642987949,0.48357633008688017,-1.2851970522391494,55.55555555555556,1.2915095032308956,18,56.666666666666664
J69U.SI,0.6813207754110407,0.6033633118316173,-1.3380428047726842,-1.8491748704617672,0.6705246464288489,-0.8998376346717059,57.14285714285714,1.4113567086641767,14,59.857142857142854
BUOU.SI,0.9758761545911148,0.8640709784742073,-0.6974394901794333,-0.8051880641056433,0.345459354643555,-2.5012232752120895,50.0,1.1991243445974484,32,27.8125
M44U.SI,0.22833744056975774,0.20226291335572189,-1.2194237531346126,-1.09401103499206,0.10311356112312209,-1.961554922094206,41.66666666666667,1.0287502514845699,24,31.333333333333332
