Strategy,Total Return %,Annualized Return %,Sharpe Ratio,Sortino Ratio,Calmar Ratio,Max Drawdown %,Win Rate %,Profit Factor,Num Trades,Avg Trade Duration
CRPU.SI,0.6272525771291839,0.6504933405905744,-0.9529496623589797,-1.1588044490325993,0.5061428824920232,-1.2851970522391494,44.44444444444444,1.2517145873742301,18,50.111111111111114
J69U.SI,0.8165373490491765,0.8468208899912177,-1.087208337840558,-1.4931639148885305,0.9410818767323167,-0.8998376346717059,57.14285714285714,1.5038522349710697,14,51.42857142857143
BUOU.SI,0.8314163689290216,0.8622540956487068,-0.6854890013355389,-0.7706436927970867,0.34285686232948565,-2.514909836688875,53.333333333333336,1.1850637464446598,30,26.2
M44U.SI,0.2556357016464426,0.26508929571540385,-1.1529552998790171,-1.0013495063754927,0.13514245872140968,-1.9615544827541873,45.45454545454545,1.0431940420989039,22,30.363636363636363
