Strategy,Total Return %,Annualized Return %,Sharpe Ratio,Sortino Ratio,Calmar Ratio,Max Drawdown %,Win Rate %,Profit Factor,Num Trades,Avg Trade Duration
CRPU.SI,1.0253949827050384,0.7475066202396796,-0.9195478170884155,-1.1597929243313851,0.5817039712005252,-1.2850292541358614,55.55555555555556,1.4482529340262267,18,66.33333333333333
J69U.SI,0.5010314948274754,0.36550612187815634,-1.505512624596167,-2.0972185011063615,0.406191192493866,-0.899837634671697,42.857142857142854,1.2821993541183818,14,72.42857142857143
BUOU.SI,1.3794763586916452,1.0051532464073976,-0.6125702876011072,-0.7108603967382371,0.4203298677073796,-2.3913438554577175,52.63157894736842,1.261676097556236,38,27.0
M44U.SI,-0.5653733981471851,-0.41303834922677973,-1.6157167348259405,-1.4924825888859405,0.21056680289936516,-1.9615549248006605,40.0,0.8519989485885006,30,29.533333333333335
