Strategy,Total Return %,Annualized Return %,Sharpe Ratio,Sortino Ratio,Calmar Ratio,Max Drawdown %,Win Rate %,Profit Factor,Num Trades,Avg Trade Duration
CRPU.SI,0.7763459050395977,0.7245353295839863,-0.9193672864505259,-1.1119564979634282,0.5637542957504471,-1.2851969999084687,55.55555555555556,1.3276182569029147,18,54.55555555555556
J69U.SI,0.6362480677717395,0.5938146531327071,-1.3343099772375027,-1.8482600540594234,0.6599131112685218,-0.899837634671697,57.14285714285714,1.380524381421956,14,57.142857142857146
BUOU.SI,1.1318774604253303,1.0562159100715451,-0.5749661062830387,-0.6567096894088517,0.4222794291037493,-2.501225106591789,50.0,1.2434448155878346,32,26.625
M44U.SI,0.5238375387268025,0.48891934228376677,-1.0320718153571542,-0.9007269620617723,0.2420368813926901,-2.020020004680712,50.0,1.1166921518062254,24,29.75
