Strategy,Total Return %,Annualized Return %,Sharpe Ratio,Sortino Ratio,Calmar Ratio,Max Drawdown %,Win Rate %,Profit Factor,Num Trades,Avg Trade Duration
CRPU.SI,0.9473099213281057,0.6551551121306565,-1.0007111394856827,-1.2630717851241704,0.5098367294145579,-1.2850292541358614,55.55555555555556,1.410430257019699,18,69.44444444444444
J69U.SI,0.5977349443573076,0.41361164127673433,-1.4461021842849648,-2.0774601034919495,0.44842597643426024,-0.9223632505985528,57.14285714285714,1.3353737661466116,14,77.14285714285714
BUOU.SI,1.8606277172358021,1.2850142933042097,-0.44583749168882947,-0.5108878506025539,0.5384656457551158,-2.386436912799095,52.63157894736842,1.3707134317026883,38,27.57894736842105
M44U.SI,-0.5753167387893882,-0.3988173883844093,-1.6375922876855147,-1.4840612832704945,0.2033169685773864,-1.9615548627099049,37.5,0.8467697051658745,32,27.6875
