Strategy,Total Return %,Annualized Return %,Sharpe Ratio,Sortino Ratio,Calmar Ratio,Max Drawdown %,Win Rate %,Profit Factor,Num Trades,Avg Trade Duration
CRPU.SI,1.611197783397547,1.0472309215139308,-0.722032520004258,-0.8940398832835099,0.7741504732814397,-1.3527485387627138,55.55555555555556,1.9455340366170497,18,70.77777777777777
J69U.SI,0.5461036858089029,0.35560497668924995,-1.476526537737228,-2.151137894943925,0.3951879350089545,-0.899837634671697,57.14285714285714,1.3188607188870276,14,81.28571428571429
BUOU.SI,0.8590612109553148,0.5590895712301647,-0.9483383945029374,-1.0075142398220778,0.33805363616013495,-1.6538487134193276,50.0,1.164156786281696,32,28.5625
M44U.SI,0.5705978296708418,0.3715389861485674,-1.0847337696480914,-1.043191372616361,0.20804229369699806,-1.7858819932532233,46.666666666666664,1.1035229428692013,30,34.0
