Strategy,Total Return %,Annualized Return %,Sharpe Ratio,Sortino Ratio,Calmar Ratio,Max Drawdown %,Win Rate %,Profit Factor,Num Trades,Avg Trade Duration
CRPU.SI,0.7017998163678203,0.7836733081382885,-0.8438181312753191,-1.026115934567843,0.6097690145511555,-1.2851969999084687,55.55555555555556,1.291509933160114,18,47.44444444444444
J69U.SI,0.6813207754110407,0.7607961252083184,-1.1616167637685795,-1.6311084088154129,0.8454815578878128,-0.8998376346717059,57.14285714285714,1.4113567086641767,14,48.0
BUOU.SI,0.476617668094259,0.5321515543596389,-0.8706260188550465,-0.9797917377148476,0.21102693264186595,-2.5217234013572756,50.0,1.0900728998142062,28,26.5
M44U.SI,0.255635603202536,0.2853848441808804,-1.1122989713537024,-0.9896351712574722,0.1454890555142263,-1.961555411657578,45.45454545454545,1.0431940239472555,22,30.363636363636363
