Strategy,Total Return %,Annualized Return %,Sharpe Ratio,Sortino Ratio,Calmar Ratio,Max Drawdown %,Win Rate %,Profit Factor,Num Trades,Avg Trade Duration
CRPU.SI,0.7017987628041555,0.7017987628041622,-0.9254695680265455,-1.1147476891794914,0.5460631816399867,-1.2851969999084287,55.55555555555556,1.291509425837687,18,51.666666666666664
J69U.SI,0.8229088053107262,0.8229088053107292,-1.1091443739683071,-1.550950604735886,0.8921743193657333,-0.9223632505985528,57.14285714285714,1.4812335365810883,14,54.142857142857146
BUOU.SI,1.0360679021376928,1.0360679021376829,-0.5840103773442621,-0.6570877616193783,0.41259720090323676,-2.5110880536018563,53.333333333333336,1.2413625856731432,30,27.133333333333333
M44U.SI,0.14446445077028328,0.14446445077027636,-1.258801111667617,-1.0763364412430652,0.07151639516354291,-2.0200186326494314,41.66666666666667,1.004252093545565,24,27.583333333333332
