Strategy,Total Return %,Annualized Return %,Sharpe Ratio,Sortino Ratio,Calmar Ratio,Max Drawdown %,Win Rate %,Profit Factor,Num Trades,Avg Trade Duration
CRPU.SI,0.6272537276960429,0.6735303111500945,-0.9289475153886702,-1.129067867998208,0.52406775863783,-1.2851969999084687,44.44444444444444,1.2517150278443057,18,48.888888888888886
J69U.SI,0.5526996043514192,0.5934596414817195,-1.314044244135935,-1.8321844785006383,0.6434116728395318,-0.9223638092586013,57.14285714285714,1.3062013337392624,14,50.57142857142857
BUOU.SI,0.7290914051586697,0.7829103982625707,-0.7277239930722265,-0.8156217753807666,0.3110229119884876,-2.5172113310145776,46.666666666666664,1.1534759395195322,30,25.466666666666665
M44U.SI,0.1496072861732682,0.16061665170321593,-1.2209277537385053,-1.0644541892515067,0.0795124771866903,-2.0200182082882177,45.45454545454545,1.0117625168833237,22,29.818181818181817
