Strategy,Total Return %,Annualized Return %,Sharpe Ratio,Sortino Ratio,Calmar Ratio,Max Drawdown %,Win Rate %,Profit Factor,Num Trades,Avg Trade Duration
CRPU.SI,0.7017997185122112,0.7694987735669789,-0.8583280529659443,-1.0380751630287723,0.5987399148062834,-1.2851970522391896,55.55555555555556,1.2915100105534996,18,48.111111111111114
J69U.SI,0.6427691482241606,0.7047539216905152,-1.2150000444833302,-1.7231482645105713,0.764073692632193,-0.9223638092586013,57.14285714285714,1.3645452205479904,14,49.57142857142857
BUOU.SI,0.6928992830019888,0.7597365238979359,-0.7376556911468406,-0.8278782752814132,0.30152489012203143,-2.5196477928918557,50.0,1.1495710207064955,28,26.928571428571427
M44U.SI,0.1544816727066973,0.16933932087768166,-1.2064087033759343,-1.0606144057504086,0.08383060722171386,-2.020017825110293,45.45454545454545,1.0132061498066316,22,29.90909090909091
