Strategy,Total Return %,Annualized Return %,Sharpe Ratio,Sortino Ratio,Calmar Ratio,Max Drawdown %,Win Rate %,Profit Factor,Num Trades,Avg Trade Duration
CRPU.SI,1.1034800440819708,0.7854202940968946,-0.89778385401499,-1.1287168510983825,0.6112081040715786,-1.2850292541358614,55.55555555555556,1.4860756110327533,18,67.88888888888889
J69U.SI,0.7663838481317362,0.5457487473058853,-1.3283572875184912,-1.8819780772266617,0.6064969126402548,-0.899837634671683,57.14285714285714,1.4979515382231068,14,74.57142857142857
BUOU.SI,1.7503794229948109,1.2447169099600197,-0.4671809537839434,-0.5399491555754321,0.4991925149869965,-2.4934606841860267,52.63157894736842,1.3384671443568317,38,27.526315789473685
M44U.SI,-0.5653750932483126,-0.40337852457315027,-1.6242325734189822,-1.486507709510771,0.20564215382080855,-1.961555629905745,40.0,0.8519986088137477,30,29.533333333333335
