Strategy,Total Return %,Annualized Return %,Sharpe Ratio,Sortino Ratio,Calmar Ratio,Max Drawdown %,Win Rate %,Profit Factor,Num Trades,Avg Trade Duration
CRPU.SI,0.9473100880456695,0.7333354992347996,-0.9247337638743358,-1.1504309864082674,0.5705918942403735,-1.2852189220302295,55.55555555555556,1.4104301503604282,18,63.22222222222222
J69U.SI,0.687804488738675,0.5326005940239353,-1.3687054028160148,-1.9756750656296578,0.577430414403775,-0.9223632505985528,57.14285714285714,1.3937176743204018,14,69.14285714285714
BUOU.SI,1.3298068587679153,1.0289959738824184,-0.5963937229506697,-0.6813838705030247,0.4113972052300206,-2.5012225673897945,52.63157894736842,1.245017968647762,38,25.263157894736842
M44U.SI,-0.002405784808070166,-0.0018643605777968197,-1.313467337796039,-1.2093790349288633,0.0009504509672865775,-1.9615536644876523,42.857142857142854,0.9675975263395019,28,30.928571428571427
