Strategy,Total Return %,Annualized Return %,Sharpe Ratio,Sortino Ratio,Calmar Ratio,Max Drawdown %,Win Rate %,Profit Factor,Num Trades,Avg Trade Duration
CRPU.SI,0.7763447527680182,0.6663788345600663,-0.9749385802954066,-1.1914567540914274,0.5185032391718143,-1.2851970522391494,55.55555555555556,1.327617842391493,18,58.333333333333336
J69U.SI,0.5977349443573076,0.51313272792608,-1.4248713615988058,-2.0005999291161265,0.5563239077370989,-0.9223632505985528,57.14285714285714,1.3353737661466116,14,62.714285714285715
BUOU.SI,0.9758761545911148,0.8375302033192034,-0.7213197181099035,-0.8240011368962442,0.33484823670857033,-2.5012232752120895,50.0,1.1991243445974484,32,27.8125
M44U.SI,-0.10351738266403117,-0.08890966274587297,-1.43527657227696,-1.3006412564696863,0.044014278813849006,-2.0200186199097216,41.66666666666667,0.9360830463811378,24,32.166666666666664
