Strategy,Total Return %,Annualized Return %,Sharpe Ratio,Sortino Ratio,Calmar Ratio,Max Drawdown %,Win Rate %,Profit Factor,Num Trades,Avg Trade Duration
CRPU.SI,0.4787987881629488,0.39167201150567266,-1.1706964040575936,-1.4441024333866228,0.30475120214302304,-1.2852189220302295,44.44444444444444,1.169005318997169,18,60.55555555555556
J69U.SI,0.2824909727331578,0.23112731983150336,-1.6648749071971656,-2.383558286345896,0.2505815140527729,-0.9223638092586013,42.857142857142854,1.1184845730725765,14,65.71428571428571
BUOU.SI,0.47532358698361354,0.3888304139296528,-0.9945615674195374,-1.116530103178401,0.15545614332731103,-2.5012225673897945,47.05882352941176,1.0663231250340195,34,26.941176470588236
M44U.SI,-0.03610826186337363,-0.029551452428977498,-1.3120200024345718,-1.2464797265219998,0.015128518651633933,-1.9533606104776053,42.857142857142854,0.9551410243276783,28,33.714285714285715
