Strategy,Total Return %,Annualized Return %,Sharpe Ratio,Sortino Ratio,Calmar Ratio,Max Drawdown %,Win Rate %,Profit Factor,Num Trades,Avg Trade Duration
CRPU.SI,1.0253949827050384,0.7342410071484284,-0.9344440454641201,-1.1762781422529085,0.5713807719048237,-1.2850292541358614,55.55555555555556,1.4482529340262267,18,67.55555555555556
J69U.SI,0.5977343762877899,0.4282692494947504,-1.43611340663818,-2.044181941499276,0.46431705710460874,-0.9223638092586013,57.14285714285714,1.3353732771436264,14,74.71428571428571
BUOU.SI,1.7065357625844262,1.2208110015176965,-0.4810581647397026,-0.5570393822010111,0.48939406059625995,-2.494535793978179,52.63157894736842,1.3266378979656133,38,27.526315789473685
M44U.SI,-0.5653735045976647,-0.40575003026716017,-1.6225152725009462,-1.487975740949773,0.20685102057617885,-1.9615568206381222,40.0,0.851998893244823,30,29.533333333333335
