Strategy,Total Return %,Annualized Return %,Sharpe Ratio,Sortino Ratio,Calmar Ratio,Max Drawdown %,Win Rate %,Profit Factor,Num Trades,Avg Trade Duration
CRPU.SI,0.6272536299128659,0.6961276561795904,-0.9061658252308338,-1.1049141387064643,0.5416505235261255,-1.2851970522391896,44.44444444444444,1.2517150873739087,18,47.666666666666664
J69U.SI,0.591175876790312,0.6560755758175718,-1.2693349925339918,-1.7689479278154512,0.7291043967692449,-0.899837634671697,57.14285714285714,1.3496925501544923,14,48.285714285714285
BUOU.SI,0.5847585998446265,0.6489515359392906,-0.8024464591085582,-0.9018270750227688,0.25734447755638556,-2.5217231863741927,50.0,1.1198220118714468,28,26.642857142857142
M44U.SI,0.15448162958362444,0.17139987317698058,-1.201771719602754,-1.0594202923573974,0.08485063437605407,-2.0200187592863985,45.45454545454545,1.013206136864576,22,29.90909090909091
