Strategy,Total Return %,Annualized Return %,Sharpe Ratio,Sortino Ratio,Calmar Ratio,Max Drawdown %,Win Rate %,Profit Factor,Num Trades,Avg Trade Duration
J69U.SI,0.0,0.0,0.0,0.0,0.0,0.0,0.0,0.0,0,0.0
M44U.SI,0.21920920784739792,0.21507987068638545,-1.2191782632626755,-1.0353734449769822,0.10647414895205914,-2.0200196273296998,50.0,1.026435667701084,24,27.5
