Strategy,Total Return %,Annualized Return %,Sharpe Ratio,Sortino Ratio,Calmar Ratio,Max Drawdown %,Win Rate %,Profit Factor,Num Trades,Avg Trade Duration
CRPU.SI,0.6272537276960429,0.6504945339255164,-0.952947614125051,-1.1588019755362862,0.5061438316241357,-1.2851969999084687,44.44444444444444,1.2517150278443057,18,50.111111111111114
J69U.SI,0.7328392609293587,0.7600069405945042,-1.1615982361942003,-1.6226692167746388,0.823977906861868,-0.9223632505985528,57.14285714285714,1.4228896284072978,14,52.142857142857146
BUOU.SI,0.8314165172495995,0.8622542494940655,-0.6854886299856014,-0.7706432111337704,0.342856953491697,-2.5149096167155522,53.333333333333336,1.1850637974658569,30,26.2
M44U.SI,0.2556380908870233,0.26509177342861623,-1.1529539729426435,-1.0013491825772485,0.13514378835222146,-1.9615535176334926,45.45454545454545,1.0431947645471742,22,30.363636363636363
