Strategy,Total Return %,Annualized Return %,Sharpe Ratio,Sortino Ratio,Calmar Ratio,Max Drawdown %,Win Rate %,Profit Factor,Num Trades,Avg Trade Duration
CRPU.SI,0.478799733005526,0.3881844995969441,-1.1771814006237213,-1.447232386392892,0.30203765354475964,-1.2852188958600095,44.44444444444444,1.1690057419345492,18,60.888888888888886
J69U.SI,0.192421428860398,0.15604681682157562,-1.7326028490544163,-2.476949160687584,0.16918141763064892,-0.9223638092586013,42.857142857142854,1.0624896763407818,14,66.14285714285714
BUOU.SI,0.4652735565134935,0.3772230224191375,-1.0050845037525378,-1.1251053132005528,0.1508153030388968,-2.501225106591789,44.44444444444444,1.0593937665002853,36,25.5
M44U.SI,-0.8448736084441043,-0.6858350254441481,-1.7786192819108457,-1.6148041877766217,0.3496386583202655,-1.9615537616436283,35.714285714285715,0.7793360391401376,28,29.428571428571427
