Strategy,Total Return %,Annualized Return %,Sharpe Ratio,Sortino Ratio,Calmar Ratio,Max Drawdown %,Win Rate %,Profit Factor,Num Trades,Avg Trade Duration
CRPU.SI,1.7798112909529884,0.45935624053683455,-0.9070561373990271,-0.970233297871167,0.20385159676075146,-2.2533855404427063,60.0,1.7515451940150493,20,65.1
J69U.SI,1.1504197543390182,0.29759942483253976,-1.3003828340031016,-1.8553934611072957,0.20870007652402195,-1.4259670134729694,46.666666666666664,1.2704593892196328,30,43.2
BUOU.SI,-0.2777787106498581,-0.07223746169349177,-1.1340337711547739,-1.50586017943851,0.021580723377956027,-3.347314194633525,45.0,0.9105428310584142,40,31.3
M44U.SI,-0.188937608190623,-0.049117795861530755,-1.1026879739867863,-1.3198977655597761,0.017956226770796405,-2.7354185536025204,44.0,0.937536545332333,50,25.12
