Strategy,Total Return %,Annualized Return %,Sharpe Ratio,Sortino Ratio,Calmar Ratio,Max Drawdown %,Win Rate %,Profit Factor,Num Trades,Avg Trade Duration
CRPU.SI,0.7017997185122112,0.7115815351224519,-0.9137762180388996,-1.106348825276198,0.5536750445254045,-1.2851970522391896,55.55555555555556,1.2915100105534996,18,50.888888888888886
J69U.SI,0.7778734640332914,0.7887197571802673,-1.137390663006334,-1.590553366276222,0.8551070079540984,-0.9223638092586013,57.14285714285714,1.4520610507610798,14,53.142857142857146
BUOU.SI,0.8825789248992442,0.8948916518474181,-0.6682885474551928,-0.7509338370568858,0.35583448710257964,-2.514909836688875,53.333333333333336,1.199138345638585,30,26.666666666666668
M44U.SI,0.15448191805317038,0.15662917968164436,-1.2441391394729926,-1.0679792564278348,0.07753851909869632,-2.020017682853551,45.45454545454545,1.0132062195882703,22,29.90909090909091
