Strategy,Total Return %,Annualized Return %,Sharpe Ratio,Sortino Ratio,Calmar Ratio,Max Drawdown %,Win Rate %,Profit Factor,Num Trades,Avg Trade Duration
CRPU.SI,0.9473100880456695,0.6627251475767926,-0.9917495554538936,-1.2515703229368675,0.5157273004797598,-1.2850301835103295,55.55555555555556,1.4104301503604282,18,68.66666666666667
J69U.SI,0.6813202587531668,0.4768310554450039,-1.397389394022244,-1.9791971890423172,0.5299078823469906,-0.899837634671697,57.14285714285714,1.4113562126894201,14,75.42857142857143
BUOU.SI,1.7503801919184117,1.2230846630354897,-0.48300431559948176,-0.5554140145542862,0.4905172150314625,-2.493459200931489,52.63157894736842,1.3384674201255156,38,27.526315789473685
M44U.SI,-0.5653720745208921,-0.39642208520281885,-1.627772376132739,-1.4822069219243243,0.20209575454223536,-1.961555729365764,40.0,0.8519992462826553,30,29.533333333333335
