Strategy,Total Return %,Annualized Return %,Sharpe Ratio,Sortino Ratio,Calmar Ratio,Max Drawdown %,Win Rate %,Profit Factor,Num Trades,Avg Trade Duration
CRPU.SI,0.7763459050395977,0.6841459978700559,-0.9540904281284804,-1.175582092791358,0.5323277271257095,-1.2851969999084687,55.55555555555556,1.3276182569029147,18,57.111111111111114
J69U.SI,0.7663838481317362,0.6753710091665477,-1.2690486995823391,-1.7521192544632715,0.7505476356442519,-0.899837634671683,57.14285714285714,1.4979515382231068,14,60.57142857142857
BUOU.SI,0.9758756092911972,0.8598783469052185,-0.7016733466451832,-0.808159605857682,0.3437832195007593,-2.5012225673897945,50.0,1.1991242469977526,32,27.8125
M44U.SI,0.8690221895480863,0.7657741552990815,-0.816769506151882,-0.7758020807336853,0.3920289069142591,-1.9533614531812178,50.0,1.2290375620752247,24,36.666666666666664
