Strategy,Total Return %,Annualized Return %,Sharpe Ratio,Sortino Ratio,Calmar Ratio,Max Drawdown %,Win Rate %,Profit Factor,Num Trades,Avg Trade Duration
CRPU.SI,0.8508908405874536,1.0058707663034516,-0.6874270027968984,-0.817057708320999,0.7826587872660941,-1.2851970522391494,55.55555555555556,1.3637261815520916,18,45.44444444444444
BUOU.SI,0.1628358813413615,0.1923749600468705,-1.0678792905142345,-1.1905177855426137,0.07962210447930433,-2.4160999172895927,42.857142857142854,1.003779682553615,28,25.285714285714285
M44U.SI,0.49049435845747213,0.5796437106312613,-0.9087828109984006,-0.8011369348411612,0.2955023979807747,-1.961553322721167,45.45454545454545,1.1177807158530924,22,29.363636363636363
