Strategy,Total Return %,Annualized Return %,Sharpe Ratio,Sortino Ratio,Calmar Ratio,Max Drawdown %,Win Rate %,Profit Factor,Num Trades,Avg Trade Duration
J69U.SI,0.5977349443573076,0.5607534968938399,-1.3550862690063556,-1.9094270529484496,0.607952990895884,-0.9223632505985528,57.14285714285714,1.3353737661466116,14,57.57142857142857
M44U.SI,0.29394954807314205,0.2757888588940993,-1.183272828657044,-1.0221772212905442,0.1365278742386561,-2.020018698980177,50.0,1.0485800111253496,24,28.916666666666668
