Strategy,Total Return %,Annualized Return %,Sharpe Ratio,Sortino Ratio,Calmar Ratio,Max Drawdown %,Win Rate %,Profit Factor,Num Trades,Avg Trade Duration
J69U.SI,0.6813202587531668,0.5989881584659296,-1.345417465412936,-1.854968182722724,0.6656624877492133,-0.899837634671697,57.14285714285714,1.4113562126894201,14,60.42857142857143
BUOU.SI,0.9758730984834982,0.857795283737528,-0.7029556914583914,-0.8096364973926524,0.3429500533466075,-2.501225106591789,50.0,1.19912351608271,32,27.8125
M44U.SI,0.05030178232753315,0.04423998626423842,-1.3371864908881201,-1.200035588610876,0.021900781422606787,-2.020018619909712,41.66666666666667,0.9772294290970772,24,31.25
