Strategy,Total Return %,Annualized Return %,Sharpe Ratio,Sortino Ratio,Calmar Ratio,Max Drawdown %,Win Rate %,Profit Factor,Num Trades,Avg Trade Duration
AAPL,0.6995059965851942,0.505094776213455,-1.3518259273415518,-0.7920194535202475,0.6928248561797614,-0.7290367424150301,42.857142857142854,1.408550457848101,14,8.714285714285714
MSFT,-1.3779175027997919,-0.9978340116675422,-1.6561595557254127,-1.2645894160327713,0.407007523907277,-2.4516352967835187,33.33333333333333,0.3510565042145892,12,32.166666666666664
GOOGL,2.645714904714605,1.9053143643192216,-0.051023444568316874,-0.06650939123372525,1.1903371790899862,-1.6006509733450789,66.66666666666666,2.7156859886315514,18,15.444444444444445
NVDA,3.3678187555806467,2.4229625760905815,0.17203977908400842,0.18391124980986095,0.9063588555186349,-2.673292770669867,61.53846153846154,2.049406655410679,26,13.76923076923077
AMZN,0.5190767584863898,0.37490494305325583,-0.7602386754503982,-0.883767058233042,0.24147078277709796,-1.5525892563131793,41.66666666666667,1.1047837692096898,24,12.833333333333334
META,-1.4836273059828273,-1.0745439843862448,-1.2342708505604907,-1.0561081853099532,0.3648853843173307,-2.9448808600449277,33.33333333333333,0.7084007670397722,30,9.533333333333333
