Strategy,Total Return %,Annualized Return %,Sharpe Ratio,Sortino Ratio,Calmar Ratio,Max Drawdown %,Win Rate %,Profit Factor,Num Trades,Avg Trade Duration
CRPU.SI,0.7763458071115564,0.709956770954423,-0.9334159408447892,-1.1340236993474486,0.5524108304772956,-1.2851970522391896,55.55555555555556,1.327618349714097,18,55.44444444444444
J69U.SI,0.46263062778525643,0.4231251893360266,-1.4931234486448683,-2.1069785765646216,0.4587402946306092,-0.9223632505985528,57.14285714285714,1.2478579038859254,14,59.0
BUOU.SI,1.0343473187775634,0.9457920058582481,-0.6448441159223733,-0.7392506915851591,0.3781317786506086,-2.5012232752120895,50.0,1.213542842706313,32,27.125
M44U.SI,0.9400947209265905,0.8596431041961505,-0.7541948208098044,-0.7105087214039838,0.4400831441370187,-1.9533652121166063,50.0,1.2570989524503828,24,35.333333333333336
