Strategy,Total Return %,Annualized Return %,Sharpe Ratio,Sortino Ratio,Calmar Ratio,Max Drawdown %,Win Rate %,Profit Factor,Num Trades,Avg Trade Duration
CRPU.SI,0.7017997185122112,0.5858334194154491,-1.0353708836094648,-1.2834007745647809,0.45583159282442776,-1.2851970522391896,55.55555555555556,1.2915100105534996,18,59.44444444444444
J69U.SI,0.32752574466952866,0.2734889752221026,-1.6346021374461246,-2.3173028387264942,0.29650878804745584,-0.9223638092586013,42.857142857142854,1.148755186264088,14,64.14285714285714
BUOU.SI,0.8589258890701057,0.716903554433479,-0.8029764309584694,-0.9152666652659747,0.2866211751418672,-2.5012232752120895,47.05882352941176,1.160340286257694,34,26.352941176470587
M44U.SI,-0.5797385127285088,-0.48445273475034023,-1.6533085831626875,-1.4862112250027482,0.24697371904488538,-1.9615558150229542,38.46153846153847,0.8300228068580419,26,30.76923076923077
