Strategy,Total Return %,Annualized Return %,Sharpe Ratio,Sortino Ratio,Calmar Ratio,Max Drawdown %,Win Rate %,Profit Factor,Num Trades,Avg Trade Duration
CRPU.SI,0.5527076390242656,0.5797858488578278,-0.999799334143089,-1.2195185609846981,0.4511260521920919,-1.2851969999084687,44.44444444444444,1.2087008458290138,18,49.77777777777778
J69U.SI,0.7263924497345761,0.762012003023349,-1.1638202775205941,-1.6029769451552762,0.8468327770057837,-0.899837634671697,57.14285714285714,1.442188043956884,14,51.0
BUOU.SI,0.8314165172495995,0.8722083156179394,-0.6772365691364863,-0.7614504788812466,0.34663908784484043,-2.5161856991971714,53.333333333333336,1.1850637974658569,30,26.0
M44U.SI,0.15448165813151718,0.16203428666421438,-1.2291920090912,-1.0648472628401708,0.08021432089148177,-2.020016935422579,45.45454545454545,1.013206149355377,22,29.90909090909091
