Strategy,Total Return %,Annualized Return %,Sharpe Ratio,Sortino Ratio,Calmar Ratio,Max Drawdown %,Win Rate %,Profit Factor,Num Trades,Avg Trade Duration
J69U.SI,0.5526996043514192,0.518511637739727,-1.395576746571966,-1.9654690858823654,0.5621552282678005,-0.9223638092586013,57.14285714285714,1.3062013337392624,14,57.57142857142857
M44U.SI,0.21920652680702918,0.2056683188970343,-1.230381060598002,-1.069402345016002,0.10181506030332121,-2.0200186326494314,50.0,1.026434868221605,24,28.916666666666668
