Strategy,Total Return %,Annualized Return %,Sharpe Ratio,Sortino Ratio,Calmar Ratio,Max Drawdown %,Win Rate %,Profit Factor,Num Trades,Avg Trade Duration
CRPU.SI,1.0253949827050384,0.7214380180280644,-0.9480833062707452,-1.192405038330492,0.5614175830675597,-1.2850292541358614,55.55555555555556,1.4482529340262267,18,68.55555555555556
J69U.SI,0.7212735765775141,0.507693619972982,-1.365693787943854,-1.9377170208139862,0.5642058082603095,-0.899837634671683,57.14285714285714,1.4652279857576913,14,75.42857142857143
BUOU.SI,1.8606277172358021,1.3074861278316918,-0.42922970842349506,-0.4948307642393907,0.5478821253640925,-2.386436912799095,52.63157894736842,1.3707134317026883,38,27.57894736842105
M44U.SI,-0.56536812377175,-0.39871059444063217,-1.6276799713092474,-1.4836207821702307,0.20326272626444436,-1.961552921030443,40.0,0.8519999454609615,30,29.533333333333335
