Strategy,Total Return %,Annualized Return %,Sharpe Ratio,Sortino Ratio,Calmar Ratio,Max Drawdown %,Win Rate %,Profit Factor,Num Trades,Avg Trade Duration
CRPU.SI,1.0253940424062784,0.7200423122400545,-0.9484890926051371,-1.1979262126150583,0.5603310501805439,-1.2850301835103555,55.55555555555556,1.4482522787482934,18,68.66666666666667
J69U.SI,0.6362480677717395,0.4470364758344392,-1.4240755083119472,-2.022727498238077,0.49679682045921436,-0.899837634671697,57.14285714285714,1.380524381421956,14,75.42857142857143
BUOU.SI,1.8606278764085253,1.304950631750068,-0.4312363743917371,-0.4966423183275948,0.5468191315170408,-2.3864392383816977,52.63157894736842,1.3707132714215235,38,27.57894736842105
M44U.SI,-0.5653673266237091,-0.397943334969153,-1.6288059737831413,-1.4831466318466067,0.20287156223267933,-1.9615530663323832,40.0,0.8520000499566633,30,29.533333333333335
