Strategy,Total Return %,Annualized Return %,Sharpe Ratio,Sortino Ratio,Calmar Ratio,Max Drawdown %,Win Rate %,Profit Factor,Num Trades,Avg Trade Duration
CRPU.SI,0.7763459050395977,0.7171720162521877,-0.9253151648162579,-1.12303697894172,0.5580249691706909,-1.2851969999084687,55.55555555555556,1.3276182569029147,18,54.77777777777778
J69U.SI,0.4626300604786593,0.42741862144388687,-1.4834769372320338,-2.094582583581211,0.4633948309262559,-0.9223638092586013,57.14285714285714,1.2478574469305355,14,58.142857142857146
BUOU.SI,1.131881136919019,1.0454677312523586,-0.581698730958269,-0.6667764341673255,0.41798286578079025,-2.5012215017460804,50.0,1.243445959336946,32,26.75
M44U.SI,0.4734660236594391,0.43742804960438253,-1.055832044872848,-0.9320023727638712,0.22300082341475733,-1.9615535176334926,50.0,1.101770792752995,24,30.333333333333332
