Strategy,Total Return %,Annualized Return %,Sharpe Ratio,Sortino Ratio,Calmar Ratio,Max Drawdown %,Win Rate %,Profit Factor,Num Trades,Avg Trade Duration
CRPU.SI,0.6272526749122881,0.6579949235825833,-0.9456340814646852,-1.1473369609454516,0.5119798160355696,-1.2851969999084287,44.44444444444444,1.2517145278447988,18,49.77777777777778
J69U.SI,0.7663838481317362,0.8039722439502128,-1.1208227765180168,-1.5525981892162084,0.8934636794154005,-0.899837634671683,57.14285714285714,1.4979515382231068,14,51.142857142857146
BUOU.SI,0.7290889004873861,0.7648411789131337,-0.7416727858458239,-0.8366274014482484,0.30384433481429496,-2.517213886448115,46.666666666666664,1.153475163771347,30,26.0
M44U.SI,0.25563796957238083,0.2681427596241237,-1.1463983073756612,-0.9995881702900855,0.1366991884506276,-1.9615534127400494,45.45454545454545,1.0431947259674827,22,30.363636363636363
