Strategy,Total Return %,Annualized Return %,Sharpe Ratio,Sortino Ratio,Calmar Ratio,Max Drawdown %,Win Rate %,Profit Factor,Num Trades,Avg Trade Duration
CRPU.SI,0.4788008341606474,0.39522523802542064,-1.1697249882840206,-1.4449337017789654,0.3075158942173521,-1.2852188958599833,44.44444444444444,1.1690062313923961,18,60.111111111111114
J69U.SI,0.5461036858089029,0.45075391720845737,-1.4735782221470648,-2.069273573743856,0.5009280561741714,-0.899837634671697,57.14285714285714,1.3188607188870276,14,64.42857142857143
BUOU.SI,0.8589253444017231,0.7087646650455914,-0.8080922146558591,-0.9252364995947251,0.28336729177413356,-2.5012225673897945,47.05882352941176,1.1603401854010773,34,26.764705882352942
M44U.SI,0.14551432510237647,0.12014932242854215,-1.2234586750371408,-1.1608686054150468,0.06150900334714085,-1.953361555062932,46.15384615384615,1.0014219788491272,26,36.0
