Strategy,Total Return %,Annualized Return %,Sharpe Ratio,Sortino Ratio,Calmar Ratio,Max Drawdown %,Win Rate %,Profit Factor,Num Trades,Avg Trade Duration
CRPU.SI,0.7017997185122112,0.7580726188950448,-0.8694045013566607,-1.052421373252596,0.5898493289992071,-1.2851970522391896,55.55555555555556,1.2915100105534996,18,48.55555555555556
J69U.SI,0.7212735765775141,0.7791139949326453,-1.143547670559816,-1.5718145692405392,0.8658384189686785,-0.899837634671683,57.14285714285714,1.4652279857576913,14,49.57142857142857
BUOU.SI,0.7290914051586697,0.787561198910991,-0.7239710072088454,-0.8125049929264005,0.3128705123830662,-2.5172113310145776,46.666666666666664,1.1534759395195322,30,25.266666666666666
M44U.SI,0.25563702012892464,0.2760858932371324,-1.130553587521544,-0.9950034849712383,0.14074866057320035,-1.9615525441788917,45.45454545454545,1.0431944451125532,22,30.363636363636363
