Strategy,Total Return %,Annualized Return %,Sharpe Ratio,Sortino Ratio,Calmar Ratio,Max Drawdown %,Win Rate %,Profit Factor,Num Trades,Avg Trade Duration
J69U.SI,0.6362480677717395,0.6015296413605764,-1.323734740037068,-1.838119637939403,0.6684868671669224,-0.899837634671697,57.14285714285714,1.380524381421956,14,56.42857142857143
M44U.SI,0.2939476098543855,0.27793343908049106,-1.1803487386664027,-1.0209069006062632,0.13758953778400215,-2.0200186987822484,50.0,1.048579438563955,24,28.666666666666668
