Strategy,Total Return %,Annualized Return %,Sharpe Ratio,Sortino Ratio,Calmar Ratio,Max Drawdown %,Win Rate %,Profit Factor,Num Trades,Avg Trade Duration
AAPL,0.3412131156169926,0.23353830151282562,-1.3637523799691338,-0.944340523692308,0.28621896051741375,-0.8159428050840714,50.0,1.118770929001659,16,11.0
MSFT,-0.6009553851862074,-0.411926846644739,-1.2502237487051449,-1.0288948955416748,0.1680212579681711,-2.4516352967835284,33.33333333333333,0.7039871801509212,12,33.166666666666664
GOOGL,1.301031698916686,0.8891339443030555,-0.586126814783395,-0.6851614891036089,0.5554827124147662,-1.6006509733450704,44.44444444444444,1.5509843324485268,18,14.88888888888889
NVDA,2.4815995129195656,1.6928317633491563,-0.1285790428543044,-0.13371099778342177,0.7212366502688738,-2.3471238777425913,53.84615384615385,1.73250253139313,26,13.153846153846153
AMZN,0.7430971340992255,0.5082811325087366,-0.6945495072962881,-0.7737885723980298,0.32709621753603685,-1.5539193217749094,46.15384615384615,1.155786854931263,26,10.692307692307692
META,-1.376029847161535,-0.9443652908227684,-1.126864839390622,-0.8979026434966236,0.3958824069592311,-2.3854692055563396,38.46153846153847,0.7272741611308325,26,10.0
