Strategy,Total Return %,Annualized Return %,Sharpe Ratio,Sortino Ratio,Calmar Ratio,Max Drawdown %,Win Rate %,Profit Factor,Num Trades,Avg Trade Duration
CRPU.SI,0.7017997185122112,0.6998755385569932,-0.9268416224609024,-1.1164006181539983,0.544566716316074,-1.2851970522391896,55.55555555555556,1.2915100105534996,18,51.666666666666664
J69U.SI,0.9919352059028642,0.9892116396318595,-0.9561394556542242,-1.3168003965728328,1.0993223682990163,-0.899837634671683,57.14285714285714,1.661569300550188,14,53.57142857142857
BUOU.SI,1.0360667414314957,1.0332213840315907,-0.585734861775191,-0.6590280055377904,0.4114634460334756,-2.511089123449208,53.333333333333336,1.2413621974137579,30,27.133333333333333
M44U.SI,0.2456124839155382,0.24494059036195281,-1.178475321969585,-1.0141060309726682,0.12487065554890951,-1.9615544523670265,41.66666666666667,1.0339683355765845,24,28.0
