Strategy,Total Return %,Annualized Return %,Sharpe Ratio,Sortino Ratio,Calmar Ratio,Max Drawdown %,Win Rate %,Profit Factor,Num Trades,Avg Trade Duration
CRPU.SI,0.6349698574858484,0.4991538891953029,-1.0992142942537295,-1.35797587259427,0.38838044694424756,-1.2852188958600095,44.44444444444444,1.256552880837813,18,62.44444444444444
J69U.SI,0.4626300604786593,0.3637430791188834,-1.5228050759654688,-2.203021658567807,0.39435966097939285,-0.9223638092586013,57.14285714285714,1.2478574469305355,14,68.14285714285714
BUOU.SI,0.8581941093755813,0.6744721102018625,-0.8148776277786061,-0.9301646062461227,0.2696567008000769,-2.501225106591789,50.0,1.144910069960332,36,26.27777777777778
M44U.SI,-0.5855530101310796,-0.4609066282831087,-1.634874487327641,-1.4866980101762166,0.23496983439807878,-1.9615565949723344,42.857142857142854,0.832561908324017,28,30.5
