Strategy,Total Return %,Annualized Return %,Sharpe Ratio,Sortino Ratio,Calmar Ratio,Max Drawdown %,Win Rate %,Profit Factor,Num Trades,Avg Trade Duration
CRPU.SI,1.0798579650468674,0.7259344623077091,-0.9480597243218355,-1.201504140924311,0.5653525739969132,-1.2840384844726516,55.55555555555556,1.4751060142635501,18,70.33333333333333
J69U.SI,0.6878039201605498,0.46267036682801077,-1.3965247313169469,-2.0092688080216714,0.5016137473996368,-0.9223638092586013,57.14285714285714,1.3937171639523536,14,79.14285714285714
BUOU.SI,0.8203402993234158,0.5517058723792045,-0.9065489722273581,-1.0421481907100147,0.2098106341742488,-2.6295419893779552,50.0,1.154360454836795,32,33.0625
M44U.SI,1.154306143556605,0.7758886752439409,-0.8330924776037479,-0.7426378492052671,0.4353148971627166,-1.782361872522642,52.94117647058824,1.21580255259576,34,27.823529411764707
