Strategy,Total Return %,Annualized Return %,Sharpe Ratio,Sortino Ratio,Calmar Ratio,Max Drawdown %,Win Rate %,Profit Factor,Num Trades,Avg Trade Duration
CRPU.SI,0.8692269778141417,0.6630607476543426,-0.9770253862602056,-1.2155654702297056,0.5159126756613008,-1.2852189506769267,55.55555555555556,1.3726086017241388,18,64.0
J69U.SI,0.8229082359696622,0.6277622081216405,-1.2719642154193798,-1.8587463205795074,0.680601517340796,-0.9223638092586013,57.14285714285714,1.4812329941654445,14,70.14285714285714
BUOU.SI,1.4356999429595454,1.094448566135564,-0.5589139826489303,-0.6354539572728577,0.43757005302256363,-2.50119622806803,52.63157894736842,1.2679601401314284,38,25.63157894736842
M44U.SI,0.7014485272320052,0.535182103971632,-0.943380206508422,-0.9151673787572018,0.27398007462553353,-1.953361406675651,53.333333333333336,1.1312449725965674,30,33.266666666666666
