Strategy,Total Return %,Annualized Return %,Sharpe Ratio,Sortino Ratio,Calmar Ratio,Max Drawdown %,Win Rate %,Profit Factor,Num Trades,Avg Trade Duration
CRPU.SI,1.0253951495515685,0.7659582747159943,-0.904567607916172,-1.1261789107931117,0.5959749437131134,-1.2852189220302295,55.55555555555556,1.4482528101661913,18,65.22222222222223
J69U.SI,0.6427691482241606,0.48037131416331924,-1.385792864115781,-1.9438238132861738,0.5208045993797644,-0.9223638092586013,57.14285714285714,1.3645452205479904,14,71.71428571428571
BUOU.SI,1.4886478747749607,1.111359394045186,-0.5469586296077392,-0.6268089501538254,0.44456330586449394,-2.4998900705132336,52.63157894736842,1.2794316063669735,38,26.210526315789473
M44U.SI,0.4599324187395541,0.3438078153758184,-1.0695562079357275,-1.0516343569559663,0.17600820604429776,-1.9533624204390154,46.666666666666664,1.069497700457235,30,34.0
