Strategy,Total Return %,Annualized Return %,Sharpe Ratio,Sortino Ratio,Calmar Ratio,Max Drawdown %,Win Rate %,Profit Factor,Num Trades,Avg Trade Duration
CRPU.SI,0.953723697173682,0.7244020836364884,-0.9320899581760957,-1.1597119320243254,0.5662830141459949,-1.279222695261222,55.55555555555556,1.4134834727224914,18,64.55555555555556
J69U.SI,1.037045477457086,0.7876111822491261,-1.1280167246127357,-1.6276647203320094,0.8752814417864351,-0.899837634671683,57.14285714285714,1.6942928530156025,14,70.0
BUOU.SI,1.4356999429595454,1.0898636037598664,-0.5623444237620282,-0.6386713697539476,0.435736945198297,-2.50119622806803,52.63157894736842,1.2679601401314284,38,25.789473684210527
M44U.SI,0.6209390467870435,0.4718220806314566,-0.9845091271563883,-0.9586722402090636,0.24154342706841142,-1.9533633614373793,46.666666666666664,1.1109223563448793,30,33.46666666666667
