Strategy,Total Return %,Annualized Return %,Sharpe Ratio,Sortino Ratio,Calmar Ratio,Max Drawdown %,Win Rate %,Profit Factor,Num Trades,Avg Trade Duration
CRPU.SI,1.0073921670815797,0.6698584092598825,-0.9891356349053003,-1.2475225724618604,0.5233096365119956,-1.2800421825301656,55.55555555555556,1.4263635193850037,18,70.22222222222223
J69U.SI,0.6761633050232922,0.44985730871747176,-1.395683554997337,-2.006998311975691,0.49993164475901014,-0.899837634671683,57.14285714285714,1.4325044332922752,14,79.57142857142857
BUOU.SI,0.40829768580824755,0.27176503804031693,-1.1051722790950547,-1.2202213740047185,0.12502634009213023,-2.1736622686072145,47.05882352941176,1.050964938141352,34,28.705882352941178
M44U.SI,-0.171607159612322,-0.11433316510419678,-1.3985817547782076,-1.3827033828477453,0.05860599079272097,-1.9508784606777314,47.05882352941176,0.9282635477558491,34,30.470588235294116
