Strategy,Total Return %,Annualized Return %,Sharpe Ratio,Sortino Ratio,Calmar Ratio,Max Drawdown %,Win Rate %,Profit Factor,Num Trades,Avg Trade Duration
CRPU.SI,1.0318741709387906,0.7135472558900346,-0.9561652009599314,-1.2081404694993676,0.5578794533796362,-1.2790348373064508,55.55555555555556,1.4513306973933795,18,69.66666666666667
J69U.SI,0.5977343762877899,0.41361124855212594,-1.4461019729860738,-2.077461032116555,0.44842527904969287,-0.9223638092586013,57.14285714285714,1.3353732771436264,14,77.14285714285714
BUOU.SI,1.7503803541424712,1.209075869120313,-0.4945727045154563,-0.5637869002096366,0.4848986868008375,-2.4934608033222347,52.63157894736842,1.3384672807336409,38,27.31578947368421
M44U.SI,-0.5753107185577028,-0.3988132113723397,-1.637588627364679,-1.4840579206036446,0.20331512659247006,-1.9615520893914151,37.5,0.8467708587860171,32,27.6875
