Strategy,Total Return %,Annualized Return %,Sharpe Ratio,Sortino Ratio,Calmar Ratio,Max Drawdown %,Win Rate %,Profit Factor,Num Trades,Avg Trade Duration
CRPU.SI,0.7763459050395977,0.6994022860129068,-0.942301825498243,-1.1526636671782993,0.5441985050250802,-1.2851969999084687,55.55555555555556,1.3276182569029147,18,56.111111111111114
J69U.SI,0.5526996043514192,0.497976309793291,-1.4260591772169053,-2.006964462156879,0.5398914233132865,-0.9223638092586013,57.14285714285714,1.3062013337392624,14,59.857142857142854
BUOU.SI,1.1318774604253303,1.0195192641864415,-0.6007611863944164,-0.690188041663627,0.4076079603949184,-2.501225106591789,50.0,1.2434448155878346,32,27.5
M44U.SI,0.30532767060118204,0.2751304074427585,-1.168679519745349,-1.0504009198320878,0.14026139797152357,-1.9615547215536564,50.0,1.0519614953486995,24,30.916666666666668
