Strategy,Total Return %,Annualized Return %,Sharpe Ratio,Sortino Ratio,Calmar Ratio,Max Drawdown %,Win Rate %,Profit Factor,Num Trades,Avg Trade Duration
CRPU.SI,0.8508909385878723,0.7900288471804018,-0.8735679888972829,-1.0548588803928551,0.6147142011977089,-1.2851969999084287,55.55555555555556,1.363726073323289,18,54.77777777777778
J69U.SI,0.5076648324150301,0.4714102132218789,-1.44122852618689,-2.0359888763233505,0.5110892345188607,-0.9223638092586013,57.14285714285714,1.2770293903348993,14,58.142857142857146
BUOU.SI,1.1318774604253303,1.0508126227985581,-0.5784416260377356,-0.6630428778929057,0.4201191728122436,-2.501225106591789,50.0,1.2434448155878346,32,26.75
M44U.SI,0.4734648912972625,0.4396579816980939,-1.0543250725026239,-0.9306722194901904,0.22413764545375175,-1.9615534945414257,50.0,1.1017704504572885,24,30.333333333333332
