Strategy,Total Return %,Annualized Return %,Sharpe Ratio,Sortino Ratio,Calmar Ratio,Max Drawdown %,Win Rate %,Profit Factor,Num Trades,Avg Trade Duration
CRPU.SI,1.1034821668633958,0.7572120682266092,-0.9230147557023539,-1.1712860018715046,0.5897113369307263,-1.2840385130929903,55.55555555555556,1.486076633683585,18,70.0
J69U.SI,0.6427691482241606,0.441385470744482,-1.4244742496097325,-2.0410888876338618,0.478537282484304,-0.9223638092586013,57.14285714285714,1.3645452205479904,14,77.85714285714286
BUOU.SI,1.750379014746977,1.1999126117949288,-0.5014088084488308,-0.5719796595000478,0.4812238599486272,-2.4934603448861092,52.63157894736842,1.3384670837233648,38,27.526315789473685
M44U.SI,-0.5075400969984003,-0.3491514667141815,-1.6143669768817654,-1.4328568263711952,0.1779975498512974,-1.9615520944297797,43.75,0.8602281279345217,32,27.5
