Strategy,Total Return %,Annualized Return %,Sharpe Ratio,Sortino Ratio,Calmar Ratio,Max Drawdown %,Win Rate %,Profit Factor,Num Trades,Avg Trade Duration
CRPU.SI,0.6272526749122881,0.6542226801101947,-0.9490708340953378,-1.155600622240833,0.5090446679822693,-1.2851969999084287,44.44444444444444,1.2517145278447988,18,50.0
J69U.SI,0.7328392609293587,0.7643663932109135,-1.1546613501785095,-1.6169643868088757,0.8287043013854792,-0.9223632505985528,57.14285714285714,1.4228896284072978,14,52.0
BUOU.SI,0.8825796180911857,0.9205780415757259,-0.6497157062234703,-0.7287930350971386,0.3660480579271073,-2.514910328411152,53.333333333333336,1.1991385076521792,30,26.133333333333333
M44U.SI,0.25563796957238083,0.26660847455477477,-1.1504372456999319,-1.0004737243469783,0.1359170098673762,-1.9615534127400494,45.45454545454545,1.0431947259674827,22,30.363636363636363
