Strategy,Total Return %,Annualized Return %,Sharpe Ratio,Sortino Ratio,Calmar Ratio,Max Drawdown %,Win Rate %,Profit Factor,Num Trades,Avg Trade Duration
CRPU.SI,0.9473111943354342,0.7062472842605638,-0.9484831953945794,-1.1850269787516654,0.5495151620899793,-1.2852189220302548,55.55555555555556,1.41043068177842,18,65.33333333333333
J69U.SI,0.6427697165479912,0.4793870323776428,-1.3881555284984834,-1.9450827524471777,0.5197377845079498,-0.9223632505985528,57.14285714285714,1.3645457202335074,14,71.85714285714286
BUOU.SI,1.4357006399521377,1.0696983823860418,-0.5730292812367919,-0.6579426647364998,0.42789786500814553,-2.4998918430352037,52.63157894736842,1.267960260322002,38,26.263157894736842
M44U.SI,-0.33240027689033014,-0.24821534741756857,-1.4786600466707434,-1.3928794263588935,0.12654021807651683,-1.9615530239364434,40.0,0.896257710351889,30,29.933333333333334
