Strategy,Total Return %,Annualized Return %,Sharpe Ratio,Sortino Ratio,Calmar Ratio,Max Drawdown %,Win Rate %,Profit Factor,Num Trades,Avg Trade Duration
CRPU.SI,0.7763448506960049,0.7046390956176873,-0.9367601191467874,-1.1433687343910495,0.5482732185555159,-1.2851969999084287,55.55555555555556,1.3276177495804877,18,55.55555555555556
J69U.SI,0.5911763929855988,0.5366189171721825,-1.3933979234612228,-1.937545782091098,0.5963508265221213,-0.8998376346717059,57.14285714285714,1.3496930244595813,14,58.42857142857143
BUOU.SI,1.1318799751121333,1.027168840389825,-0.5951880098218907,-0.6821859450266842,0.41066670906529895,-2.5012225673897945,50.0,1.2434456021986553,32,27.1875
M44U.SI,1.0209923042092122,0.9265864164745174,-0.7110546242144989,-0.6659425092139721,0.47435460924108347,-1.9533623125470552,50.0,1.2897116202652348,24,35.5
