Strategy,Total Return %,Annualized Return %,Sharpe Ratio,Sortino Ratio,Calmar Ratio,Max Drawdown %,Win Rate %,Profit Factor,Num Trades,Avg Trade Duration
CRPU.SI,0.7017998163678203,0.6276040314485476,-0.9957921041008059,-1.2212067155475976,0.4883329415593448,-1.2851969999084687,55.55555555555556,1.291509933160114,18,56.333333333333336
J69U.SI,0.6362480677717395,0.5690021199042716,-1.370036631064228,-1.8946703078645546,0.6323386553084883,-0.899837634671697,57.14285714285714,1.380524381421956,14,59.42857142857143
BUOU.SI,1.034346624542777,0.9248321516870384,-0.6596194409527439,-0.7597224501172217,0.3697520096179391,-2.5012227861659437,50.0,1.2135426992585885,32,27.625
M44U.SI,0.22833662507940972,0.20424717744222942,-1.2166298051141138,-1.0928017336159357,0.104125192272438,-1.9615539043407249,41.66666666666667,1.028749998826229,24,31.083333333333332
