Strategy,Total Return %,Annualized Return %,Sharpe Ratio,Sortino Ratio,Calmar Ratio,Max Drawdown %,Win Rate %,Profit Factor,Num Trades,Avg Trade Duration
J69U.SI,0.9968255956231041,0.9886592615940382,-0.9593854638734666,-1.3188871282474757,1.0987085041789206,-0.899837634671697,57.14285714285714,1.627179031561669,14,53.857142857142854
M44U.SI,0.2556347187940446,0.2535481004032336,-1.1757173619309946,-1.008011016518404,0.1292587579950031,-1.9615545154242877,45.45454545454545,1.043193750900631,22,30.363636363636363
