Strategy,Total Return %,Annualized Return %,Sharpe Ratio,Sortino Ratio,Calmar Ratio,Max Drawdown %,Win Rate %,Profit Factor,Num Trades,Avg Trade Duration
CRPU.SI,0.5629703967210299,0.4553750453926364,-1.1266980803451547,-1.3868065946011032,0.35597792869024036,-1.279222695261222,44.44444444444444,1.2065300702367305,18,61.111111111111114
BUOU.SI,0.4652765971674671,0.376387494301178,-1.0056018452343505,-1.1256846141308314,0.1504813656706687,-2.5012232752120895,44.44444444444444,1.0593944425326647,36,25.5
M44U.SI,-0.8400496757730435,-0.6804091689891711,-1.7743427070105353,-1.611921701817678,0.3468725430881008,-1.96155384030023,35.714285714285715,0.7804152691589584,28,29.5
