Strategy,Total Return %,Annualized Return %,Sharpe Ratio,Sortino Ratio,Calmar Ratio,Max Drawdown %,Win Rate %,Profit Factor,Num Trades,Avg Trade Duration
CRPU.SI,0.701798664948601,0.8110620790223511,-0.8213653034853546,-0.9893780141883729,0.6310799403167544,-1.2851970522391494,55.55555555555556,1.2915095032308956,18,46.22222222222222
J69U.SI,0.5666061946607805,0.6547530647073696,-1.2613513559829854,-1.7710013496519257,0.7098642185816701,-0.9223638092586013,50.0,1.351432647851857,12,55.166666666666664
BUOU.SI,0.37273229437885674,0.4306536770157132,-0.9299418619541737,-1.0407403639349238,0.17824332261011178,-2.4160999172895927,50.0,1.063331254544014,28,25.785714285714285
M44U.SI,0.23908772183192922,0.2762126080906535,-1.120076573823584,-0.9928015931697114,0.13673758815768716,-2.0200195996738097,45.45454545454545,1.0362342211309175,22,29.545454545454547
