Strategy,Total Return %,Annualized Return %,Sharpe Ratio,Sortino Ratio,Calmar Ratio,Max Drawdown %,Win Rate %,Profit Factor,Num Trades,Avg Trade Duration
CRPU.SI,0.7763458071115564,0.6663797390670467,-0.9749378985396576,-1.1914559405677716,0.5185039429603562,-1.2851970522391896,55.55555555555556,1.327618349714097,18,58.333333333333336
J69U.SI,0.6761633050232922,0.5804285007179333,-1.3621762555231507,-1.898461146259262,0.645036924833345,-0.899837634671683,57.14285714285714,1.4325044332922752,14,62.142857142857146
BUOU.SI,0.9758761545911148,0.8375302033192034,-0.7213197181099035,-0.8240011368962442,0.33484823670857033,-2.5012232752120895,50.0,1.1991243445974484,32,27.8125
M44U.SI,0.07436407118108036,0.0638622625690699,-1.3186932085216667,-1.1948814089239703,0.03255699130918934,-1.9615529568619727,41.66666666666667,0.9844673723549696,24,32.583333333333336
