Strategy,Total Return %,Annualized Return %,Sharpe Ratio,Sortino Ratio,Calmar Ratio,Max Drawdown %,Win Rate %,Profit Factor,Num Trades,Avg Trade Duration
CRPU.SI,0.6272526749122881,0.5260504813530797,-1.0800155728631795,-1.3376538829276712,0.40931505550554603,-1.2851969999084287,44.44444444444444,1.2517145278447988,18,59.44444444444444
J69U.SI,0.45595930384606614,0.38244643219549346,-1.5393451984812065,-2.15255574695582,0.425017155828371,-0.899837634671697,42.857142857142854,1.244602630199162,14,63.42857142857143
BUOU.SI,0.9123528423509379,0.7649774533267095,-0.7731544061818761,-0.8783904726061891,0.3058415469372407,-2.5012215017460804,47.05882352941176,1.1751421282651706,34,26.352941176470587
M44U.SI,0.22654974246310305,0.19005884190448352,-1.1815802467216627,-1.1144785559859112,0.09729839335950939,-1.9533605370258487,46.15384615384615,1.022318154342756,26,35.46153846153846
