Strategy,Total Return %,Annualized Return %,Sharpe Ratio,Sortino Ratio,Calmar Ratio,Max Drawdown %,Win Rate %,Profit Factor,Num Trades,Avg Trade Duration
CRPU.SI,0.7017997185122112,0.7694987735669789,-0.8583280529659443,-1.0380751630287723,0.5987399148062834,-1.2851970522391896,55.55555555555556,1.2915100105534996,18,48.111111111111114
J69U.SI,0.8165373490491765,0.895353676985744,-1.0407053468968686,-1.4539963462739123,0.9950169258172917,-0.8998376346717059,57.14285714285714,1.5038522349710697,14,48.857142857142854
BUOU.SI,0.7903329945035875,0.8666090906211288,-0.6733614778064927,-0.7565402987768871,0.3442734743577674,-2.5172113310145776,50.0,1.1793197900135446,28,26.928571428571427
M44U.SI,0.15448172792817788,0.1693393814147015,-1.2064087703718704,-1.060614389713712,0.08383063694846424,-2.020017830936972,45.45454545454545,1.0132061626177922,22,29.90909090909091
