Strategy,Total Return %,Annualized Return %,Sharpe Ratio,Sortino Ratio,Calmar Ratio,Max Drawdown %,Win Rate %,Profit Factor,Num Trades,Avg Trade Duration
J69U.SI,0.5526996043514192,0.528038202088843,-1.3872625386703465,-1.9338815860555612,0.5724836520995784,-0.9223638092586013,57.14285714285714,1.3062013337392624,14,56.57142857142857
M44U.SI,0.21920517786882557,0.20943976526999197,-1.224197314749683,-1.055840507428964,0.10368202303329654,-2.020020049210771,50.0,1.0264344670893923,24,28.333333333333332
