Strategy,Total Return %,Annualized Return %,Sharpe Ratio,Sortino Ratio,Calmar Ratio,Max Drawdown %,Win Rate %,Profit Factor,Num Trades,Avg Trade Duration
CRPU.SI,0.9473120408305477,0.7091585767570185,-0.9459690965019812,-1.1780145009921934,0.5517803611466386,-1.2852189506769267,55.55555555555556,1.410431279043954,18,65.11111111111111
J69U.SI,0.6813207754110407,0.5102062797128326,-1.3559032648582174,-1.8343982194757822,0.5669981561717796,-0.8998376346717059,57.14285714285714,1.4113567086641767,14,70.85714285714286
BUOU.SI,1.3827533263368785,1.0345704708963899,-0.5942077633471478,-0.6809726484114488,0.413630269903098,-2.50119622806803,52.63157894736842,1.2564890329682212,38,26.157894736842106
M44U.SI,-0.2523976928192496,-0.18922856975032154,-1.442143844507128,-1.35168568450858,0.09646875297154675,-1.9615529787778443,40.0,0.9116194379449516,30,29.8
