Strategy,Total Return %,Annualized Return %,Sharpe Ratio,Sortino Ratio,Calmar Ratio,Max Drawdown %,Win Rate %,Profit Factor,Num Trades,Avg Trade Duration
CRPU.SI,0.7017998163678203,0.7983797275092241,-0.8305415452238354,-1.0091378907751642,0.6212119446015548,-1.2851969999084687,55.55555555555556,1.291509933160114,18,46.77777777777778
J69U.SI,0.5110831188720658,0.5813413854580896,-1.340493591926995,-1.8651564315174631,0.6460514242329778,-0.8998376346717059,50.0,1.3086868487315435,12,55.166666666666664
BUOU.SI,0.20626861860237114,0.23457533580699685,-1.0529106623268196,-1.1756907377463341,0.0930218806310423,-2.521722139089035,50.0,1.0157010438882559,28,26.071428571428573
M44U.SI,0.15447884573155532,0.17567210494351393,-1.1890957140982024,-1.0569455253682825,0.08696554205748677,-2.020019662815297,45.45454545454545,1.0132053050827161,22,29.90909090909091
