Strategy,Total Return %,Annualized Return %,Sharpe Ratio,Sortino Ratio,Calmar Ratio,Max Drawdown %,Win Rate %,Profit Factor,Num Trades,Avg Trade Duration
CRPU.SI,1.2161743712389217,0.7896001595054658,-0.9215597119971021,-1.1376815254179777,0.5466620270630759,-1.4444027944424223,50.0,1.5585201635546135,20,64.0
J69U.SI,0.591175876790312,0.3842369828855885,-1.4526105672687109,-2.11161098979156,0.4270070155776227,-0.899837634671697,57.14285714285714,1.3496925501544923,14,81.42857142857143
BUOU.SI,0.859062702514966,0.5580911683927159,-0.9489952844425246,-1.0082120614401535,0.3374502505711195,-1.6538472484408338,50.0,1.1641571607876378,32,28.5625
M44U.SI,0.22998650010256824,0.1495746554263988,-1.2536600755326484,-1.175453957198186,0.08375394118506725,-1.7858819932531955,50.0,1.02026794352346,28,35.92857142857143
