Strategy,Total Return %,Annualized Return %,Sharpe Ratio,Sortino Ratio,Calmar Ratio,Max Drawdown %,Win Rate %,Profit Factor,Num Trades,Avg Trade Duration
CRPU.SI,0.7763458071115564,0.7189986872487619,-0.9239986873482801,-1.1214392344953084,0.55944626234246,-1.2851970522391896,55.55555555555556,1.327618349714097,18,54.77777777777778
J69U.SI,0.5461042017728869,0.505807236753153,-1.4180244752025966,-1.9718468712485353,0.5621094487092555,-0.8998376346717059,57.14285714285714,1.3188611823572833,14,57.42857142857143
BUOU.SI,1.131879826349559,1.0481338472623891,-0.5800740237878321,-0.6649141468598603,0.4190485761842291,-2.5012227861659437,50.0,1.2434455523208439,32,26.75
M44U.SI,0.3720888945861225,0.3446545015001412,-1.12961481374222,-0.9913083365165996,0.17061946144461862,-2.0200186929555666,50.0,1.0717314512221319,24,29.916666666666668
