Strategy,Total Return %,Annualized Return %,Sharpe Ratio,Sortino Ratio,Calmar Ratio,Max Drawdown %,Win Rate %,Profit Factor,Num Trades,Avg Trade Duration
CRPU.SI,0.7763447527680182,0.7153534521122218,-0.9266280507384186,-1.124630422589979,0.5566099384260873,-1.2851970522391494,55.55555555555556,1.327617842391493,18,54.77777777777778
J69U.SI,0.5461042017728869,0.5032462376134417,-1.420454924305557,-1.9752265544227041,0.5592633806620508,-0.8998376346717059,57.14285714285714,1.3188611823572833,14,57.42857142857143
BUOU.SI,1.1318799751121333,1.0428128734623732,-0.5833164371652134,-0.6686307206244341,0.41692126364852977,-2.5012225673897945,50.0,1.2434456021986553,32,26.75
M44U.SI,0.3720898757403847,0.34291174520861833,-1.1308040375897663,-0.9923511220951015,0.16975679123067985,-2.020017830936972,50.0,1.071731721116401,24,29.916666666666668
