Strategy,Total Return %,Annualized Return %,Sharpe Ratio,Sortino Ratio,Calmar Ratio,Max Drawdown %,Win Rate %,Profit Factor,Num Trades,Avg Trade Duration
CRPU.SI,0.5568857949010817,0.4575739468334339,-1.1253378033059387,-1.3833938851770773,0.35602801109680887,-1.2852189506769267,44.44444444444444,1.2111999159577658,18,60.111111111111114
J69U.SI,0.5076653999759401,0.41714943593107456,-1.4964303613965133,-2.132210021240962,0.4522615527671686,-0.9223632505985528,57.14285714285714,1.2770298579728205,14,65.14285714285714
BUOU.SI,0.8589265030729074,0.7055617459522434,-0.8100969413824496,-0.9275318755823858,0.2820868705389335,-2.5012215017460804,47.05882352941176,1.1603404974684672,34,26.764705882352942
M44U.SI,-0.49444902279186864,-0.4066518805783459,-1.5980476408425954,-1.4458402871392866,0.20731108387926286,-1.9615539746788373,38.46153846153847,0.8472614205469967,26,31.384615384615383
