Strategy,Total Return %,Annualized Return %,Sharpe Ratio,Sortino Ratio,Calmar Ratio,Max Drawdown %,Win Rate %,Profit Factor,Num Trades,Avg Trade Duration
CRPU.SI,1.025395996701791,0.7971125772525012,-0.8780284060536075,-1.0883822138933177,0.620215393519257,-1.2852189506769338,55.55555555555556,1.4482534249456802,18,63.111111111111114
J69U.SI,0.6427691482241606,0.499880546523368,-1.3983309553657262,-2.0197286917907378,0.5419559413602464,-0.9223638092586013,57.14285714285714,1.3645452205479904,14,69.0
BUOU.SI,1.2768577237755925,0.9923170190640818,-0.6184075263560692,-0.7071228379252881,0.3967323918382658,-2.501225106591789,52.63157894736842,1.2335461919063317,38,25.210526315789473
M44U.SI,-0.002412448676313943,-0.0018774970621304732,-1.3120540059166677,-1.2093874607987214,0.0009571468586718186,-1.9615558940827276,42.857142857142854,0.9675960256591895,28,30.928571428571427
