Strategy,Total Return %,Annualized Return %,Sharpe Ratio,Sortino Ratio,Calmar Ratio,Max Drawdown %,Win Rate %,Profit Factor,Num Trades,Avg Trade Duration
CRPU.SI,0.7017987628041555,0.6110763979392919,-1.0097285096386495,-1.2457947300592218,0.47547294148899477,-1.2851969999084287,55.55555555555556,1.291509425837687,18,57.666666666666664
J69U.SI,0.7263924497345761,0.6324808549406757,-1.3157840667442526,-1.8165415851145916,0.7028833098000334,-0.899837634671697,57.14285714285714,1.442188043956884,14,61.142857142857146
BUOU.SI,0.9758730984834982,0.8495716202377768,-0.7105217944303449,-0.8154657309940171,0.33966219913545376,-2.501225106591789,50.0,1.19912351608271,32,27.8125
M44U.SI,0.1513536479227514,0.131834597966618,-1.2695342875826008,-1.1417562062038136,0.06720927080589027,-1.961553761643608,41.66666666666667,1.0061226030902797,24,32.083333333333336
