Strategy,Total Return %,Annualized Return %,Sharpe Ratio,Sortino Ratio,Calmar Ratio,Max Drawdown %,Win Rate %,Profit Factor,Num Trades,Avg Trade Duration
CRPU.SI,0.7763458071115564,0.9088226610554528,-0.7531099568868077,-0.9053539329281381,0.7071465496065507,-1.2851970522391896,55.55555555555556,1.327618349714097,18,45.77777777777778
J69U.SI,0.6933068043117419,0.8115567799374279,-1.1215817267679555,-1.5332767858348713,0.9018924622257147,-0.8998376346717059,50.0,1.4838403684055177,12,53.666666666666664
BUOU.SI,0.21530982821603176,0.25193093130633226,-1.0331545922652612,-1.155284547571482,0.10427173541272712,-2.4160999172895927,42.857142857142854,1.0185753907662927,28,25.5
M44U.SI,0.3842154439323713,0.4496293381349492,-1.0055954438121604,-0.8765047366437559,0.2225868170793996,-2.0200178251102834,45.45454545454545,1.0840344689996377,22,29.09090909090909
