Strategy,Total Return %,Annualized Return %,Sharpe Ratio,Sortino Ratio,Calmar Ratio,Max Drawdown %,Win Rate %,Profit Factor,Num Trades,Avg Trade Duration
CRPU.SI,0.6349708579175057,0.49807855531422973,-1.1000030010227475,-1.3589506499974233,0.38754373723783875,-1.2852189506769267,44.44444444444444,1.2565534717324445,18,62.44444444444444
J69U.SI,0.4626300604786593,0.3629594180416085,-1.5235344009578227,-2.2040767632424956,0.39351003844497795,-0.9223638092586013,57.14285714285714,1.2478574469305355,14,68.14285714285714
BUOU.SI,0.8581971619215619,0.6730191541768571,-0.8157707241635839,-0.9311842000701116,0.2690760000703211,-2.5012232752120895,50.0,1.144910784873037,36,26.27777777777778
M44U.SI,-0.6858534546175906,-0.5387562217303965,-1.701178368255713,-1.5383226131337746,0.26670877032172685,-2.0200168936345917,42.857142857142854,0.8096786096371812,28,30.142857142857142
