Strategy,Total Return %,Annualized Return %,Sharpe Ratio,Sortino Ratio,Calmar Ratio,Max Drawdown %,Win Rate %,Profit Factor,Num Trades,Avg Trade Duration
CRPU.SI,0.40071372665704985,0.32855710378627556,-1.2163451467328419,-1.5007727098927726,0.25564290888844193,-1.2852189220302295,44.44444444444444,1.1296524820307914,18,60.44444444444444
J69U.SI,0.455959819347463,0.3738365087392781,-1.5404628944260694,-2.1649304263843065,0.41544884803097565,-0.8998376346717059,42.857142857142854,1.2446030461564799,14,64.85714285714286
BUOU.SI,0.47532358698361354,0.38970589051450233,-0.9929038887200462,-1.1159235158190561,0.15580616279229736,-2.5012225673897945,47.05882352941176,1.0663231250340195,34,26.941176470588236
M44U.SI,-0.036103988694558206,-0.029614345165751566,-1.3105861707724586,-1.2465189871325626,0.015160739525651893,-1.9533575598765647,42.857142857142854,0.955142019310981,28,33.642857142857146
