Strategy,Total Return %,Annualized Return %,Sharpe Ratio,Sortino Ratio,Calmar Ratio,Max Drawdown %,Win Rate %,Profit Factor,Num Trades,Avg Trade Duration
CRPU.SI,0.7763458071115564,0.7064033622178334,-0.9354852530930119,-1.1418129947461242,0.549645955837723,-1.2851970522391896,55.55555555555556,1.327618349714097,18,55.55555555555556
J69U.SI,0.5076653999759401,0.4619843466989293,-1.455732727421529,-2.0550559943067985,0.5008702877083752,-0.9223632505985528,57.14285714285714,1.2770298579728205,14,59.142857142857146
M44U.SI,1.0209970527333099,0.9289121231261355,-0.7095142494535713,-0.6645000899879019,0.47554589755701177,-1.9533595556142318,50.0,1.2897135091315581,24,35.5
