Strategy,Total Return %,Annualized Return %,Sharpe Ratio,Sortino Ratio,Calmar Ratio,Max Drawdown %,Win Rate %,Profit Factor,Num Trades,Avg Trade Duration
AAPL,0.7095769542806193,0.513378823214472,-1.3444209660739674,-0.7782392445616675,0.7041878596047672,-0.7290367424150301,50.0,1.4372140105274602,12,10.166666666666666
MSFT,-1.9356401622547672,-1.4055757118953793,-1.8543060450138107,-1.5121017318822085,0.5733216982719563,-2.4516352967834854,28.57142857142857,0.26248171538285914,14,29.571428571428573
GOOGL,2.7606107763617,1.9917290815949507,-0.004454315789085955,-0.005776346861651598,1.2443244122312023,-1.600650973345106,66.66666666666666,2.7920598758563537,18,15.555555555555555
NVDA,3.3678187555806467,2.427827933845239,0.17401876048943826,0.18602678928312052,0.9081788423932632,-2.673292770669867,61.53846153846154,2.049406655410679,26,13.76923076923077
AMZN,0.5190767584863898,0.3756501974767179,-0.7598900366225682,-0.8833617703659461,0.24195079023588445,-1.5525892563131793,41.66666666666667,1.1047837692096898,24,12.833333333333334
META,-1.5028055390681039,-1.0906112441718019,-1.2408411384030118,-1.0573311325088806,0.37034138085815915,-2.9448808600449277,35.714285714285715,0.7084718621751969,28,10.142857142857142
