Strategy,Total Return %,Annualized Return %,Sharpe Ratio,Sortino Ratio,Calmar Ratio,Max Drawdown %,Win Rate %,Profit Factor,Num Trades,Avg Trade Duration
CRPU.SI,0.7763448506960049,0.6808447385335148,-0.9564841593465833,-1.178531390854871,0.5297590475094678,-1.2851969999084287,55.55555555555556,1.3276177495804877,18,57.111111111111114
J69U.SI,0.6813207754110407,0.5975444426344678,-1.346803302801664,-1.8568791695003268,0.66405806960105,-0.8998376346717059,57.14285714285714,1.4113567086641767,14,60.42857142857143
BUOU.SI,0.9758767693058872,0.8557276953407467,-0.7042280305335726,-0.8111020187632295,0.3421239161519165,-2.5012215017460804,50.0,1.1991245797211225,32,27.8125
M44U.SI,0.15134843160994932,0.1327813832159519,-1.2644144413954945,-1.141176311101527,0.06769184578732935,-1.9615565460146767,41.66666666666667,1.0061211093773637,24,31.666666666666668
