Strategy,Total Return %,Annualized Return %,Sharpe Ratio,Sortino Ratio,Calmar Ratio,Max Drawdown %,Win Rate %,Profit Factor,Num Trades,Avg Trade Duration
CRPU.SI,0.6349708579175057,0.527655206717137,-1.0755065136578676,-1.3190869559036231,0.41055666541426283,-1.2852189506769267,44.44444444444444,1.2565534717324445,18,59.77777777777778
J69U.SI,0.4626300604786593,0.3844971508485395,-1.5291221400767967,-2.1683089679609813,0.41686062157794274,-0.9223638092586013,57.14285714285714,1.2478574469305355,14,64.71428571428571
BUOU.SI,1.0726318601850107,0.8910208605193981,-0.6939166604886767,-0.791064116099027,0.35623428788589273,-2.5012215017460804,52.94117647058824,1.2177662933468845,34,26.58823529411765
M44U.SI,-0.41400266942244346,-0.3443366445549878,-1.5577482285436068,-1.402883291761935,0.17554264274281575,-1.9615555467025128,38.46153846153847,0.863984153198379,26,31.153846153846153
