Strategy,Total Return %,Annualized Return %,Sharpe Ratio,Sortino Ratio,Calmar Ratio,Max Drawdown %,Win Rate %,Profit Factor,Num Trades,Avg Trade Duration
CRPU.SI,0.7017998163678203,0.6418058461166387,-0.9818281486591839,-1.198829440574876,0.4993832433178321,-1.2851969999084687,55.55555555555556,1.291509933160114,18,55.44444444444444
J69U.SI,0.4175958555945544,0.38194338019179597,-1.5329190016509509,-2.16200462493845,0.4140921485585423,-0.9223632505985528,42.857142857142854,1.2144935922904685,14,59.0
BUOU.SI,1.0343467731618876,0.9457915071736211,-0.6448441990289957,-0.7392507219619512,0.3781316862819699,-2.5012225673897945,50.0,1.213542746426746,32,27.125
M44U.SI,1.020992184282877,0.9335855422603512,-0.7055671909073791,-0.6616006911555568,0.4779377005381857,-1.9533624177567064,50.0,1.289711569166837,24,35.416666666666664
