Strategy,Total Return %,Annualized Return %,Sharpe Ratio,Sortino Ratio,Calmar Ratio,Max Drawdown %,Win Rate %,Profit Factor,Num Trades,Avg Trade Duration
CRPU.SI,0.6272526749122881,0.7091034807477081,-0.8906147995730557,-1.08715044478482,0.5517469156854804,-1.2851969999084287,44.44444444444444,1.2517145278447988,18,47.0
J69U.SI,0.37256051660591766,0.42110678481976915,-1.484902211659102,-2.0987469964439533,0.45655172134112243,-0.9223638092586013,42.857142857142854,1.1807098617021272,14,48.142857142857146
BUOU.SI,0.2062649757578947,0.23311704761768137,-1.0498868404067498,-1.1793977781031653,0.09244346016676534,-2.5217256818075064,50.0,1.0157000267537772,28,26.214285714285715
M44U.SI,0.1544806477230668,0.1745854397224189,-1.1931044869793945,-1.0575748453858385,0.08642763147516029,-2.020018791936877,45.45454545454545,1.0132058459224071,22,29.90909090909091
