Strategy,Total Return %,Annualized Return %,Sharpe Ratio,Sortino Ratio,Calmar Ratio,Max Drawdown %,Win Rate %,Profit Factor,Num Trades,Avg Trade Duration
J69U.SI,0.5526996043514192,0.5198514755143879,-1.3926013586389703,-1.9636915425730304,0.563607841392049,-0.9223638092586013,57.14285714285714,1.3062013337392624,14,57.142857142857146
M44U.SI,0.39036179239808916,0.36717936011851915,-1.1084664080611655,-0.963100148276007,0.18718805036987288,-1.9615534185702226,50.0,1.0771560051040683,24,29.0
