Strategy,Total Return %,Annualized Return %,Sharpe Ratio,Sortino Ratio,Calmar Ratio,Max Drawdown %,Win Rate %,Profit Factor,Num Trades,Avg Trade Duration
CRPU.SI,0.4787987881629488,0.3822264635097383,-1.182518199170811,-1.463774081597907,0.2974018332269372,-1.2852189220302295,44.44444444444444,1.169005318997169,18,61.55555555555556
J69U.SI,0.3658154369220392,0.2920646412872152,-1.610993273903207,-2.2875677586699075,0.32457482331662113,-0.8998376346717059,42.857142857142854,1.1756576210441099,14,66.28571428571429
BUOU.SI,0.4652735565134935,0.3714342718197372,-1.009769885047579,-1.1362820695025633,0.14850093693720345,-2.501225106591789,44.44444444444444,1.0593937665002853,36,25.833333333333332
M44U.SI,-0.21041086325651123,-0.16808806222425865,-1.4082971481351694,-1.3492005024586307,0.08605067118217972,-1.9533614312943104,42.857142857142854,0.9166035142236642,28,34.285714285714285
