Strategy,Total Return %,Annualized Return %,Sharpe Ratio,Sortino Ratio,Calmar Ratio,Max Drawdown %,Win Rate %,Profit Factor,Num Trades,Avg Trade Duration
J69U.SI,0.7263929666237527,0.6885286652147382,-1.2413440972700933,-1.7122114276523421,0.7651698914170655,-0.8998376346717059,57.14285714285714,1.442188550766475,14,56.285714285714285
M44U.SI,0.39524520016018866,0.37467456673305755,-1.1015293934460366,-0.9596598004345105,0.19100890969792672,-1.9615554443276548,50.0,1.0785986441848712,24,29.0
