Strategy,Total Return %,Annualized Return %,Sharpe Ratio,Sortino Ratio,Calmar Ratio,Max Drawdown %,Win Rate %,Profit Factor,Num Trades,Avg Trade Duration
CRPU.SI,0.5568857949010817,0.4606938539419403,-1.121793554353009,-1.3805956567580437,0.35845554074602787,-1.2852189506769267,44.44444444444444,1.2111999159577658,18,60.0
J69U.SI,0.6761633050232922,0.5593110902294862,-1.367869616378285,-1.921154600255717,0.6215689016314125,-0.899837634671683,57.14285714285714,1.4325044332922752,14,64.42857142857143
BUOU.SI,1.0192043603945238,0.8428212633216692,-0.7254710727307758,-0.8278588587428733,0.33696372098593913,-2.5012225673897945,52.94117647058824,1.2047493451279103,34,26.705882352941178
M44U.SI,0.22654852694817237,0.1874695793586456,-1.1811119619174537,-1.1201271284459253,0.09597280806202305,-1.953361406675651,46.15384615384615,1.0223178404736264,26,35.92307692307692
