Strategy,Total Return %,Annualized Return %,Sharpe Ratio,Sortino Ratio,Calmar Ratio,Max Drawdown %,Win Rate %,Profit Factor,Num Trades,Avg Trade Duration
CRPU.SI,0.7017998163678203,0.6291508967980919,-0.9946697193543619,-1.219830259775212,0.4895365433026219,-1.2851969999084687,55.55555555555556,1.291509933160114,18,56.333333333333336
J69U.SI,0.6813202587531668,0.6107977660194663,-1.327875681828615,-1.839332022047404,0.6787866415948629,-0.899837634671697,57.14285714285714,1.4113562126894201,14,59.42857142857143
BUOU.SI,1.034347933848294,0.927116140625639,-0.6582181571794901,-0.7581084571523523,0.3706653489018975,-2.5012215017460804,50.0,1.213543086997915,32,27.625
M44U.SI,0.8690274130347098,0.7790005659430443,-0.8075407235002712,-0.7678524442257806,0.3988000316058075,-1.9533613445473461,50.0,1.2290393166889593,24,36.083333333333336
