Strategy,Total Return %,Annualized Return %,Sharpe Ratio,Sortino Ratio,Calmar Ratio,Max Drawdown %,Win Rate %,Profit Factor,Num Trades,Avg Trade Duration
CRPU.SI,0.7017997185122112,0.8136485480719768,-0.8184302741836369,-0.9872257183743188,0.6330924480836326,-1.2851970522391896,55.55555555555556,1.2915100105534996,18,46.111111111111114
J69U.SI,0.6097110224331845,0.7068318360277992,-1.2115666400672642,-1.6964885214931051,0.7663269710378335,-0.9223632505985528,50.0,1.3939113474336735,12,55.0
BUOU.SI,0.26778377509072016,0.3103550315163517,-1.0011591255156138,-1.1205185838626976,0.12845289604765658,-2.4160999172895927,50.0,1.033599595829802,28,25.714285714285715
M44U.SI,0.31409300674729823,0.3640396850460581,-1.0624237560509517,-0.9368645388444841,0.18021599981704364,-2.0200186743443056,45.45454545454545,1.0603334271831149,22,29.454545454545453
