Strategy,Total Return %,Annualized Return %,Sharpe Ratio,Sortino Ratio,Calmar Ratio,Max Drawdown %,Win Rate %,Profit Factor,Num Trades,Avg Trade Duration
AAPL,0.48415409984114377,0.35749952019348274,-1.4986421954551465,-0.8606740913884804,0.49016623948612653,-0.7293434173848304,50.0,1.2784303062091276,12,9.833333333333334
MSFT,-2.0548121320444444,-1.5223405024780257,-1.9340637329950012,-1.534376519732274,0.636809295880823,-2.3905751884044846,14.285714285714285,0.2202638599832165,14,28.714285714285715
GOOGL,2.841823568674481,2.0920285520958037,0.05023765894300504,0.06275280270062177,1.2680556591807053,-1.6497923706657087,66.66666666666666,2.787603945098532,18,15.11111111111111
NVDA,3.2001024476885505,2.354699405122651,0.1437946283058364,0.15422927367680547,0.8793944625409914,-2.67763728954899,61.53846153846154,1.9915157964173131,26,13.615384615384615
AMZN,0.15124309390908822,0.11172638651999467,-0.8306504608737724,-0.7878110663819032,0.053274064875071955,-2.0972003315683496,38.46153846153847,1.0029844842255293,26,11.307692307692308
META,-0.8574925152057586,-0.6342843224307115,-1.084433914055718,-0.8858555246870635,0.26194717978893806,-2.4214206961181306,38.46153846153847,0.8021125005116552,26,10.153846153846153
