Strategy,Total Return %,Annualized Return %,Sharpe Ratio,Sortino Ratio,Calmar Ratio,Max Drawdown %,Win Rate %,Profit Factor,Num Trades,Avg Trade Duration
CRPU.SI,0.7763459050395977,0.7011395347149785,-0.9399173688004588,-1.151124018570436,0.5455502423090883,-1.2851969999084687,55.55555555555556,1.3276182569029147,18,56.0
J69U.SI,0.5527001721666238,0.49921250872932976,-1.4231814899356925,-2.0053127050409234,0.541232002039732,-0.9223632505985528,57.14285714285714,1.3062018120597165,14,59.714285714285715
BUOU.SI,1.0343467731618876,0.9340316714144814,-0.6530112721578268,-0.7503649368077282,0.3734300512046037,-2.5012225673897945,50.0,1.213542746426746,32,27.4375
M44U.SI,1.1729592173013226,1.059130590858448,-0.6229438927959181,-0.5837122142207946,0.5422091922067765,-1.9533615550629373,50.0,1.356686345350551,24,35.833333333333336
