Strategy,Total Return %,Annualized Return %,Sharpe Ratio,Sortino Ratio,Calmar Ratio,Max Drawdown %,Win Rate %,Profit Factor,Num Trades,Avg Trade Duration
CRPU.SI,0.9473121435834219,0.7077003295957063,-0.9480387980190373,-1.179343823623003,0.5506457552681406,-1.2852188958599833,55.55555555555556,1.4104311447851765,18,65.22222222222223
J69U.SI,0.6813202587531668,0.5091577321419294,-1.3655261550905422,-1.8965573337999952,0.5658328930948682,-0.899837634671697,57.14285714285714,1.4113562126894201,14,71.0
BUOU.SI,1.5945399422706032,1.1902566443618756,-0.4957043528699385,-0.5711580378213981,0.4766201779511655,-2.497285468438202,52.63157894736842,1.302373507009004,38,26.210526315789473
M44U.SI,0.37942547254931924,0.28365610717080436,-1.107593463362622,-1.094167470779348,0.14521426986536648,-1.9533624858892478,46.666666666666664,1.0499217927601239,30,34.0
