Strategy,Total Return %,Annualized Return %,Sharpe Ratio,Sortino Ratio,Calmar Ratio,Max Drawdown %,Win Rate %,Profit Factor,Num Trades,Avg Trade Duration
CRPU.SI,0.8508918957108835,0.7443915944554069,-0.9107449038553064,-1.1217602178042259,0.5792042497751289,-1.2851970522391896,55.55555555555556,1.3637266888746948,18,57.44444444444444
J69U.SI,0.7263929666237527,0.6355244072276944,-1.3112096781353408,-1.8065929377968424,0.7062656447566313,-0.8998376346717059,57.14285714285714,1.442188550766475,14,60.857142857142854
BUOU.SI,0.9758730984834982,0.8536636471537573,-0.7063314497243376,-0.81256515258428,0.3412982081876564,-2.501225106591789,50.0,1.19912351608271,32,27.8125
M44U.SI,0.8690284976558542,0.760249615747699,-0.821394931605973,-0.7792759005828895,0.38920085715483205,-1.9533605894533173,50.0,1.2290397148929588,24,36.916666666666664
