Strategy,Total Return %,Annualized Return %,Sharpe Ratio,Sortino Ratio,Calmar Ratio,Max Drawdown %,Win Rate %,Profit Factor,Num Trades,Avg Trade Duration
AAPL,0.44629261505720935,0.29222936318473725,-1.105507377423907,-0.7852411142297894,0.21472321010318715,-1.3609584312953584,50.0,1.125711560152242,20,10.8
MSFT,0.1132768581306118,0.0742154131510464,-0.9812398902835041,-0.8040137370322654,0.03214395748101118,-2.3088449266052145,50.0,1.0104883703596659,16,22.875
GOOGL,0.6337052998712533,0.41481242400125407,-0.8242793574806975,-0.8484511828782071,0.2560439033238689,-1.6200831912664586,50.0,1.2409622936874518,16,16.0
NVDA,1.7108629012717758,1.1178412516350544,-0.37246447511941594,-0.3764042274538823,0.476864499964539,-2.3441486034674006,50.0,1.396799770575854,28,11.571428571428571
AMZN,0.3761679697859654,0.2463419063225336,-0.7986924968674319,-0.8209268974205519,0.15672605840947995,-1.5717992835557268,38.46153846153847,1.060324616376394,26,10.384615384615385
META,-0.09615626465189053,-0.0630212848072298,-0.7368800357736973,-0.6365090183868773,0.026418821362455165,-2.3854692055563023,42.857142857142854,0.9556033512441016,28,10.642857142857142
