Strategy,Total Return %,Annualized Return %,Sharpe Ratio,Sortino Ratio,Calmar Ratio,Max Drawdown %,Win Rate %,Profit Factor,Num Trades,Avg Trade Duration
J69U.SI,0.6427697165479912,0.6222466824851836,-1.295166786010558,-1.7982663143405138,0.6746221535619362,-0.9223632505985528,57.14285714285714,1.3645457202335074,14,55.857142857142854
M44U.SI,0.2939471539141959,0.28457744553656017,-1.1713234947725826,-1.0005817963181756,0.1408785193538646,-2.02002013395489,50.0,1.0485793134979822,24,27.916666666666668
