Strategy,Total Return %,Annualized Return %,Sharpe Ratio,Sortino Ratio,Calmar Ratio,Max Drawdown %,Win Rate %,Profit Factor,Num Trades,Avg Trade Duration
CRPU.SI,0.5527075413135389,0.5848420757420314,-0.9954128189492503,-1.2098799787863685,0.45506023743445817,-1.2851970522391896,44.44444444444444,1.2087008858335684,18,49.333333333333336
J69U.SI,0.7263924497345761,0.7686635961933419,-1.1545114061896782,-1.5943643006659194,0.8542247696427884,-0.899837634671697,57.14285714285714,1.442188043956884,14,50.42857142857143
BUOU.SI,0.6779287010183906,0.7173695527853852,-0.7693170073977592,-0.8659933038494718,0.2849858020262431,-2.517211551189227,46.666666666666664,1.1378125750049009,30,25.733333333333334
M44U.SI,0.25563989469861553,0.27047962332777953,-1.1418271356815501,-0.9982390987074723,0.13789057553305076,-1.9615526462354111,45.45454545454545,1.0431953214134018,22,30.363636363636363
