Strategy,Total Return %,Annualized Return %,Sharpe Ratio,Sortino Ratio,Calmar Ratio,Max Drawdown %,Win Rate %,Profit Factor,Num Trades,Avg Trade Duration
CRPU.SI,0.7017997185122112,0.7741662644412672,-0.8539102366563461,-1.0341375754456152,0.6023716465054467,-1.2851970522391896,55.55555555555556,1.2915100105534996,18,47.77777777777778
J69U.SI,0.8114941196859581,0.895222064494372,-1.0391104789760959,-1.4525452751022778,0.9948706633291738,-0.899837634671683,57.14285714285714,1.530675090688523,14,48.57142857142857
BUOU.SI,0.6928987392302224,0.7643439762863524,-0.7339163302589529,-0.8248025219133386,0.3033535856657184,-2.5196470798555985,50.0,1.1495709009424955,28,26.714285714285715
M44U.SI,0.2556381301817783,0.28193401503886495,-1.1191216518587084,-0.991628535075937,0.14372996169621374,-1.9615535390926908,45.45454545454545,1.04319476441115,22,30.363636363636363
