Strategy,Total Return %,Annualized Return %,Sharpe Ratio,Sortino Ratio,Calmar Ratio,Max Drawdown %,Win Rate %,Profit Factor,Num Trades,Avg Trade Duration
J69U.SI,0.9919352059028642,0.983809130424329,-0.9637078712770676,-1.323838493315828,1.09331849715675,-0.899837634671683,57.14285714285714,1.661569300550188,14,54.0
M44U.SI,0.25563465964496573,0.2535480417375835,-1.1757175823962789,-1.0080110896249932,0.12925866546214693,-1.9615554657868133,45.45454545454545,1.0431937326131664,22,30.363636363636363
