Strategy,Total Return %,Annualized Return %,Sharpe Ratio,Sortino Ratio,Calmar Ratio,Max Drawdown %,Win Rate %,Profit Factor,Num Trades,Avg Trade Duration
CRPU.SI,1.0073921670815797,0.6698584092598825,-0.9891356349053003,-1.2475225724618604,0.5233096365119956,-1.2800421825301656,55.55555555555556,1.4263635193850037,18,70.22222222222223
J69U.SI,0.5076648324150301,0.3378484477974064,-1.4925809697991506,-2.1692382428297856,0.366285455268426,-0.9223638092586013,57.14285714285714,1.2770293903348993,14,80.14285714285714
BUOU.SI,0.4082989464496131,0.2717658765593045,-1.1051716154339037,-1.2202208359863982,0.1250267977690414,-2.173661018346884,47.05882352941176,1.0509652189849685,34,28.705882352941178
M44U.SI,-0.2734510567381949,-0.1822176325424918,-1.4428203097648675,-1.4361688202171479,0.10203229173645503,-1.7858819932531949,46.666666666666664,0.9016311085175176,30,35.2
