Strategy,Total Return %,Annualized Return %,Sharpe Ratio,Sortino Ratio,Calmar Ratio,Max Drawdown %,Win Rate %,Profit Factor,Num Trades,Avg Trade Duration
CRPU.SI,1.0798599290471975,0.723257270538924,-0.9535348185145809,-1.1958485957479297,0.563267583615359,-1.284038513092949,55.55555555555556,1.475107177994021,18,70.11111111111111
J69U.SI,0.6362485841983107,0.42644912482880937,-1.4290397820277767,-2.037711836595992,0.4739178585083228,-0.8998376346717059,57.14285714285714,1.3805248665618794,14,79.0
BUOU.SI,0.74413415901623,0.49867194522590363,-0.9439782410338544,-1.0745567703718768,0.2050188138518415,-2.43232284811809,50.0,1.134332243262287,32,32.4375
M44U.SI,-0.843083979566618,-0.566459721144863,-1.7287216895537079,-1.6633835047089713,0.2886493199302115,-1.9624495262341841,43.75,0.7927197019576169,32,31.6875
