Strategy,Total Return %,Annualized Return %,Sharpe Ratio,Sortino Ratio,Calmar Ratio,Max Drawdown %,Win Rate %,Profit Factor,Num Trades,Avg Trade Duration
CRPU.SI,1.079859993938462,0.7286342465993467,-0.9460500309668233,-1.198957288918691,0.5674555571208825,-1.2840375558153694,55.55555555555556,1.4751072047216232,18,70.33333333333333
J69U.SI,0.8566043912401983,0.5782004766367921,-1.295106764772752,-1.8432523901356086,0.6425608958306748,-0.899837634671683,57.14285714285714,1.5633986431539393,14,78.57142857142857
BUOU.SI,0.8203384496938088,0.5537536277494093,-0.9052669439268328,-1.0406742203039492,0.21058938482518527,-2.629541979094017,50.0,1.1543599340515756,32,33.0625
M44U.SI,-0.5424409852457757,-0.36697296809412583,-1.5683464521035246,-1.5703421375120679,0.17364866425467168,-2.113307174974443,43.75,0.8524346535270054,32,32.625
