Strategy,Total Return %,Annualized Return %,Sharpe Ratio,Sortino Ratio,Calmar Ratio,Max Drawdown %,Win Rate %,Profit Factor,Num Trades,Avg Trade Duration
CRPU.SI,1.1043643057525696,0.7479195126960603,-0.9313791160499311,-1.1806455406149827,0.5824743742032277,-1.2840384844726371,55.55555555555556,1.4868714346365,18,70.22222222222223
J69U.SI,0.6813207754110407,0.4617295224579543,-1.4060004825550665,-1.9956119388852718,0.5131253735863253,-0.8998376346717059,57.14285714285714,1.4113567086641767,14,78.14285714285714
BUOU.SI,0.3890776502499284,0.26380047613960844,-1.0936538450531093,-1.2397014876320358,0.09994137292929758,-2.6395522535620075,47.05882352941176,1.046700325496291,34,30.058823529411764
M44U.SI,1.073628166200888,0.7271394276071153,-0.8540648811012332,-0.7889577454928215,0.40796397118727323,-1.7823618725226267,52.94117647058824,1.1980603853513463,34,28.470588235294116
