Strategy,Total Return %,Annualized Return %,Sharpe Ratio,Sortino Ratio,Calmar Ratio,Max Drawdown %,Win Rate %,Profit Factor,Num Trades,Avg Trade Duration
CRPU.SI,0.6272536299128659,0.7202940626522603,-0.8832149029991967,-1.0698244841454958,0.5604541820239138,-1.2851970522391896,44.44444444444444,1.2517150873739087,18,46.22222222222222
J69U.SI,0.6070261383273464,0.69705585184765,-1.2278976883388426,-1.698892611464326,0.7746462528231203,-0.899837634671697,50.0,1.3907700799617089,12,54.333333333333336
BUOU.SI,0.37273229437885674,0.42793937620086986,-0.931550265349072,-1.0425404015534507,0.17711990019060841,-2.4160999172895927,50.0,1.063331254544014,28,25.785714285714285
M44U.SI,0.23908864925373563,0.27447410487679846,-1.1212062506164167,-0.9938027280903868,0.1358770707193201,-2.020017825110293,45.45454545454545,1.0362345120889211,22,29.545454545454547
