Strategy,Total Return %,Annualized Return %,Sharpe Ratio,Sortino Ratio,Calmar Ratio,Max Drawdown %,Win Rate %,Profit Factor,Num Trades,Avg Trade Duration
CRPU.SI,0.7763447527680182,0.713545140826044,-0.9285696336574709,-1.1308692692946896,0.5552029080543421,-1.2851970522391494,55.55555555555556,1.327617842391493,18,55.22222222222222
J69U.SI,0.45595930384606614,0.41913000857942695,-1.5021745729771874,-2.0999726096715152,0.4657840397310624,-0.899837634671697,42.857142857142854,1.244602630199162,14,58.0
BUOU.SI,1.131879826349559,1.0401723900418158,-0.5863496671444984,-0.6704755228162949,0.41586555016007504,-2.5012227861659437,50.0,1.2434455523208439,32,27.0
M44U.SI,0.2810317648714954,0.2583500953999396,-1.1899776886770803,-1.048784655973231,0.12789489979770607,-2.020018748273599,50.0,1.044752701746824,24,29.833333333333332
