Strategy,Total Return %,Annualized Return %,Sharpe Ratio,Sortino Ratio,Calmar Ratio,Max Drawdown %,Win Rate %,Profit Factor,Num Trades,Avg Trade Duration
J69U.SI,0.5977349443573076,0.5786539585113548,-1.3338621847030547,-1.857097479746049,0.6273601622092452,-0.9223632505985528,57.14285714285714,1.3353737661466116,14,55.857142857142854
M44U.SI,0.29394820557196,0.2845784636246851,-1.171322802470687,-1.000580916682379,0.14087903196226692,-2.0200200105073596,50.0,1.0485796260215101,24,27.916666666666668
