Strategy,Total Return %,Annualized Return %,Sharpe Ratio,Sortino Ratio,Calmar Ratio,Max Drawdown %,Win Rate %,Profit Factor,Num Trades,Avg Trade Duration
CRPU.SI,0.7130538063499443,0.5911520694893646,-1.0293826658271048,-1.2621982435698111,0.4599624911339747,-1.2852179925192595,55.55555555555556,1.2969617751182434,18,59.888888888888886
J69U.SI,0.5526996043514192,0.45827393702200236,-1.4580216133200785,-2.0692862380683814,0.49684726614584357,-0.9223638092586013,57.14285714285714,1.3062013337392624,14,64.85714285714286
BUOU.SI,1.0726312448812314,0.888986328997099,-0.6959788054403018,-0.7925154661891042,0.35542062070477015,-2.5012232752120895,52.94117647058824,1.2177660501226388,34,26.647058823529413
M44U.SI,-0.656436343410387,-0.5448492198950161,-1.7127139111690302,-1.5288254575054872,0.26972479026728724,-2.020019069641655,38.46153846153847,0.8109950727925561,26,30.615384615384617
