Strategy,Total Return %,Annualized Return %,Sharpe Ratio,Sortino Ratio,Calmar Ratio,Max Drawdown %,Win Rate %,Profit Factor,Num Trades,Avg Trade Duration
CRPU.SI,0.947311037293839,0.670472714664494,-0.9826596154377437,-1.2399356523469827,0.5217564045736511,-1.2850301573439527,55.55555555555556,1.4104306133672784,18,67.88888888888889
J69U.SI,0.6813207754110407,0.48240011220175294,-1.3888171066304638,-1.9653589970029073,0.536096839712367,-0.8998376346717059,57.14285714285714,1.4113567086641767,14,74.42857142857143
BUOU.SI,1.7503775838151343,1.2374201580204414,-0.4720621887871143,-0.5435826187125191,0.496265619906492,-2.493463396182069,52.63157894736842,1.338466501646549,38,27.31578947368421
M44U.SI,-0.5653750600774765,-0.4010334412391514,-1.6226470593446112,-1.48505752726731,0.20444671701122338,-1.9615548104748297,40.0,0.8519985938015324,30,29.533333333333335
