Strategy,Total Return %,Annualized Return %,Sharpe Ratio,Sortino Ratio,Calmar Ratio,Max Drawdown %,Win Rate %,Profit Factor,Num Trades,Avg Trade Duration
CRPU.SI,1.181564163706571,0.8061212050751054,-0.8868826743009809,-1.125190175772827,0.6278014365014836,-1.2840384844726307,55.55555555555556,1.52389759835982,18,70.22222222222223
J69U.SI,0.5461036858089029,0.37295132412742404,-1.4901711437298848,-2.110785052623683,0.41446513210518715,-0.899837634671697,57.14285714285714,1.3188607188870276,14,77.42857142857143
BUOU.SI,1.7503775838151343,1.193130501446249,-0.5065553791705006,-0.5751531981812628,0.47850331521735656,-2.493463396182069,52.63157894736842,1.338466501646549,38,27.31578947368421
M44U.SI,-0.5123830931635348,-0.35050899891786447,-1.6123708158037742,-1.439420790933184,0.17868953449290223,-1.9615530361784401,43.75,0.8592237088757007,32,27.5625
