Strategy,Total Return %,Annualized Return %,Sharpe Ratio,Sortino Ratio,Calmar Ratio,Max Drawdown %,Win Rate %,Profit Factor,Num Trades,Avg Trade Duration
BUOU.SI,1.7503788777386033,1.2302106376241184,-0.47846386701713206,-0.5487219212651694,0.4933747285739672,-2.493460986905178,52.63157894736842,1.3384669014686192,38,27.31578947368421
M44U.SI,-0.5653722488027233,-0.3987135059461133,-1.6276818884932667,-1.4836217863624814,0.20326421407472983,-1.9615528870198806,40.0,0.8519991427165936,30,29.533333333333335
