Strategy,Total Return %,Annualized Return %,Sharpe Ratio,Sortino Ratio,Calmar Ratio,Max Drawdown %,Win Rate %,Profit Factor,Num Trades,Avg Trade Duration
AAPL,0.7095769542806193,0.5154294192828424,-1.3425665162717475,-0.7771657670947311,0.7070006068218381,-0.7290367424150301,50.0,1.4372140105274602,12,10.166666666666666
MSFT,-1.8854259846365313,-1.3744328949083395,-1.819171059048423,-1.4970669808707564,0.560618823163277,-2.4516352967835395,28.57142857142857,0.27089569490018717,14,29.857142857142858
GOOGL,2.681300092434776,1.9424978871542598,-0.030133490145150998,-0.03781369722852214,1.1779742454208018,-1.6490155830701978,66.66666666666666,2.6830037010688685,18,16.0
NVDA,3.3678187555806467,2.4376175013260504,0.1780006613050936,0.1902834580577792,0.9118408309297295,-2.673292770669867,61.53846153846154,2.049406655410679,26,13.76923076923077
AMZN,-0.44217458932023873,-0.32169579223797484,-1.0055152386559536,-0.9938224233220098,0.15339297223808898,-2.0972003315683496,38.46153846153847,0.8796274879390421,26,11.923076923076923
META,-1.5028055390681039,-1.0949324340029598,-1.2425760412056406,-1.0588094577258034,0.3718087372764735,-2.9448808600449277,35.714285714285715,0.7084718621751969,28,10.142857142857142
