Strategy,Total Return %,Annualized Return %,Sharpe Ratio,Sortino Ratio,Calmar Ratio,Max Drawdown %,Win Rate %,Profit Factor,Num Trades,Avg Trade Duration
CRPU.SI,1.4809191409226332,0.9803600254168376,-0.7488943532403012,-0.9492796228640794,0.726442046774721,-1.3495364561694483,62.5,1.8511143287034537,16,79.375
J69U.SI,0.6310530334690703,0.4183465167851175,-1.4206153656091405,-2.0522561255799125,0.4649133362128785,-0.899837634671683,57.14285714285714,1.3997808808268597,14,80.0
BUOU.SI,0.4119485242555493,0.27319496077207184,-1.1105566635771622,-1.2133980747702517,0.13040650880694313,-2.094948812536007,47.05882352941176,1.051778743192125,34,28.11764705882353
M44U.SI,-0.17658598804448047,-0.11722371378193319,-1.391320997256719,-1.3928017189223483,0.06563911514018578,-1.7858819932532293,47.05882352941176,0.9261136797562535,34,30.529411764705884
