Strategy,Total Return %,Annualized Return %,Sharpe Ratio,Sortino Ratio,Calmar Ratio,Max Drawdown %,Win Rate %,Profit Factor,Num Trades,Avg Trade Duration
CRPU.SI,0.701798664948601,0.5912603561592622,-1.030785833192923,-1.2735267621911224,0.46005424236628306,-1.2851970522391494,55.55555555555556,1.2915095032308956,18,59.22222222222222
J69U.SI,0.37256108340387073,0.3139609034633173,-1.5934949987081646,-2.2564344802701455,0.3403874810272172,-0.9223632505985528,42.857142857142854,1.1807102739833686,14,63.857142857142854
BUOU.SI,0.9123522280228826,0.7685238622556101,-0.7691729359006956,-0.8758682173429008,0.3072591998770856,-2.5012232752120895,47.05882352941176,1.1751419080568701,34,26.235294117647058
M44U.SI,-0.41400140152905807,-0.3490986454206757,-1.5641801945362488,-1.4001927297715069,0.17797035970954048,-1.9615549802249543,38.46153846153847,0.8639843466180945,26,30.692307692307693
