Strategy,Total Return %,Annualized Return %,Sharpe Ratio,Sortino Ratio,Calmar Ratio,Max Drawdown %,Win Rate %,Profit Factor,Num Trades,Avg Trade Duration
CRPU.SI,0.9473099213281057,0.7019248778006526,-0.9520309241853501,-1.1933400280149622,0.5461523896228321,-1.2852179925192595,55.55555555555556,1.410430257019699,18,65.55555555555556
J69U.SI,0.7212735765775141,0.5345945474477976,-1.3420306963815918,-1.8647806149336814,0.5941011209681746,-0.899837634671683,57.14285714285714,1.4652279857576913,14,71.57142857142857
BUOU.SI,1.54159449208375,1.1414016658701343,-0.5297206583008087,-0.6072314843648545,0.4568189411501062,-2.498586558159113,52.63157894736842,1.2909027167285816,38,26.36842105263158
M44U.SI,-0.5653637644161791,-0.41973314787112637,-1.6117585311965361,-1.4966240155994364,0.2139803408686124,-1.9615500478562642,40.0,0.8520007870395545,30,29.533333333333335
