Strategy,Total Return %,Annualized Return %,Sharpe Ratio,Sortino Ratio,Calmar Ratio,Max Drawdown %,Win Rate %,Profit Factor,Num Trades,Avg Trade Duration
CRPU.SI,0.9473100880456695,0.6627251475767926,-0.9917496103486025,-1.251570274992732,0.5157273004797598,-1.2850301835103295,55.55555555555556,1.4104301503604282,18,68.66666666666667
J69U.SI,0.7663838481317362,0.5362959915159449,-1.340337331225309,-1.9005776619556254,0.5959919554949702,-0.899837634671683,57.14285714285714,1.4979515382231068,14,75.57142857142857
BUOU.SI,1.8606278764085253,1.2999088059092,-0.4343645244127996,-0.500244917205596,0.5447064333348373,-2.3864392383816977,52.63157894736842,1.3707132714215235,38,27.57894736842105
M44U.SI,-0.4345958425585559,-0.3046658101545585,-1.546733456785759,-1.4428417117379466,0.15531845476924463,-1.9615557636547314,40.0,0.879109671346666,30,30.266666666666666
