Strategy,Total Return %,Annualized Return %,Sharpe Ratio,Sortino Ratio,Calmar Ratio,Max Drawdown %,Win Rate %,Profit Factor,Num Trades,Avg Trade Duration
CRPU.SI,0.7763459050395977,0.7028854351929015,-0.9391571686055656,-1.144916670155804,0.5469087114605471,-1.2851969999084687,55.55555555555556,1.3276182569029147,18,55.888888888888886
J69U.SI,0.5977343762877899,0.5412200932486622,-1.3794775085626698,-1.9491832585913123,0.58677507488471,-0.9223638092586013,57.14285714285714,1.3353732771436264,14,59.57142857142857
BUOU.SI,1.131880521254534,1.0246075152563483,-0.5974732189904988,-0.6839822624383889,0.40964256386486225,-2.5012232752120895,50.0,1.243445695551493,32,27.375
M44U.SI,1.1729559829153369,1.0617696835277357,-0.6204517550861456,-0.5820753810640785,0.5435594873403774,-1.9533642743004038,50.0,1.3566845663264313,24,35.75
