Strategy,Total Return %,Annualized Return %,Sharpe Ratio,Sortino Ratio,Calmar Ratio,Max Drawdown %,Win Rate %,Profit Factor,Num Trades,Avg Trade Duration
CRPU.SI,1.0253971038469718,0.7628214723938376,-0.9072300675898685,-1.1332075119477736,0.5935342549937179,-1.2852189506769267,55.55555555555556,1.4482539563637689,18,65.44444444444444
J69U.SI,0.5527001721666238,0.4114156575595551,-1.449092415464263,-2.0392141578076304,0.44604515335208067,-0.9223632505985528,57.14285714285714,1.3062018120597165,14,72.0
BUOU.SI,1.4886441853115866,1.1067954845393135,-0.5506252289808059,-0.6317062576129109,0.4427370236976046,-2.499893673440037,52.63157894736842,1.2794305971331543,38,26.31578947368421
M44U.SI,0.374544799468531,0.27886457801975517,-1.110251245157989,-1.0966033109796298,0.14276138227781923,-1.9533614312943104,46.666666666666664,1.0488150837766728,30,34.06666666666667
