Strategy,Total Return %,Annualized Return %,Sharpe Ratio,Sortino Ratio,Calmar Ratio,Max Drawdown %,Win Rate %,Profit Factor,Num Trades,Avg Trade Duration
CRPU.SI,0.7763447527680182,0.6775760112183615,-0.9611183900227032,-1.1814531997822997,0.5272156592935278,-1.2851970522391494,55.55555555555556,1.327617842391493,18,57.55555555555556
J69U.SI,0.6878039201605498,0.6003331183683791,-1.3379150728018356,-1.8701983706411238,0.6508636964528439,-0.9223638092586013,57.14285714285714,1.3937171639523536,14,61.714285714285715
BUOU.SI,0.9758761545911148,0.8516153834994711,-0.7084269045181454,-0.8140170456836654,0.3404795533206682,-2.5012232752120895,50.0,1.1991243445974484,32,27.8125
M44U.SI,0.15135274528280207,0.1321494120074984,-1.2678294240605947,-1.1415637327605814,0.06736975933494876,-1.9615538679673528,41.66666666666667,1.0061223457436728,24,32.0
