Strategy,Total Return %,Annualized Return %,Sharpe Ratio,Sortino Ratio,Calmar Ratio,Max Drawdown %,Win Rate %,Profit Factor,Num Trades,Avg Trade Duration
CRPU.SI,0.6272537276960429,0.6523538265313267,-0.951634682464373,-1.1572054262825953,0.507590530150465,-1.2851969999084687,44.44444444444444,1.2517150278443057,18,50.111111111111114
J69U.SI,0.7328386920969205,0.7621798415869074,-1.1595620791626908,-1.619825781457814,0.8263332038141759,-0.9223638092586013,57.14285714285714,1.4228891073567167,14,52.142857142857146
BUOU.SI,0.8314165172495995,0.8647214050886642,-0.6840022658773861,-0.7689721877596631,0.3438379651265488,-2.5149096167155522,53.333333333333336,1.1850637974658569,30,26.2
M44U.SI,0.15447985613996934,0.16064639243202894,-1.2349787316490235,-1.0656516243072889,0.07952718183864041,-2.0200186743443056,45.45454545454545,1.013205608515367,22,29.90909090909091
