Strategy,Total Return %,Annualized Return %,Sharpe Ratio,Sortino Ratio,Calmar Ratio,Max Drawdown %,Win Rate %,Profit Factor,Num Trades,Avg Trade Duration
CRPU.SI,0.7763458071115564,0.7081756091529057,-0.9342036801518803,-1.1402486462906636,0.5510249248697361,-1.2851970522391896,55.55555555555556,1.327618349714097,18,55.55555555555556
J69U.SI,0.5526996043514192,0.5042166805164561,-1.411946627090963,-1.9986266472700236,0.5466570516483586,-0.9223638092586013,57.14285714285714,1.3062013337392624,14,59.142857142857146
BUOU.SI,1.0343442609002704,0.9434136195493714,-0.6470786557335635,-0.7409184980789781,0.37718061323751967,-2.501225106591789,50.0,1.2135419976172834,32,27.1875
M44U.SI,0.3823178087978522,0.34880672866812734,-1.1193277603563443,-0.9954125100539571,0.1778218074522711,-1.9615520372086537,50.0,1.0747690747827343,24,30.5
