Strategy,Total Return %,Annualized Return %,Sharpe Ratio,Sortino Ratio,Calmar Ratio,Max Drawdown %,Win Rate %,Profit Factor,Num Trades,Avg Trade Duration
CRPU.SI,0.9598824698102908,0.619052108856355,-1.0872345016157525,-1.2947873830457877,0.5126733238488208,-1.207498186581878,50.0,1.549946293962571,16,79.375
J69U.SI,0.5977343762877899,0.38573956550356225,-1.4423687016465108,-2.1246000348974388,0.41820761139102025,-0.9223638092586013,57.14285714285714,1.3353732771436264,14,82.71428571428571
BUOU.SI,1.2923424801867804,0.8329775311698873,-0.762105783584896,-0.8230214608374042,0.5058233101782331,-1.6467756910538134,53.333333333333336,1.2986303151331755,30,31.666666666666668
M44U.SI,0.25224526046928075,0.1628822339746261,-1.2266874717142413,-1.182712264696874,0.0912054853511995,-1.7858819932532042,50.0,1.0185574606540075,32,31.875
