Strategy,Total Return %,Annualized Return %,Sharpe Ratio,Sortino Ratio,Calmar Ratio,Max Drawdown %,Win Rate %,Profit Factor,Num Trades,Avg Trade Duration
CRPU.SI,0.7763459050395977,0.672732472140769,-0.9680345067285232,-1.1857789204342764,0.5234469674210885,-1.2851969999084687,55.55555555555556,1.3276182569029147,18,57.888888888888886
J69U.SI,0.7714646407160035,0.6685048346289912,-1.2834777732570233,-1.7686854345894687,0.7429171762446823,-0.899837634671697,57.14285714285714,1.4730198752243486,14,61.42857142857143
BUOU.SI,0.9758756092911972,0.8455208101265432,-0.7146942152827793,-0.8183367490008241,0.3380430119055358,-2.5012225673897945,50.0,1.1991242469977526,32,27.8125
M44U.SI,0.8690325271785877,0.7530027037314202,-0.8288577165146965,-0.7874194611575575,0.38549147132547135,-1.9533576220047117,50.0,1.2290411679698827,24,37.25
