Strategy,Total Return %,Annualized Return %,Sharpe Ratio,Sortino Ratio,Calmar Ratio,Max Drawdown %,Win Rate %,Profit Factor,Num Trades,Avg Trade Duration
CRPU.SI,1.4809211693205724,0.9767920392851126,-0.751795694285504,-0.9559276313325578,0.7237986819973243,-1.3495355318825013,62.5,1.8511160413664,16,79.625
J69U.SI,0.46263062778525643,0.30566690026518906,-1.5196073771898055,-2.2206058294533366,0.3313953586798167,-0.9223632505985528,57.14285714285714,1.2478579038859254,14,80.85714285714286
BUOU.SI,0.8433104210889177,0.5568301930989339,-0.9238618923232891,-1.022346582485926,0.26693839884364373,-2.085987611790131,50.0,1.1605307230694883,32,31.0
M44U.SI,-0.09080327888206738,-0.060051261758053975,-1.424715982973755,-1.282768389705826,0.0336255486000299,-1.7858819932532066,46.666666666666664,0.9429009702834006,30,31.6
