Strategy,Total Return %,Annualized Return %,Sharpe Ratio,Sortino Ratio,Calmar Ratio,Max Drawdown %,Win Rate %,Profit Factor,Num Trades,Avg Trade Duration
CRPU.SI,0.7017997185122112,0.5858334194154491,-1.0353709438700112,-1.283400724355364,0.45583159282442776,-1.2851970522391896,55.55555555555556,1.2915100105534996,18,59.44444444444444
J69U.SI,0.49572221880640427,0.413878400097345,-1.5067451568145431,-2.1088044913105737,0.45994786631518664,-0.899837634671683,42.857142857142854,1.2773753637231815,14,63.57142857142857
BUOU.SI,0.8589258890701057,0.716903554433479,-0.8029764309584694,-0.9152666652659747,0.2866211751418672,-2.5012232752120895,47.05882352941176,1.160340286257694,34,26.352941176470587
M44U.SI,-0.6752174595425459,-0.5642833455604124,-1.7211942375002776,-1.539309533632982,0.279345615925874,-2.020018619909712,38.46153846153847,0.8074207229139124,26,30.46153846153846
