Strategy,Total Return %,Annualized Return %,Sharpe Ratio,Sortino Ratio,Calmar Ratio,Max Drawdown %,Win Rate %,Profit Factor,Num Trades,Avg Trade Duration
CRPU.SI,0.4787976870078456,0.3822255848766609,-1.1825185906093378,-1.4637745711837717,0.2974011495822521,-1.2852189220302557,44.44444444444444,1.1690048295393216,18,61.55555555555556
J69U.SI,0.2824915390225033,0.22555826282617542,-1.6647675204169585,-2.3962735200119227,0.24454385263051515,-0.9223632505985528,42.857142857142854,1.118484943043151,14,67.0
BUOU.SI,0.4652760546249192,0.3714362651654701,-1.0097682899089402,-1.1362803598606812,0.1485018846415937,-2.5012225673897945,44.44444444444444,1.0593943352092685,36,25.833333333333332
M44U.SI,-0.20555041569219612,-0.16420445811859974,-1.405259462495675,-1.3466193488066918,0.0840626310027106,-1.9533585394597628,42.857142857142854,0.9177305880415113,28,34.357142857142854
