Strategy,Total Return %,Annualized Return %,Sharpe Ratio,Sortino Ratio,Calmar Ratio,Max Drawdown %,Win Rate %,Profit Factor,Num Trades,Avg Trade Duration
CRPU.SI,0.8508919937113751,0.7390549970283988,-0.91784293103292,-1.1265264710892864,0.5750519158393881,-1.2851969999084687,55.55555555555556,1.3637265806457164,18,57.77777777777778
J69U.SI,0.8616095402618885,0.7483586619280391,-1.2038895575283055,-1.6571981309105976,0.8316596606909735,-0.8998376346717059,57.14285714285714,1.5346840770733676,14,61.285714285714285
BUOU.SI,0.9758756092911972,0.8475424620694838,-0.7126092594873925,-0.8169038195338866,0.3388512774190884,-2.5012225673897945,50.0,1.1991242469977526,32,27.8125
M44U.SI,0.9450122358933367,0.8207542732659556,-0.7835189919997635,-0.7412441351637213,0.4201753087033815,-1.9533615047460078,50.0,1.258645491068918,24,37.166666666666664
