Strategy,Total Return %,Annualized Return %,Sharpe Ratio,Sortino Ratio,Calmar Ratio,Max Drawdown %,Win Rate %,Profit Factor,Num Trades,Avg Trade Duration
CRPU.SI,0.7017998163678203,0.7135708110733274,-0.9123643019530854,-1.1046392348836125,0.5552229044451144,-1.2851969999084687,55.55555555555556,1.291509933160114,18,50.888888888888886
J69U.SI,0.8616095402618885,0.8760725957417392,-1.0621087405621237,-1.4605059757391754,0.9735896366030112,-0.8998376346717059,57.14285714285714,1.5346840770733676,14,52.42857142857143
BUOU.SI,0.8825765648072593,0.897393137946656,-0.6667759131284628,-0.7492339977240993,0.35682881840505326,-2.5149121698124244,53.333333333333336,1.199137572149802,30,26.666666666666668
M44U.SI,0.15447985613996934,0.15706371868760005,-1.243845313062603,-1.0677272609966224,0.07775356395907111,-2.0200195423875003,45.45454545454545,1.013205608515367,22,29.90909090909091
