Strategy,Total Return %,Annualized Return %,Sharpe Ratio,Sortino Ratio,Calmar Ratio,Max Drawdown %,Win Rate %,Profit Factor,Num Trades,Avg Trade Duration
CRPU.SI,0.7017997185122112,0.6010059413330104,-1.0229996920743663,-1.2548290490150038,0.4676371925113601,-1.2851970522391896,55.55555555555556,1.2915100105534996,18,58.44444444444444
J69U.SI,0.4626300604786593,0.3962538489715062,-1.5343901586652275,-2.1726275040842173,0.42960689154750786,-0.9223638092586013,57.14285714285714,1.2478574469305355,14,62.857142857142854
BUOU.SI,0.9758754607581068,0.8355553854765496,-0.7233843835997844,-0.8254010055371711,0.334058761217888,-2.5012227861659437,50.0,1.1991242011095355,32,27.8125
M44U.SI,-0.2531070075883872,-0.2169033223616279,-1.4901634830598023,-1.342963763991304,0.11057729485228138,-1.9615538854643348,38.46153846153847,0.8994920463112636,26,30.153846153846153
