Strategy,Total Return %,Annualized Return %,Sharpe Ratio,Sortino Ratio,Calmar Ratio,Max Drawdown %,Win Rate %,Profit Factor,Num Trades,Avg Trade Duration
CRPU.SI,0.7017997185122112,0.6125436052818678,-1.0074788514383224,-1.244480330383136,0.4766145426607052,-1.2851970522391896,55.55555555555556,1.2915100105534996,18,57.55555555555556
J69U.SI,0.7328386920969205,0.6396224632838843,-1.298301144062653,-1.8177009730039952,0.6934600608386995,-0.9223638092586013,57.14285714285714,1.4228891073567167,14,61.714285714285715
BUOU.SI,0.9758761545911148,0.8516153834994711,-0.7084269045181454,-0.8140170456836654,0.3404795533206682,-2.5012232752120895,50.0,1.1991243445974484,32,27.8125
M44U.SI,0.8690282809154632,0.7584237680747119,-0.8235731649062151,-0.7804228087195938,0.3882659734562092,-1.953361406675651,50.0,1.2290396448287384,24,37.0
