Strategy,Total Return %,Annualized Return %,Sharpe Ratio,Sortino Ratio,Calmar Ratio,Max Drawdown %,Win Rate %,Profit Factor,Num Trades,Avg Trade Duration
CRPU.SI,0.6272536299128659,0.5321844051368485,-1.0748520386954543,-1.3217540358034845,0.4140877884909769,-1.2851970522391896,44.44444444444444,1.2517150873739087,18,58.666666666666664
J69U.SI,0.591175876790312,0.5015883693231915,-1.441528048389055,-2.0184711134832773,0.5574209724026429,-0.899837634671697,57.14285714285714,1.3496925501544923,14,62.42857142857143
BUOU.SI,0.9758756092911972,0.827750823034501,-0.7299194121800967,-0.8309328531341581,0.3309384913707693,-2.5012225673897945,50.0,1.1991242469977526,32,27.8125
M44U.SI,0.4696453955720608,0.3985112338135588,-1.0556974415541507,-0.9981485475958985,0.20401325184191327,-1.9533595500078544,46.15384615384615,1.090585287072177,26,34.92307692307692
