Strategy,Total Return %,Annualized Return %,Sharpe Ratio,Sortino Ratio,Calmar Ratio,Max Drawdown %,Win Rate %,Profit Factor,Num Trades,Avg Trade Duration
CRPU.SI,0.4787976870078456,0.3856071441541875,-1.1795559501052217,-1.4551430955320177,0.3000322649662248,-1.2852189220302557,44.44444444444444,1.1690048295393216,18,61.333333333333336
J69U.SI,0.192421428860398,0.15501259364092412,-1.735699891243938,-2.4849441059584465,0.16806014295543936,-0.9223638092586013,42.857142857142854,1.0624896763407818,14,66.71428571428571
BUOU.SI,0.4652765971674671,0.3747226297638573,-1.0081979418032998,-1.1301363208079986,0.1498157455503779,-2.5012232752120895,44.44444444444444,1.0593944425326647,36,25.72222222222222
M44U.SI,-1.0248499410520344,-0.8265874623228697,-1.8900842393999904,-1.7127286727434698,0.40919751164860146,-2.020020744976333,35.714285714285715,0.7441633696428106,28,29.428571428571427
