Strategy,Total Return %,Annualized Return %,Sharpe Ratio,Sortino Ratio,Calmar Ratio,Max Drawdown %,Win Rate %,Profit Factor,Num Trades,Avg Trade Duration
CRPU.SI,0.7017997185122112,0.7037345079557111,-0.9229056294022235,-1.1130869693842609,0.5475693448950879,-1.2851970522391896,55.55555555555556,1.2915100105534996,18,51.44444444444444
J69U.SI,0.8679430079060512,0.8703378132103978,-1.063756317064967,-1.483378937656426,0.9435949291093477,-0.9223638092586013,57.14285714285714,1.5104049375698076,14,53.857142857142854
BUOU.SI,0.8825790732950737,0.8850144389392911,-0.6764600729267628,-0.7600567664927428,0.3520855253569735,-2.5136348279071967,53.333333333333336,1.1991383974528322,30,27.0
M44U.SI,0.24561242864394442,0.24628801830870461,-1.1760597410391314,-1.0133272981516144,0.12555757437349227,-1.9615544465368469,41.66666666666667,1.033968328358878,24,27.833333333333332
