Strategy,Total Return %,Annualized Return %,Sharpe Ratio,Sortino Ratio,Calmar Ratio,Max Drawdown %,Win Rate %,Profit Factor,Num Trades,Avg Trade Duration
CRPU.SI,0.6272536299128659,0.671548426967572,-0.9315824387078255,-1.1307562145460883,0.5225256514536335,-1.2851970522391896,44.44444444444444,1.2517150873739087,18,49.0
J69U.SI,0.6362480677717395,0.6811801726258393,-1.2417860166043377,-1.6996613802623655,0.7570034263729876,-0.899837634671697,57.14285714285714,1.380524381421956,14,50.0
BUOU.SI,0.729091256988595,0.7806053768633081,-0.7282640161977335,-0.8206397246820213,0.31010718050078884,-2.517211551189227,46.666666666666664,1.153475891357275,30,25.533333333333335
M44U.SI,0.15447753897537042,0.1653588428169206,-1.2188474466609396,-1.0629206035460848,0.08185996560952288,-2.0200209172538934,45.45454545454545,1.0132049213187218,22,29.90909090909091
