Strategy,Total Return %,Annualized Return %,Sharpe Ratio,Sortino Ratio,Calmar Ratio,Max Drawdown %,Win Rate %,Profit Factor,Num Trades,Avg Trade Duration
CRPU.SI,0.7763447527680182,0.6695400861948864,-0.9703640227897428,-1.1886324928174647,0.5209629799791187,-1.2851970522391494,55.55555555555556,1.327617842391493,18,57.888888888888886
J69U.SI,0.7714646407160035,0.6653335637036406,-1.286534679396468,-1.7728979776318174,0.7393929060839798,-0.899837634671697,57.14285714285714,1.4730198752243486,14,61.42857142857143
BUOU.SI,0.9758767693058872,0.8415073019290675,-0.717179048029133,-0.8211819531956678,0.3364385366676317,-2.5012215017460804,50.0,1.1991245797211225,32,27.8125
M44U.SI,0.8690307568320168,0.7494275737998324,-0.8312341273345851,-0.78967711836877,0.38366088435311096,-1.9533593450983129,50.0,1.2290404985768402,24,37.25
