Strategy,Total Return %,Annualized Return %,Sharpe Ratio,Sortino Ratio,Calmar Ratio,Max Drawdown %,Win Rate %,Profit Factor,Num Trades,Avg Trade Duration
CRPU.SI,1.0253972066793358,0.7505215178572167,-0.9173342011061948,-1.15700087970757,0.5840497311039732,-1.2850301573439264,55.55555555555556,1.4482538051881535,18,66.33333333333333
J69U.SI,0.5408324903606263,0.3961076694000587,-1.4724591321651643,-2.0584534073233622,0.4401990471809768,-0.899837634671683,42.857142857142854,1.3170096675088965,14,72.57142857142857
BUOU.SI,1.3243468262925127,0.968948775273426,-0.6365132748387397,-0.7349548169400939,0.3877986339782678,-2.4985873862766774,52.63157894736842,1.2438349959031492,38,26.736842105263158
M44U.SI,-0.4871108269791875,-0.35725168499846083,-1.5869951249819736,-1.4308533474857377,0.18212704668989946,-1.9615520675890559,40.0,0.864270415235542,30,28.8
