Strategy,Total Return %,Annualized Return %,Sharpe Ratio,Sortino Ratio,Calmar Ratio,Max Drawdown %,Win Rate %,Profit Factor,Num Trades,Avg Trade Duration
CRPU.SI,0.7763448506960049,0.7226793813561505,-0.9218322230830636,-1.1135744803051937,0.5623101994539685,-1.2851969999084287,55.55555555555556,1.3276177495804877,18,54.666666666666664
J69U.SI,0.5076648324150301,0.47261562761933273,-1.4414999508189212,-2.032912658991912,0.512396109729438,-0.9223638092586013,57.14285714285714,1.2770293903348993,14,58.0
BUOU.SI,1.229414339989744,1.1442527252139234,-0.5214487962362103,-0.5954513226227921,0.4574775662271937,-2.5012215017460804,50.0,1.2748597329837397,32,26.6875
M44U.SI,0.6253702639845142,0.5821711611782021,-0.9599911528579744,-0.8416982385466641,0.2967911353211823,-1.9615517173320773,50.0,1.1467709532348032,24,30.25
