Strategy,Total Return %,Annualized Return %,Sharpe Ratio,Sortino Ratio,Calmar Ratio,Max Drawdown %,Win Rate %,Profit Factor,Num Trades,Avg Trade Duration
CRPU.SI,0.7017998163678203,0.7860866377598752,-0.8409868522247452,-1.0240800045856733,0.6116468041987804,-1.2851969999084687,55.55555555555556,1.291509933160114,18,47.333333333333336
J69U.SI,0.4626300604786593,0.5181185178357417,-1.3854076169513134,-1.9714407583674403,0.5617290191082052,-0.9223638092586013,57.14285714285714,1.2478574469305355,14,48.57142857142857
BUOU.SI,0.36847518080287045,0.4126473996370228,-0.9415156509296895,-1.0595609219106252,0.16363691047522982,-2.5217256818075064,50.0,1.0603233289184546,28,26.428571428571427
M44U.SI,0.2556337102016005,0.2862593894957133,-1.11020345971569,-0.9891306732353652,0.14593482964681756,-1.9615563343480136,45.45454545454545,1.0431934517583163,22,30.363636363636363
