Strategy,Total Return %,Annualized Return %,Sharpe Ratio,Sortino Ratio,Calmar Ratio,Max Drawdown %,Win Rate %,Profit Factor,Num Trades,Avg Trade Duration
CRPU.SI,0.7763458071115564,0.8804744698022837,-0.7742039894120165,-0.9401947502490673,0.6850890828517225,-1.2851970522391896,55.55555555555556,1.327618349714097,18,46.888888888888886
J69U.SI,0.5859427619148482,0.6644491924829632,-1.260244693429492,-1.7478246576586463,0.7384100940892474,-0.899837634671683,42.857142857142854,1.3591822696308706,14,47.42857142857143
BUOU.SI,0.3684776765073548,0.41778697779475404,-0.9419158415972159,-1.0536800577619878,0.16567519387227445,-2.5217231863741927,50.0,1.0603240564119834,28,26.142857142857142
M44U.SI,0.2556352158141271,0.2898222621050772,-1.1048395407165654,-0.9870752202987476,0.14775133211239966,-1.961554308590593,45.45454545454545,1.043193888093077,22,30.363636363636363
