Strategy,Total Return %,Annualized Return %,Sharpe Ratio,Sortino Ratio,Calmar Ratio,Max Drawdown %,Win Rate %,Profit Factor,Num Trades,Avg Trade Duration
CRPU.SI,0.9473100880456695,0.6976561052984387,-0.9555400929568479,-1.2016185387489835,0.5428305585451294,-1.2852189220302295,55.55555555555556,1.4104301503604282,18,66.0
J69U.SI,0.5911763929855988,0.4355803857998719,-1.4378187289461195,-1.997228290774505,0.48406553473259406,-0.8998376346717059,57.14285714285714,1.3496930244595813,14,72.0
BUOU.SI,1.276860242067378,0.9399529936174655,-0.6529511424221214,-0.7534949803590931,0.37619372844294613,-2.498587622680211,52.63157894736842,1.2335468609755134,38,26.57894736842105
M44U.SI,-0.5653731593923476,-0.41720156233644445,-1.6134506599454517,-1.4950583945843472,0.2126893161557595,-1.961553922299105,40.0,0.8519989525053492,30,29.533333333333335
