Strategy,Total Return %,Annualized Return %,Sharpe Ratio,Sortino Ratio,Calmar Ratio,Max Drawdown %,Win Rate %,Profit Factor,Num Trades,Avg Trade Duration
CRPU.SI,0.701798664948601,0.6245319840131547,-0.9992093140625583,-1.2239418730694396,0.4859425898348091,-1.2851970522391494,55.55555555555556,1.2915095032308956,18,56.666666666666664
J69U.SI,0.5977343762877899,0.5319552167916575,-1.398074625464065,-1.9615627422950104,0.5767303654500978,-0.9223638092586013,57.14285714285714,1.3353732771436264,14,60.57142857142857
BUOU.SI,0.9758761545911148,0.8683042056748524,-0.6948403666737535,-0.8021873977347566,0.34715181738472556,-2.5012232752120895,50.0,1.1991243445974484,32,27.8125
M44U.SI,0.945009424809814,0.8408541010995751,-0.7681488357676813,-0.7255868951140921,0.43046476194258826,-1.9533633770741057,50.0,1.2586444620504453,24,36.333333333333336
