Strategy,Total Return %,Annualized Return %,Sharpe Ratio,Sortino Ratio,Calmar Ratio,Max Drawdown %,Win Rate %,Profit Factor,Num Trades,Avg Trade Duration
CRPU.SI,0.7017997185122112,0.7909580540090388,-0.8364590445872578,-1.0199716438090425,0.615437183450552,-1.2851970522391896,55.55555555555556,1.2915100105534996,18,47.0
J69U.SI,0.32752574466952866,0.3690482932555028,-1.530978819799664,-2.1697583162380334,0.400111419757617,-0.9223638092586013,42.857142857142854,1.148755186264088,14,48.142857142857146
BUOU.SI,0.20626732002794598,0.23239935677148438,-1.0503131616898114,-1.179876921870638,0.09215894044779031,-2.5217234013572756,50.0,1.015700681327175,28,26.214285714285715
M44U.SI,0.15448191805317038,0.17404755848766662,-1.1934566873400296,-1.0578877072721302,0.08616140341989514,-2.020017682853551,45.45454545454545,1.0132062195882703,22,29.90909090909091
