Strategy,Total Return %,Annualized Return %,Sharpe Ratio,Sortino Ratio,Calmar Ratio,Max Drawdown %,Win Rate %,Profit Factor,Num Trades,Avg Trade Duration
CRPU.SI,0.701798664948601,0.7580714805352606,-0.8694053176292278,-1.052422342536244,0.5898484432519526,-1.2851970522391494,55.55555555555556,1.2915095032308956,18,48.55555555555556
J69U.SI,0.5527001721666238,0.5969823114930106,-1.3089966010885632,-1.8275953365293032,0.6472312411683884,-0.9223632505985528,57.14285714285714,1.3062018120597165,14,50.142857142857146
BUOU.SI,0.7290914051586697,0.787561198910991,-0.7239710072088454,-0.8125049929264005,0.3128705123830662,-2.5172113310145776,46.666666666666664,1.1534759395195322,30,25.266666666666666
M44U.SI,0.2556381461642741,0.276087109470069,-1.1305531981387935,-0.9950031695799914,0.14074921034148735,-1.9615535234636363,45.45454545454545,1.043194769373114,22,30.363636363636363
