Strategy,Total Return %,Annualized Return %,Sharpe Ratio,Sortino Ratio,Calmar Ratio,Max Drawdown %,Win Rate %,Profit Factor,Num Trades,Avg Trade Duration
CRPU.SI,0.5568847952456781,0.44747190689822247,-1.134620450679643,-1.3993798480932136,0.3481678555611298,-1.2852188958600095,44.44444444444444,1.2111993657484652,18,61.44444444444444
J69U.SI,0.32752574466952866,0.26323473201745884,-1.628445989614282,-2.3391837804591566,0.28539143597692507,-0.9223638092586013,42.857142857142854,1.148755186264088,14,66.85714285714286
BUOU.SI,0.5775388813371864,0.46405866273904195,-0.952585154765379,-1.0680161083364879,0.1855327345871985,-2.5012225673897945,50.0,1.0841050084154948,36,25.77777777777778
M44U.SI,-0.8400511965423175,-0.6759295274861077,-1.7740942112193927,-1.6165992518078858,0.3445886406919682,-1.9615548734536754,35.714285714285715,0.7804150689568362,28,29.857142857142858
