Strategy,Total Return %,Annualized Return %,Sharpe Ratio,Sortino Ratio,Calmar Ratio,Max Drawdown %,Win Rate %,Profit Factor,Num Trades,Avg Trade Duration
CRPU.SI,1.0253960995340095,0.752036474724882,-0.9168165147508268,-1.1514430826413726,0.5851427154917869,-1.2852188958600095,55.55555555555556,1.4482532737702554,18,66.22222222222223
J69U.SI,0.4175958555945544,0.30651531060879034,-1.5507334966018103,-2.1898603840525133,0.3323151810416147,-0.9223632505985528,42.857142857142854,1.2144935922904685,14,73.0
BUOU.SI,1.3794764607717844,1.0112512198792167,-0.6081827461412309,-0.7065030663334407,0.4228799182676218,-2.3913436798368872,52.63157894736842,1.2616761303239525,38,26.94736842105263
M44U.SI,-0.5653747786338863,-0.41552736672654245,-1.6157018144520898,-1.4940236584237752,0.21183531233680247,-1.9615585434872382,40.0,0.8519987689340299,30,29.533333333333335
