Strategy,Total Return %,Annualized Return %,Sharpe Ratio,Sortino Ratio,Calmar Ratio,Max Drawdown %,Win Rate %,Profit Factor,Num Trades,Avg Trade Duration
CRPU.SI,1.2901160859473384,0.8360031177166105,-0.8869621894370736,-1.0903416989814376,0.5787880783208605,-1.4444027944424223,50.0,1.6189304310598236,20,64.0
J69U.SI,0.5527001721666238,0.35861321381751576,-1.4686225362901915,-2.160302131502984,0.38879824579394234,-0.9223632505985528,57.14285714285714,1.3062018120597165,14,82.14285714285714
BUOU.SI,0.8590612109553148,0.5570943968155051,-0.9496515229690607,-1.0089093068530064,0.3368472534973976,-1.6538487134193276,50.0,1.164156786281696,32,28.5625
M44U.SI,0.17710109958356043,0.11498550268189689,-1.275692202117351,-1.1898792153102398,0.06451299506264326,-1.7823618725226433,50.0,1.001483980652313,32,30.625
