Strategy,Total Return %,Annualized Return %,Sharpe Ratio,Sortino Ratio,Calmar Ratio,Max Drawdown %,Win Rate %,Profit Factor,Num Trades,Avg Trade Duration
CRPU.SI,0.7763458071115564,0.6711328972497599,-0.9692022939297975,-1.1872094704749356,0.5222023316038967,-1.2851970522391896,55.55555555555556,1.327618349714097,18,57.888888888888886
J69U.SI,0.6878039201605498,0.5946258724704556,-1.34664253710598,-1.8837469485149463,0.6446760665386662,-0.9223638092586013,57.14285714285714,1.3937171639523536,14,62.142857142857146
BUOU.SI,0.9758756092911972,0.8435087797120655,-0.7159398758813045,-0.8197630403000404,0.3372385931222136,-2.5012225673897945,50.0,1.1991242469977526,32,27.8125
M44U.SI,0.8690264447572553,0.7512063969725702,-0.8300509464746322,-0.788552681125087,0.38457131496918145,-1.9533604502789552,50.0,1.2290390191973883,24,37.25
