Strategy,Total Return %,Annualized Return %,Sharpe Ratio,Sortino Ratio,Calmar Ratio,Max Drawdown %,Win Rate %,Profit Factor,Num Trades,Avg Trade Duration
CRPU.SI,0.4787976870078456,0.38138944176964173,-1.1831297727118715,-1.4645311198140898,0.29675056539563094,-1.2852189220302557,44.44444444444444,1.1690048295393216,18,61.55555555555556
J69U.SI,0.36581492188322956,0.29142560710810894,-1.6115966738322114,-2.288424210536104,0.3238646572216716,-0.899837634671697,42.857142857142854,1.17565724989469,14,66.28571428571429
BUOU.SI,0.4652772087738231,0.37062468686082095,-1.0102716755683023,-1.1368468548507848,0.14817747512648966,-2.5012215017460804,44.44444444444444,1.0593945966151899,36,25.833333333333332
M44U.SI,-0.9401025312996535,-0.7499261567085136,-1.8411283976149284,-1.6662768377033317,0.37124676000161566,-2.020020744976333,35.714285714285715,0.758144981317503,28,29.571428571428573
