Strategy,Total Return %,Annualized Return %,Sharpe Ratio,Sortino Ratio,Calmar Ratio,Max Drawdown %,Win Rate %,Profit Factor,Num Trades,Avg Trade Duration
CRPU.SI,1.0018513943346443,0.6686285902858247,-0.9911589474922857,-1.2480082251581504,0.5207231701940983,-1.2840384844726516,55.55555555555556,1.4372833544577868,18,70.33333333333333
J69U.SI,0.37256108340387073,0.24890285751366648,-1.5781508611183845,-2.2853190795202116,0.2698533981618901,-0.9223632505985528,42.857142857142854,1.1807102739833686,14,80.0
BUOU.SI,0.40830155289000686,0.2727644524271211,-1.1045329197196554,-1.2195155349454114,0.12548627779029345,-2.1736596003186244,47.05882352941176,1.0509657914337598,34,28.705882352941178
M44U.SI,-0.25129845425126407,-0.16806260842678888,-1.4150769944614174,-1.4442689273008718,0.08629559623104364,-1.9475224202267079,47.05882352941176,0.9119508345022053,34,31.176470588235293
