Strategy,Total Return %,Annualized Return %,Sharpe Ratio,Sortino Ratio,Calmar Ratio,Max Drawdown %,Win Rate %,Profit Factor,Num Trades,Avg Trade Duration
CRPU.SI,0.9473089817561231,0.6990724741433141,-0.9551247670118107,-1.1959631454693394,0.5439326033567821,-1.2852189220302557,55.55555555555556,1.4104296189425303,18,65.88888888888889
J69U.SI,0.5911763929855988,0.4364640489235905,-1.4355031481216511,-1.9961001554748798,0.48504755981097497,-0.8998376346717059,57.14285714285714,1.3496930244595813,14,71.85714285714286
BUOU.SI,1.382753475468453,1.0198361763808172,-0.6038102276834659,-0.6944061843913907,0.4081650637838543,-2.498587622680211,52.63157894736842,1.25648907632001,38,26.526315789473685
M44U.SI,-0.43459333429917024,-0.3212889515633588,-1.529305537386172,-1.4532477840946307,0.16379315413256335,-1.9615529920336523,40.0,0.8791101459713362,30,30.266666666666666
