Strategy,Total Return %,Annualized Return %,Sharpe Ratio,Sortino Ratio,Calmar Ratio,Max Drawdown %,Win Rate %,Profit Factor,Num Trades,Avg Trade Duration
CRPU.SI,0.7763458071115564,0.7135461095806539,-0.9285689145450811,-1.1308684126269668,0.5552036618333722,-1.2851970522391896,55.55555555555556,1.327618349714097,18,55.22222222222222
J69U.SI,0.501032010560175,0.4605537091646461,-1.4636681439584687,-2.0382576367599374,0.5118186786360333,-0.8998376346717059,42.857142857142854,1.2821997955855928,14,58.0
BUOU.SI,1.131881136919019,1.0401735938807777,-0.586348888439786,-0.6704745868167337,0.4158662450145426,-2.5012215017460804,50.0,1.243445959336946,32,27.0
M44U.SI,0.305319529723547,0.2806748877499876,-1.162227297517016,-1.0364852598835035,0.14308769371601385,-1.9615585412051093,50.0,1.0519590279069477,24,30.25
