Strategy,Total Return %,Annualized Return %,Sharpe Ratio,Sortino Ratio,Calmar Ratio,Max Drawdown %,Win Rate %,Profit Factor,Num Trades,Avg Trade Duration
CRPU.SI,0.7763458071115564,0.6679566267319137,-0.9726526656409183,-1.190047149601594,0.5197309047419131,-1.2851970522391896,55.55555555555556,1.327618349714097,18,58.22222222222222
J69U.SI,0.5977343762877899,0.5143455650471696,-1.422052692240288,-1.9989680181823994,0.5576384934927163,-0.9223638092586013,57.14285714285714,1.3353732771436264,14,62.57142857142857
BUOU.SI,0.9758767693058872,0.8395143072734257,-0.7192511793375017,-0.8225946606272758,0.33564172812658466,-2.5012215017460804,50.0,1.1991245797211225,32,27.8125
M44U.SI,0.7930426858873761,0.6823144942803783,-0.8761836253656452,-0.8358311810696735,0.34930256050747016,-1.9533624182116076,50.0,1.200793804338378,24,37.5
