Strategy,Total Return %,Annualized Return %,Sharpe Ratio,Sortino Ratio,Calmar Ratio,Max Drawdown %,Win Rate %,Profit Factor,Num Trades,Avg Trade Duration
CRPU.SI,0.5527064893097667,0.5831457517315952,-0.9966060244159975,-1.2113302452444823,0.4537403433314781,-1.2851970522391494,44.44444444444444,1.2087004030159842,18,49.333333333333336
J69U.SI,0.6427691482241606,0.6781851453638854,-1.2314331069853708,-1.7297425935677497,0.7352685985251445,-0.9223638092586013,57.14285714285714,1.3645452205479904,14,51.142857142857146
BUOU.SI,0.6779293928041261,0.715289562943866,-0.7705645430065301,-0.8673976023332822,0.2841594393409354,-2.5172120433615413,46.666666666666664,1.1378127393994983,30,25.733333333333334
M44U.SI,0.25563465964496573,0.26969131380354394,-1.1423470732213226,-0.9986935717921457,0.13748849752528725,-1.9615554657868133,45.45454545454545,1.0431937326131664,22,30.363636363636363
