Strategy,Total Return %,Annualized Return %,Sharpe Ratio,Sortino Ratio,Calmar Ratio,Max Drawdown %,Win Rate %,Profit Factor,Num Trades,Avg Trade Duration
J69U.SI,0.7263929666237527,0.7184905683843335,-1.2084723357444835,-1.6391220191936977,0.7984669019166613,-0.8998376346717059,57.14285714285714,1.442188550766475,14,54.0
M44U.SI,0.15448191805317038,0.15280603852469987,-1.257972885653619,-1.070194239655847,0.07564589152944466,-2.020017682853551,45.45454545454545,1.0132062195882703,22,29.90909090909091
