Strategy,Total Return %,Annualized Return %,Sharpe Ratio,Sortino Ratio,Calmar Ratio,Max Drawdown %,Win Rate %,Profit Factor,Num Trades,Avg Trade Duration
CRPU.SI,0.6272525771291839,0.6836160315649709,-0.9198449945650315,-1.1155166163143129,0.5319153435451264,-1.2851970522391494,44.44444444444444,1.2517145873742301,18,48.333333333333336
J69U.SI,0.9468249343486423,1.0320513306970813,-0.9115345927414689,-1.2726442309820456,1.1469306138475062,-0.899837634671683,57.14285714285714,1.6288457480847718,14,49.285714285714285
BUOU.SI,0.7903328462434365,0.8614129234236545,-0.6782837659824014,-0.7600091232931923,0.3422091889800403,-2.517211551189227,50.0,1.1793197393159998,28,27.0
M44U.SI,0.255638031737908,0.27856284709091295,-1.1258908144166315,-0.9935740718887557,0.14201127301629418,-1.961554467996009,45.45454545454545,1.0431947462596847,22,30.363636363636363
