Strategy,Total Return %,Annualized Return %,Sharpe Ratio,Sortino Ratio,Calmar Ratio,Max Drawdown %,Win Rate %,Profit Factor,Num Trades,Avg Trade Duration
CRPU.SI,0.6411219734201586,0.5083804292597138,-1.0904123805835262,-1.349532442319687,0.3974135474167059,-1.2792226952612014,44.44444444444444,1.2501055780086712,18,62.333333333333336
J69U.SI,0.37256108340387073,0.2955055630035952,-1.601146319655165,-2.3018140290632734,0.3203787258564688,-0.9223632505985528,42.857142857142854,1.1807102739833686,14,67.71428571428571
BUOU.SI,0.577540036775772,0.45799279965257345,-0.9576002062528678,-1.0758884228427577,0.18310765333372225,-2.5012215017460804,50.0,1.084105277324425,36,26.11111111111111
M44U.SI,-0.2055534477854417,-0.1631368403805289,-1.4052928758951457,-1.3517169566904046,0.0835159081468595,-1.9533624671081713,42.857142857142854,0.9177299429412251,28,34.714285714285715
