Strategy,Total Return %,Annualized Return %,Sharpe Ratio,Sortino Ratio,Calmar Ratio,Max Drawdown %,Win Rate %,Profit Factor,Num Trades,Avg Trade Duration
CRPU.SI,0.8913756189285779,0.5739208741201596,-1.1201356063054018,-1.3553836851723902,0.4502071486148385,-1.27479289452856,50.0,1.4861190967094584,16,80.25
J69U.SI,0.591175876790312,0.3808362080755856,-1.4521424074282896,-2.1226632797783624,0.4232276950880505,-0.899837634671697,57.14285714285714,1.3496925501544923,14,82.14285714285714
BUOU.SI,0.8590633462048209,0.5531478379668275,-0.9522487859535357,-1.0116686530016836,0.334461389914353,-1.653846616222203,50.0,1.1641573351449572,32,28.5625
M44U.SI,-0.33661186411763994,-0.21720296286872331,-1.5063653876384504,-1.4272774481760966,0.12162223690550836,-1.7858819932532095,40.0,0.8877102884720723,30,33.53333333333333
