Strategy,Total Return %,Annualized Return %,Sharpe Ratio,Sortino Ratio,Calmar Ratio,Max Drawdown %,Win Rate %,Profit Factor,Num Trades,Avg Trade Duration
CRPU.SI,1.1950511269642812,0.7829191846735029,-0.9135900522859899,-1.147778660637603,0.614230194819813,-1.2746348051208642,66.66666666666666,1.9531308052273053,12,107.0
J69U.SI,0.6761633050232922,0.4433702138392448,-1.3992467934870774,-2.024185586922363,0.4927224609815458,-0.899837634671683,57.14285714285714,1.4325044332922752,14,80.57142857142857
BUOU.SI,0.4119467205920409,0.2702416513497674,-1.1146698444559011,-1.2154733522591203,0.12899667007270121,-2.094950599867903,47.05882352941176,1.051778340846953,34,28.11764705882353
M44U.SI,-0.013714281453685542,-0.009003292540343821,-1.3419961365309663,-1.2915498148767217,0.005041370356136063,-1.7858819932531906,47.05882352941176,0.9598742778328768,34,30.0
