Strategy,Total Return %,Annualized Return %,Sharpe Ratio,Sortino Ratio,Calmar Ratio,Max Drawdown %,Win Rate %,Profit Factor,Num Trades,Avg Trade Duration
CRPU.SI,1.0073921670815797,0.6710871132259433,-0.9882221415309376,-1.2463704443438413,0.524269529852098,-1.2800421825301656,55.55555555555556,1.4263635193850037,18,70.22222222222223
J69U.SI,0.5911763929855988,0.3940908983714575,-1.448460704267179,-2.0805706667422843,0.43795778614576003,-0.8998376346717059,57.14285714285714,1.3496930244595813,14,79.42857142857143
BUOU.SI,0.40830155289000686,0.27226511890461325,-1.104852233616538,-1.2198680896323926,0.12525655758827348,-2.1736596003186244,47.05882352941176,1.0509657914337598,34,28.705882352941178
M44U.SI,-0.17160929905332523,-0.11454349234858441,-1.3987215145384797,-1.3828417087057148,0.058713746733928394,-1.9508803086210502,47.05882352941176,0.9282630863894569,34,30.470588235294116
