Strategy,Total Return %,Annualized Return %,Sharpe Ratio,Sortino Ratio,Calmar Ratio,Max Drawdown %,Win Rate %,Profit Factor,Num Trades,Avg Trade Duration
CRPU.SI,1.4809192122819332,0.9785721573797312,-0.7497437544190646,-0.9542641461399044,0.72511727391161,-1.3495364027130001,62.5,1.8511138975080372,16,79.5
J69U.SI,0.501032010560175,0.3316195579952774,-1.5020268351361983,-2.170936454886327,0.3685326610241908,-0.8998376346717059,42.857142857142854,1.2821997955855928,14,80.0
BUOU.SI,0.8433127653610791,0.557845136245283,-0.9222961744887707,-1.021627740925857,0.26742524693335185,-2.085985308576008,50.0,1.1605313560465014,32,31.0
M44U.SI,0.3357269732981331,0.22227043751743558,-1.18980719572508,-1.1351016731741683,0.12445975621969355,-1.7858819932532153,50.0,1.0374924666172003,32,30.875
