Strategy,Total Return %,Annualized Return %,Sharpe Ratio,Sortino Ratio,Calmar Ratio,Max Drawdown %,Win Rate %,Profit Factor,Num Trades,Avg Trade Duration
CRPU.SI,0.5568857949010817,0.45860921000830945,-1.1245824188810893,-1.3824654182561131,0.3568335261215681,-1.2852189506769267,44.44444444444444,1.2111999159577658,18,60.111111111111114
J69U.SI,0.6761633050232922,0.5567789671361734,-1.3690010805260528,-1.9259105160677161,0.6187549238694836,-0.899837634671683,57.14285714285714,1.4325044332922752,14,64.57142857142857
BUOU.SI,0.8589253444017231,0.7071591011204026,-0.8090970227438621,-0.9263869686887805,0.2827253801161621,-2.5012225673897945,47.05882352941176,1.1603401854010773,34,26.764705882352942
M44U.SI,0.22654974246310305,0.18662342740638493,-1.1792769947331807,-1.119820133851466,0.09553967322926181,-1.9533605370258487,46.15384615384615,1.022318154342756,26,36.0
