Strategy,Total Return %,Annualized Return %,Sharpe Ratio,Sortino Ratio,Calmar Ratio,Max Drawdown %,Win Rate %,Profit Factor,Num Trades,Avg Trade Duration
CRPU.SI,0.7017997185122112,0.7037345079557111,-0.9229056294022235,-1.1130869693842609,0.5475693448950879,-1.2851970522391896,55.55555555555556,1.2915100105534996,18,51.44444444444444
J69U.SI,1.037045477457086,1.0399092661227627,-0.9076038102612747,-1.2463153923111407,1.1556632286247803,-0.899837634671683,57.14285714285714,1.6942928530156025,14,53.285714285714285
BUOU.SI,0.8825796180911857,0.8850149852452915,-0.6764599852156973,-0.7600567240897732,0.3520856430571303,-2.5136355392420437,53.333333333333336,1.1991385076521792,30,27.0
M44U.SI,0.24561249782087546,0.24628808767614974,-1.1760595900453874,-1.0133269403880065,0.12555768167162865,-1.961553322721167,41.66666666666667,1.0339683389548584,24,27.833333333333332
