Strategy,Total Return %,Annualized Return %,Sharpe Ratio,Sortino Ratio,Calmar Ratio,Max Drawdown %,Win Rate %,Profit Factor,Num Trades,Avg Trade Duration
CRPU.SI,0.7017997185122112,0.5871810111998554,-1.0343842549366327,-1.2821777925175106,0.45688014159137247,-1.2851970522391896,55.55555555555556,1.2915100105534996,18,59.44444444444444
J69U.SI,0.32752574466952866,0.2741171024551514,-1.6340074480133913,-2.316459333578838,0.2971897853142,-0.9223638092586013,42.857142857142854,1.148755186264088,14,64.14285714285714
BUOU.SI,0.8589253444017231,0.7185532667171257,-0.8019437491292989,-0.9140894891950204,0.28728081862262567,-2.5012225673897945,47.05882352941176,1.1603401854010773,34,26.352941176470587
M44U.SI,0.14551882443331124,0.12180752578583309,-1.2231928864897748,-1.1556010494461153,0.062358027450774255,-1.9533575830632002,46.15384615384615,1.0014231148516952,26,35.46153846153846
