Strategy,Total Return %,Annualized Return %,Sharpe Ratio,Sortino Ratio,Calmar Ratio,Max Drawdown %,Win Rate %,Profit Factor,Num Trades,Avg Trade Duration
CRPU.SI,1.0798579650468674,0.7272811681932945,-0.9470574083695557,-1.2002338796155385,0.5664013789212754,-1.2840384844726516,55.55555555555556,1.4751060142635501,18,70.33333333333333
J69U.SI,0.7714646407160035,0.5198381488245474,-1.3507027712592725,-1.9202274383397913,0.5777021640289681,-0.899837634671697,57.14285714285714,1.4730198752243486,14,78.42857142857143
BUOU.SI,0.8203396215703106,0.5527280185307681,-0.9059090026579212,-1.0414124839185956,0.21019943882495234,-2.6295408856493814,50.0,1.1543602472728982,32,33.0625
M44U.SI,0.4892446472069969,0.32981976084545117,-1.1064308914389798,-1.0704301130860887,0.18504646330806232,-1.7823618725226464,50.0,1.0718920256025077,32,32.125
