Strategy,Total Return %,Annualized Return %,Sharpe Ratio,Sortino Ratio,Calmar Ratio,Max Drawdown %,Win Rate %,Profit Factor,Num Trades,Avg Trade Duration
CRPU.SI,0.6272537276960429,0.643162152964627,-0.9618789415909632,-1.1650981912660223,0.5004385732385251,-1.2851969999084687,44.44444444444444,1.2517150278443057,18,50.666666666666664
J69U.SI,0.8165368316974126,0.8372657970422415,-1.0992209378425744,-1.510934541373897,0.9304631911152675,-0.899837634671697,57.14285714285714,1.5038517064918118,14,52.142857142857146
BUOU.SI,0.8825790732950737,0.9049921288351248,-0.661322375808533,-0.7440700824349262,0.35985075679063006,-2.5149096167155522,53.333333333333336,1.1991383974528322,30,26.533333333333335
M44U.SI,0.25563806162705077,0.26210928405976386,-1.159461738969796,-1.0030701416723244,0.13362332852422917,-1.961553322721167,45.45454545454545,1.0431947544443423,22,30.363636363636363
