Strategy,Total Return %,Annualized Return %,Sharpe Ratio,Sortino Ratio,Calmar Ratio,Max Drawdown %,Win Rate %,Profit Factor,Num Trades,Avg Trade Duration
CRPU.SI,0.9473121435834219,0.6576606708178723,-0.9978477281419621,-1.2607182625608933,0.5117861764250062,-1.2850301573439264,55.55555555555556,1.4104311447851765,18,69.33333333333333
J69U.SI,0.5076648324150301,0.3526754971437507,-1.502612534585656,-2.1572596621169904,0.3823605106831243,-0.9223638092586013,57.14285714285714,1.2770293903348993,14,77.0
BUOU.SI,1.7503788777386033,1.2137086909578931,-0.4911847045928318,-0.5604848532071739,0.48675663959928983,-2.493460986905178,52.63157894736842,1.3384669014686192,38,27.31578947368421
M44U.SI,0.10868069303305675,0.07554645070551036,-1.2905752115225588,-1.1954844793873383,0.038656610196166195,-1.95429579371144,41.17647058823529,0.9853020131776941,34,26.88235294117647
