Strategy,Total Return %,Annualized Return %,Sharpe Ratio,Sortino Ratio,Calmar Ratio,Max Drawdown %,Win Rate %,Profit Factor,Num Trades,Avg Trade Duration
CRPU.SI,0.4787976870078456,0.383908918278264,-1.1812884270148645,-1.4622517901085257,0.2987109135242146,-1.2852189220302557,44.44444444444444,1.1690048295393216,18,61.55555555555556
J69U.SI,0.4108871128646388,0.3294790127940539,-1.5765220160135787,-2.231333638270965,0.3661538483153834,-0.899837634671697,42.857142857142854,1.2091479245401575,14,66.28571428571429
BUOU.SI,0.4652760546249192,0.37307199382201617,-1.0087539600011621,-1.1351389662193034,0.14915585629444547,-2.5012225673897945,44.44444444444444,1.0593943352092685,36,25.833333333333332
M44U.SI,-0.8400459721635343,-0.6744447910840501,-1.7750748208796143,-1.615703120367719,0.3438320654151903,-1.961552917612941,35.714285714285715,0.7804161310382307,28,29.928571428571427
