Strategy,Total Return %,Annualized Return %,Sharpe Ratio,Sortino Ratio,Calmar Ratio,Max Drawdown %,Win Rate %,Profit Factor,Num Trades,Avg Trade Duration
J69U.SI,0.6362480677717395,0.6208898531227414,-1.3038579555274208,-1.7761632583719231,0.6900020950438144,-0.899837634671697,57.14285714285714,1.380524381421956,14,54.42857142857143
M44U.SI,0.21920563346913696,0.2139249933891696,-1.2199668266127224,-1.0360443142567093,0.10590248619616602,-2.0200186140381122,50.0,1.026434596765922,24,27.5
