Strategy,Total Return %,Annualized Return %,Sharpe Ratio,Sortino Ratio,Calmar Ratio,Max Drawdown %,Win Rate %,Profit Factor,Num Trades,Avg Trade Duration
J69U.SI,0.7714651578364646,0.7488114103868071,-1.1826916908778795,-1.6114119784742067,0.8321628053043161,-0.8998376346717059,57.14285714285714,1.4730203928687715,14,55.0
M44U.SI,0.3952442845912264,0.3836591343944429,-1.0911453977378829,-0.9390933367646424,0.19558933049151414,-1.9615545154242877,50.0,1.0785983537878778,24,28.25
