Strategy,Total Return %,Annualized Return %,Sharpe Ratio,Sortino Ratio,Calmar Ratio,Max Drawdown %,Win Rate %,Profit Factor,Num Trades,Avg Trade Duration
CRPU.SI,1.110024644703899,0.8058728752208699,-0.8760291556952119,-1.1096296704979967,0.6300632724891031,-1.2790348373064508,55.55555555555556,1.4891779220642665,18,67.0
J69U.SI,0.5461036858089029,0.3967722172202537,-1.471276814950613,-2.0641661319732663,0.4409375668811794,-0.899837634671697,57.14285714285714,1.3188607188870276,14,73.0
BUOU.SI,1.3789454696806933,1.0007441082576118,-0.6176460964035486,-0.7122903282733174,0.4005237754376204,-2.498588522402143,52.63157894736842,1.2556639562805383,38,26.94736842105263
M44U.SI,0.11869444949104946,0.0862877704629339,-1.2626440826763525,-1.1885300742360285,0.04415287784308886,-1.9542954995953974,43.75,0.9914120151379484,32,28.5625
