Strategy,Total Return %,Annualized Return %,Sharpe Ratio,Sortino Ratio,Calmar Ratio,Max Drawdown %,Win Rate %,Profit Factor,Num Trades,Avg Trade Duration
AAPL,-0.4557908206215689,-0.30660807480943353,-1.595129331460825,-1.0332049360788442,0.22693326966988528,-1.3510935406494138,37.5,0.7993086167425263,16,11.875
MSFT,-0.4802083505369592,-0.323046590377829,-1.15371723016699,-1.0083649521634508,0.1138307384660948,-2.837955676392721,37.5,0.7935181642588901,16,24.625
GOOGL,0.15219556633299364,0.102279067162514,-0.9743406177120998,-1.060363695722808,0.06313198464984943,-1.6200831912664724,33.33333333333333,1.0192178474644438,18,15.333333333333334
NVDA,1.7617616006926438,1.1808480007215572,-0.37123621860824874,-0.3688720288592215,0.5031042510876178,-2.347123877742602,53.84615384615385,1.440512627430356,26,11.538461538461538
AMZN,0.24952748362880814,0.16766173693916198,-0.8150029515842265,-0.8852357232983455,0.10666866863552812,-1.571799283555686,42.857142857142854,1.0226351868636612,28,10.5
META,-1.3808227750515834,-0.9302909904484569,-1.1192316135337332,-0.8936105974142867,0.3899823935188861,-2.3854692055563396,38.46153846153847,0.7264033609560776,26,10.153846153846153
