Strategy,Total Return %,Annualized Return %,Sharpe Ratio,Sortino Ratio,Calmar Ratio,Max Drawdown %,Win Rate %,Profit Factor,Num Trades,Avg Trade Duration
CRPU.SI,0.6349687449730117,0.5002337914884691,-1.0984234880881412,-1.3569991575438318,0.3892209682716319,-1.2852179925192595,44.44444444444444,1.2565524611715424,18,62.44444444444444
J69U.SI,0.5461036858089029,0.4302654365877068,-1.4685673479254742,-2.096190962330731,0.4781589700287295,-0.899837634671697,57.14285714285714,1.3188607188870276,14,67.42857142857143
BUOU.SI,0.8581964688971494,0.675935622423185,-0.8139778366644963,-0.9291376689942584,0.2702420696635777,-2.5012227861659437,50.0,1.1449106514431717,36,26.27777777777778
M44U.SI,-0.5855470463707024,-0.4618950970604496,-1.6355314254371895,-1.4872957267805218,0.23547408849106238,-1.9615538168989717,42.857142857142854,0.8325631269660556,28,30.5
