Strategy,Total Return %,Annualized Return %,Sharpe Ratio,Sortino Ratio,Calmar Ratio,Max Drawdown %,Win Rate %,Profit Factor,Num Trades,Avg Trade Duration
BUOU.SI,1.750377669860154,1.2207255912631165,-0.4853375859478078,-0.5554830173538805,0.4895704043001286,-2.4934628003263795,52.63157894736842,1.3384665084447802,38,27.31578947368421
M44U.SI,-0.5653637644161791,-0.39565833968026043,-1.6288963016537954,-1.4817335598529944,0.20170698173756357,-1.9615500478562642,40.0,0.8520007870395545,30,29.533333333333335
