Strategy,Total Return %,Annualized Return %,Sharpe Ratio,Sortino Ratio,Calmar Ratio,Max Drawdown %,Win Rate %,Profit Factor,Num Trades,Avg Trade Duration
CRPU.SI,1.0798579650468674,0.7259344623077091,-0.9480595211331643,-1.2015038867760854,0.5653525739969132,-1.2840384844726516,55.55555555555556,1.4751060142635501,18,70.33333333333333
J69U.SI,0.7714646407160035,0.5188765538444384,-1.3515802624629747,-1.9214749242575702,0.5766335323747033,-0.899837634671697,57.14285714285714,1.4730198752243486,14,78.42857142857143
BUOU.SI,0.8203405855447272,0.551706064616142,-0.9065487488966336,-1.0421478956682313,0.20981087649292307,-2.6295398686576243,50.0,1.154360503903637,32,33.0625
M44U.SI,0.5174214764975659,0.34815432152348613,-1.121008785138153,-1.0317589521168662,0.19494811126309508,-1.7858819932532168,50.0,1.0783050319841212,32,30.375
