Strategy,Total Return %,Annualized Return %,Sharpe Ratio,Sortino Ratio,Calmar Ratio,Max Drawdown %,Win Rate %,Profit Factor,Num Trades,Avg Trade Duration
CRPU.SI,0.7017998163678203,0.6260647538369524,-0.9969089832863834,-1.222576419481045,0.4871352437653842,-1.2851969999084687,55.55555555555556,1.291509933160114,18,56.333333333333336
J69U.SI,0.7212735765775141,0.6434302866683339,-1.2956900793416066,-1.7943680315003618,0.7150515402738157,-0.899837634671683,57.14285714285714,1.4652279857576913,14,59.57142857142857
BUOU.SI,1.034347933848294,0.9225617170235179,-0.6610123126551359,-0.7613266498952609,0.36884446914417046,-2.5012215017460804,50.0,1.213543086997915,32,27.625
M44U.SI,0.9450098764678477,0.8429190222340788,-0.7658696137864205,-0.7242933585506518,0.43152226281954276,-1.953361610421887,50.0,1.258644811437371,24,36.083333333333336
