Strategy,Total Return %,Annualized Return %,Sharpe Ratio,Sortino Ratio,Calmar Ratio,Max Drawdown %,Win Rate %,Profit Factor,Num Trades,Avg Trade Duration
CRPU.SI,0.7017998163678203,0.7812747512011109,-0.8466421545308379,-1.0281394020372934,0.6079027193937996,-1.2851969999084687,55.55555555555556,1.291509933160114,18,47.55555555555556
J69U.SI,0.5911763929855988,0.6580829482520256,-1.2657067873241155,-1.7663051508831524,0.7313352130377595,-0.8998376346717059,57.14285714285714,1.3496930244595813,14,48.142857142857146
BUOU.SI,0.5847597553661763,0.6509377589540177,-0.8001719098416367,-0.9005015743651823,0.25813222990109735,-2.521722139089035,50.0,1.1198223639498708,28,26.571428571428573
M44U.SI,0.15447855069318392,0.17191945590879776,-1.1997872248593022,-1.0591194697618271,0.0851077968141788,-2.020020049210771,45.45454545454545,1.0132052209415316,22,29.90909090909091
