Strategy,Total Return %,Annualized Return %,Sharpe Ratio,Sortino Ratio,Calmar Ratio,Max Drawdown %,Win Rate %,Profit Factor,Num Trades,Avg Trade Duration
CRPU.SI,0.4787987881629488,0.38306628285593725,-1.1819042601782401,-1.4630142650674334,0.298055277812761,-1.2852189220302295,44.44444444444444,1.169005318997169,18,61.55555555555556
J69U.SI,0.45061194725218234,0.36052531256747233,-1.5430550236260416,-2.193979452459844,0.4006559613379746,-0.899837634671683,42.857142857142854,1.2400568893957713,14,66.42857142857143
BUOU.SI,0.4652765971674671,0.3722527664694164,-1.0092622371945446,-1.135711001456913,0.14882828340778634,-2.5012232752120895,44.44444444444444,1.0593944425326647,36,25.833333333333332
M44U.SI,-0.20555766787118046,-0.16457006646423133,-1.4054960012330822,-1.3468465832394052,0.08424962905640763,-1.9533625050627434,42.857142857142854,0.9177289821615153,28,34.357142857142854
