Strategy,Total Return %,Annualized Return %,Sharpe Ratio,Sortino Ratio,Calmar Ratio,Max Drawdown %,Win Rate %,Profit Factor,Num Trades,Avg Trade Duration
CRPU.SI,0.9473099213281057,0.7349013776439595,-0.9235899290813592,-1.149007970751884,0.5718106826402423,-1.2852179925192595,55.55555555555556,1.410430257019699,18,63.22222222222222
J69U.SI,0.6878039201605498,0.5337363646705784,-1.3676454113832808,-1.9741462997520165,0.5786614341466815,-0.9223638092586013,57.14285714285714,1.3937171639523536,14,69.14285714285714
BUOU.SI,1.3298068587679153,1.031196576724036,-0.595042105772834,-0.6798396387168222,0.4122770161154286,-2.5012225673897945,52.63157894736842,1.245017968647762,38,25.263157894736842
M44U.SI,-0.2458424789829587,-0.190972704521164,-1.4530658986310612,-1.3285732549019524,0.09266805748275331,-2.0608255930767343,42.857142857142854,0.9149139313662359,28,30.357142857142858
