Strategy,Total Return %,Annualized Return %,Sharpe Ratio,Sortino Ratio,Calmar Ratio,Max Drawdown %,Win Rate %,Profit Factor,Num Trades,Avg Trade Duration
CRPU.SI,0.9473089817561231,0.7349006495116939,-0.9235909278488504,-1.1490092195841615,0.5718097025452862,-1.2852189220302557,55.55555555555556,1.4104296189425303,18,63.22222222222222
J69U.SI,0.7714646407160035,0.5986014906667503,-1.3139881199969266,-1.8713984888644843,0.6652327793392951,-0.899837634671697,57.14285714285714,1.4730198752243486,14,68.42857142857143
BUOU.SI,1.3298067097142303,1.0311964613106905,-0.5950423170486864,-0.679839951059292,0.41227693391174625,-2.5012227861659437,52.63157894736842,1.2450179258050142,38,25.263157894736842
M44U.SI,-0.007272268033793807,-0.005647658287710744,-1.3164307964761948,-1.2114052326085019,0.0028791760276340884,-1.9615536644876856,42.857142857142854,0.9664896103175517,28,30.857142857142858
