Strategy,Total Return %,Annualized Return %,Sharpe Ratio,Sortino Ratio,Calmar Ratio,Max Drawdown %,Win Rate %,Profit Factor,Num Trades,Avg Trade Duration
CRPU.SI,0.9473121435834219,0.7317777376056211,-0.9258701907028547,-1.1518446841558745,0.5693798464704054,-1.2852188958599833,55.55555555555556,1.4104311447851765,18,63.22222222222222
J69U.SI,0.6878039201605498,0.5314687707112631,-1.3697604912135268,-1.977198983528406,0.5762029747659541,-0.9223638092586013,57.14285714285714,1.3937171639523536,14,69.14285714285714
BUOU.SI,1.3298074059792089,1.0268051651530552,-0.5977394426893542,-0.6829214277295576,0.4105211939010075,-2.5012232752120895,52.63157894736842,1.2450180484640154,38,25.263157894736842
M44U.SI,-0.10330068815033883,-0.07989230474825249,-1.376001272880484,-1.2602797930714342,0.03955029737583315,-2.0200178013596926,42.857142857142854,0.9446237377746713,28,30.571428571428573
