Strategy,Total Return %,Annualized Return %,Sharpe Ratio,Sortino Ratio,Calmar Ratio,Max Drawdown %,Win Rate %,Profit Factor,Num Trades,Avg Trade Duration
CRPU.SI,1.1100257527766553,0.7916241781060318,-0.8919672614865637,-1.1228701560961527,0.6189230777897688,-1.2790348373064298,55.55555555555556,1.4891784533822154,18,68.0
J69U.SI,0.5461042017728869,0.38977082373712335,-1.47773948481864,-2.0853180237092532,0.43315683709909086,-0.8998376346717059,57.14285714285714,1.3188611823572833,14,74.28571428571429
BUOU.SI,1.7503809621190702,1.247168975967905,-0.46555220666178393,-0.5366335912933287,0.500176121392874,-2.4934596487629794,52.63157894736842,1.3384674966161405,38,27.31578947368421
M44U.SI,0.11869063673801065,0.0847646585820705,-1.2714735077719623,-1.1894748756390543,0.04337352692473923,-1.954294810499322,43.75,0.9914112227010226,32,28.5625
