Strategy,Total Return %,Annualized Return %,Sharpe Ratio,Sortino Ratio,Calmar Ratio,Max Drawdown %,Win Rate %,Profit Factor,Num Trades,Avg Trade Duration
CRPU.SI,1.0253940424062784,0.7723120577235232,-0.8995477903714466,-1.1162319304317436,0.6009186796779373,-1.2852189220302557,55.55555555555556,1.4482522787482934,18,64.66666666666667
J69U.SI,0.9129777798424219,0.6877361343842869,-1.2138381145819293,-1.783681663225509,0.7456235028747401,-0.9223638092586013,57.14285714285714,1.5395768809741708,14,71.0
BUOU.SI,1.1709669238463358,0.8817988566482082,-0.6904938726707285,-0.7887311640231399,0.3525507812386059,-2.501196717108983,52.63157894736842,1.210604593930665,38,25.94736842105263
M44U.SI,0.37942961225609906,0.28600684066490967,-1.1053127912986342,-1.0883347724768166,0.1464177799804356,-1.953361406675651,46.666666666666664,1.049922753839878,30,33.666666666666664
