Strategy,Total Return %,Annualized Return %,Sharpe Ratio,Sortino Ratio,Calmar Ratio,Max Drawdown %,Win Rate %,Profit Factor,Num Trades,Avg Trade Duration
CRPU.SI,0.6272536299128659,0.6395575031662881,-0.9639494122107822,-1.1732646729613407,0.4976338080234402,-1.2851970522391896,44.44444444444444,1.2517150873739087,18,50.888888888888886
J69U.SI,0.8165368316974126,0.8325689169046191,-1.102515902672384,-1.5224515740481397,0.9252434937424898,-0.899837634671697,57.14285714285714,1.5038517064918118,14,52.42857142857143
BUOU.SI,0.8825796180911857,0.8999141815409395,-0.6652512599231463,-0.747520929089939,0.3578315184340904,-2.514910328411152,53.333333333333336,1.1991385076521792,30,26.666666666666668
M44U.SI,0.15448165813151718,0.1575046267617175,-1.243548379765434,-1.0674715750967996,0.07797193379904421,-2.020016935422579,45.45454545454545,1.013206149355377,22,29.90909090909091
