Strategy,Total Return %,Annualized Return %,Sharpe Ratio,Sortino Ratio,Calmar Ratio,Max Drawdown %,Win Rate %,Profit Factor,Num Trades,Avg Trade Duration
CRPU.SI,1.031875278155094,0.7231881243308091,-0.9458211373491597,-1.1948934824704138,0.5654170654599211,-1.2790348373064298,55.55555555555556,1.4513312287113282,18,68.88888888888889
J69U.SI,0.5977343762877899,0.4191907460611821,-1.4435279363093945,-2.069668429772791,0.45447440787830656,-0.9223638092586013,57.14285714285714,1.3353732771436264,14,76.14285714285714
BUOU.SI,1.8606291072464956,1.3024256987728577,-0.4328029457168796,-0.4984465141410129,0.5457616630725727,-2.3864367669952435,52.63157894736842,1.370713746792066,38,27.57894736842105
M44U.SI,-0.43459586413371654,-0.30525082597087083,-1.5471271323759657,-1.4432089311283718,0.15561683002298166,-1.9615540679359107,40.0,0.8791095803156445,30,30.266666666666666
