Strategy,Total Return %,Annualized Return %,Sharpe Ratio,Sortino Ratio,Calmar Ratio,Max Drawdown %,Win Rate %,Profit Factor,Num Trades,Avg Trade Duration
CRPU.SI,1.4807616420630256,0.9661344988658005,-0.7797857309094961,-0.9841459921155182,0.7574470108804565,-1.2755143065952106,62.5,1.853489489677216,16,80.125
J69U.SI,0.5076648324150301,0.33178378316451873,-1.4929177444904438,-2.1909924357017876,0.35971032236315464,-0.9223638092586013,57.14285714285714,1.2770293903348993,14,81.71428571428571
BUOU.SI,0.8590633462048209,0.5611004805708752,-0.946075082959673,-1.0061080024790103,0.33926996316778657,-1.653846616222203,50.0,1.1641573351449572,32,28.5625
M44U.SI,0.3784543189982287,0.24739349522620024,-1.1936077110080783,-1.0922488965792676,0.13880093545541008,-1.7823618725226504,50.0,1.046448542338154,32,30.0
