Strategy,Total Return %,Annualized Return %,Sharpe Ratio,Sortino Ratio,Calmar Ratio,Max Drawdown %,Win Rate %,Profit Factor,Num Trades,Avg Trade Duration
CRPU.SI,0.9598815022994496,0.6201524913721945,-1.0852881514599004,-1.293755256066108,0.5135842225994542,-1.207499109363905,50.0,1.5499453638780298,16,79.25
J69U.SI,0.5977343762877899,0.38642482065409656,-1.4403229647787854,-2.1236984510321997,0.41895054508340474,-0.9223638092586013,57.14285714285714,1.3353732771436264,14,82.57142857142857
BUOU.SI,1.292345233244996,0.8344623603741885,-0.7603799756461059,-0.8219748649083543,0.5067257935582654,-1.6467730101413096,53.333333333333336,1.2986312351771236,30,31.666666666666668
M44U.SI,0.14658976360153247,0.0948429712478438,-1.289193431102666,-1.2102214962114615,0.05310707628283748,-1.7858819932532048,50.0,0.9989769589852381,28,36.142857142857146
