Strategy,Total Return %,Annualized Return %,Sharpe Ratio,Sortino Ratio,Calmar Ratio,Max Drawdown %,Win Rate %,Profit Factor,Num Trades,Avg Trade Duration
J69U.SI,0.5977343762877899,0.577118170642632,-1.338463655782561,-1.8632830320913685,0.6256947257140556,-0.9223638092586013,57.14285714285714,1.3353732771436264,14,56.0
M44U.SI,0.39524839208097545,0.38162928911689153,-1.0952575231221438,-0.9402733065186748,0.19455470540902478,-1.9615526045210159,50.0,1.0785996111589786,24,28.416666666666668
