Strategy,Total Return %,Annualized Return %,Sharpe Ratio,Sortino Ratio,Calmar Ratio,Max Drawdown %,Win Rate %,Profit Factor,Num Trades,Avg Trade Duration
CRPU.SI,0.6272536299128659,0.6856709383452619,-0.9171675389514313,-1.1137753130580066,0.5335142476016596,-1.2851970522391896,44.44444444444444,1.2517150873739087,18,48.22222222222222
J69U.SI,0.7328386920969205,0.8011284162506849,-1.1235277670908757,-1.5949347722464777,0.8685601150099701,-0.9223638092586013,57.14285714285714,1.4228891073567167,14,49.714285714285715
BUOU.SI,0.7363169948804897,0.8049321385182884,-0.7115942542014811,-0.7977097658913729,0.3196000056989922,-2.5185610893774353,50.0,1.16444534547802,28,27.0
M44U.SI,0.2556381461642741,0.279398156704036,-1.1238229192403595,-0.9930921086960429,0.1424371822445535,-1.9615535234636363,45.45454545454545,1.043194769373114,22,30.363636363636363
