Strategy,Total Return %,Annualized Return %,Sharpe Ratio,Sortino Ratio,Calmar Ratio,Max Drawdown %,Win Rate %,Profit Factor,Num Trades,Avg Trade Duration
AAPL,0.3726045488440104,0.24577697277510246,-1.1402600820757667,-0.7998558633891986,0.1805910945723539,-1.3609584312953584,50.0,1.0981499958229914,20,10.4
MSFT,-1.2112687442372772,-0.8011362296578395,-1.398788027100107,-1.2262515616477683,0.26334271884964194,-3.042181052726413,25.0,0.5439720472367966,16,24.0
GOOGL,0.14318227195719374,0.09448249145327381,-0.9800941816970667,-1.0395241196452487,0.0583195307269466,-1.6200831912664564,33.33333333333333,1.0158380760916315,18,14.88888888888889
NVDA,1.7820341779305453,1.1726721831200493,-0.34868704585514815,-0.3557041595387901,0.4996209165780792,-2.347123877742592,57.14285714285714,1.4418303980999683,28,12.071428571428571
AMZN,0.14034303249118238,0.09260939302302429,-0.8709914126175139,-0.8998956772655622,0.058919350576062846,-1.5717992835557268,41.66666666666667,1.0024296350096806,24,11.25
META,-1.2605267390151857,-0.8337860328135549,-1.0830373887014169,-0.8680779471251903,0.3495270577676978,-2.3854692055563396,42.857142857142854,0.7445988026065228,28,9.5
