Strategy,Total Return %,Annualized Return %,Sharpe Ratio,Sortino Ratio,Calmar Ratio,Max Drawdown %,Win Rate %,Profit Factor,Num Trades,Avg Trade Duration
CRPU.SI,0.5629714987985972,0.44840046149223767,-1.1327383181661872,-1.4037989013949896,0.350525724061423,-1.2792226952612014,44.44444444444444,1.2065305595774274,18,61.77777777777778
J69U.SI,0.45061194725218234,0.35894814406298714,-1.5445394367753302,-2.1960900524699767,0.39890323568646235,-0.899837634671683,42.857142857142854,1.2400568893957713,14,66.42857142857143
BUOU.SI,0.4652765971674671,0.37062419990447903,-1.0102720074468854,-1.136847284121877,0.14817717537553787,-2.5012232752120895,44.44444444444444,1.0593944425326647,36,25.833333333333332
M44U.SI,-0.20555815654768592,-0.16385239857692468,-1.405030346548223,-1.3464011516014853,0.08388219032874271,-1.953363377074093,42.857142857142854,0.9177289033177867,28,34.357142857142854
