Strategy,Total Return %,Annualized Return %,Sharpe Ratio,Sortino Ratio,Calmar Ratio,Max Drawdown %,Win Rate %,Profit Factor,Num Trades,Avg Trade Duration
CRPU.SI,0.7763459050395977,0.7081756984517629,-0.9342024946250704,-1.1402471438403055,0.5510250167890206,-1.2851969999084687,55.55555555555556,1.3276182569029147,18,55.55555555555556
J69U.SI,0.591175876790312,0.5393087631218707,-1.3908373239156853,-1.9339849163758405,0.5993400835236635,-0.899837634671697,57.14285714285714,1.3496925501544923,14,58.42857142857143
BUOU.SI,1.1318799751121333,1.0323311035222549,-0.5920296846699712,-0.6785659711815986,0.4127306050175161,-2.5012225673897945,50.0,1.2434456021986553,32,27.1875
M44U.SI,1.020992783344991,0.9312412907718004,-0.7079703828352841,-0.6630534360355509,0.4767382871349106,-1.9533595599555265,50.0,1.2897118366348272,24,35.5
