Strategy,Total Return %,Annualized Return %,Sharpe Ratio,Sortino Ratio,Calmar Ratio,Max Drawdown %,Win Rate %,Profit Factor,Num Trades,Avg Trade Duration
CRPU.SI,0.6272525771291839,0.6598973025850663,-0.9430485522466039,-1.145712010318869,0.5134600187849424,-1.2851970522391494,44.44444444444444,1.2517145873742301,18,49.666666666666664
J69U.SI,0.7263929666237527,0.7642169167704216,-1.1602145253960423,-1.600121516677529,0.8492831232261543,-0.8998376346717059,57.14285714285714,1.442188550766475,14,50.857142857142854
BUOU.SI,0.7802545054476467,0.8208944866443302,-0.7073162348021332,-0.7960963542308125,0.32611256918510895,-2.5172120433615413,46.666666666666664,1.169576639495518,30,25.933333333333334
M44U.SI,0.15447938358698593,0.1624992307404316,-1.2272577269789262,-1.0645767912149304,0.08044440163617862,-2.020019136637472,45.45454545454545,1.0132054749507127,22,29.90909090909091
