Strategy,Total Return %,Annualized Return %,Sharpe Ratio,Sortino Ratio,Calmar Ratio,Max Drawdown %,Win Rate %,Profit Factor,Num Trades,Avg Trade Duration
CRPU.SI,1.1034800440819708,0.7600842665519414,-0.9205669287295786,-1.1645228330614266,0.5914917999770147,-1.2850292541358614,55.55555555555556,1.4860756110327533,18,69.77777777777777
J69U.SI,0.7212735765775141,0.4971104677580884,-1.374525728552895,-1.9566733552200632,0.5524446284572944,-0.899837634671683,57.14285714285714,1.4652279857576913,14,77.0
BUOU.SI,1.8606290046818506,1.2801259355393002,-0.44933369972596804,-0.5143806935250429,0.5364172473500594,-2.3864369422557092,52.63157894736842,1.3707137097002369,38,27.57894736842105
M44U.SI,0.19074413862274014,0.1315709690023592,-1.2545634699925634,-1.160681622550928,0.06732397901368356,-1.9542957937114425,47.05882352941176,1.0021271749350475,34,27.058823529411764
