Strategy,Total Return %,Annualized Return %,Sharpe Ratio,Sortino Ratio,Calmar Ratio,Max Drawdown %,Win Rate %,Profit Factor,Num Trades,Avg Trade Duration
CRPU.SI,0.7017987628041555,0.7603295869845983,-0.8678235082688378,-1.050507455938479,0.5916054791901727,-1.2851969999084287,55.55555555555556,1.291509425837687,18,48.55555555555556
J69U.SI,0.5526996043514192,0.5987584499371756,-1.3073387630819966,-1.8252821563967336,0.6491564867646524,-0.9223638092586013,57.14285714285714,1.3062013337392624,14,50.142857142857146
BUOU.SI,0.729091256988595,0.7899072209894387,-0.722570447649868,-0.8109332248572804,0.3138024774343088,-2.517211551189227,46.666666666666664,1.153475891357275,30,25.266666666666666
M44U.SI,0.25563910362676323,0.2769085295251106,-1.1300142269014197,-0.9945290544983522,0.1411679082027942,-1.9615543861946207,45.45454545454545,1.04319506412581,22,30.363636363636363
