Strategy,Total Return %,Annualized Return %,Sharpe Ratio,Sortino Ratio,Calmar Ratio,Max Drawdown %,Win Rate %,Profit Factor,Num Trades,Avg Trade Duration
CRPU.SI,0.4787976870078456,0.380556948906996,-1.1850467983955901,-1.46528436567559,0.296102821382237,-1.2852189220302557,44.44444444444444,1.1690048295393216,18,62.0
J69U.SI,0.49572221880640427,0.39400206397037785,-1.5125004110894495,-2.149180160786667,0.4378590634455231,-0.899837634671683,42.857142857142854,1.2773753637231815,14,67.0
BUOU.SI,0.5214086227747976,0.4144068626083852,-0.9838962241422726,-1.106299179066224,0.1656817928036727,-2.5012215017460804,50.0,1.071944167182051,36,26.055555555555557
M44U.SI,-0.8553518967561468,-0.6807795852217025,-1.7951021401506386,-1.6243801052062583,0.33701650392698707,-2.0200185370422985,35.714285714285715,0.7726627126577228,28,29.857142857142858
