Strategy,Total Return %,Annualized Return %,Sharpe Ratio,Sortino Ratio,Calmar Ratio,Max Drawdown %,Win Rate %,Profit Factor,Num Trades,Avg Trade Duration
CRPU.SI,1.025395996701791,0.7870042700921731,-0.8876927950994224,-1.1016873678905499,0.6123503467464843,-1.2852189506769338,55.55555555555556,1.4482534249456802,18,63.77777777777778
J69U.SI,0.7263924497345761,0.5577071718005477,-1.3508468637703535,-1.9379460412916139,0.6197864484785919,-0.899837634671697,57.14285714285714,1.442188043956884,14,69.14285714285714
BUOU.SI,1.4357006399521377,1.1013993341671968,-0.5534360796010076,-0.630576352951752,0.44034894442059447,-2.501196717108983,52.63157894736842,1.267960260322002,38,25.526315789473685
M44U.SI,0.6965427271008957,0.5348076432581061,-0.9419259683521255,-0.9154432694047718,0.27378797115133935,-1.9533642804288331,53.333333333333336,1.1300629856970335,30,33.06666666666667
