Strategy,Total Return %,Annualized Return %,Sharpe Ratio,Sortino Ratio,Calmar Ratio,Max Drawdown %,Win Rate %,Profit Factor,Num Trades,Avg Trade Duration
CRPU.SI,0.6349700140415371,0.5013202594163157,-1.0964272351127966,-1.3560171366248275,0.3900660430865602,-1.2852189220302548,44.44444444444444,1.2565529509715523,18,62.333333333333336
J69U.SI,0.5859427619148482,0.46263606991787665,-1.434341849000299,-2.0512344744915145,0.514132830292962,-0.899837634671683,42.857142857142854,1.3591822696308706,14,67.42857142857143
BUOU.SI,0.7459337905448411,0.5888598904701947,-0.8676457167224902,-0.990241115166135,0.23542882514638122,-2.5012225673897945,50.0,1.1205884752610689,36,26.22222222222222
M44U.SI,0.043747372889392865,0.034560731404398304,-1.2768970322540747,-1.2230914386503076,0.017692951832094708,-1.9533615268033309,50.0,0.9741650845526789,28,34.785714285714285
