Strategy,Total Return %,Annualized Return %,Sharpe Ratio,Sortino Ratio,Calmar Ratio,Max Drawdown %,Win Rate %,Profit Factor,Num Trades,Avg Trade Duration
CRPU.SI,1.031875278155094,0.7121918026814056,-0.9571725271992636,-1.2094134966450927,0.5568197064758913,-1.2790348373064298,55.55555555555556,1.4513312287113282,18,69.66666666666667
J69U.SI,0.5977349443573076,0.41282667116815386,-1.4468177385705059,-2.0784880636847,0.4475749341707365,-0.9223632505985528,57.14285714285714,1.3353737661466116,14,77.14285714285714
BUOU.SI,1.7503809621190702,1.2067726090052355,-0.49601317520890487,-0.5654289607538947,0.48397519069695905,-2.4934596487629794,52.63157894736842,1.3384674966161405,38,27.31578947368421
M44U.SI,0.10380651446368575,0.0717486921391286,-1.2948743881155125,-1.19754023825975,0.03671332126639787,-1.9542958703874365,41.17647058823529,0.9843034005839987,34,26.823529411764707
