Strategy,Total Return %,Annualized Return %,Sharpe Ratio,Sortino Ratio,Calmar Ratio,Max Drawdown %,Win Rate %,Profit Factor,Num Trades,Avg Trade Duration
J69U.SI,0.7263924497345761,0.6921360369120722,-1.239033570538808,-1.7017369942360165,0.7691788054237094,-0.899837634671697,57.14285714285714,1.442188043956884,14,56.0
M44U.SI,0.24560909617899596,0.23405261239126673,-1.1957328536601748,-1.0426906755952419,0.1193199052861777,-1.9615554657868133,41.66666666666667,1.0339673293194085,24,28.833333333333332
