Strategy,Total Return %,Annualized Return %,Sharpe Ratio,Sortino Ratio,Calmar Ratio,Max Drawdown %,Win Rate %,Profit Factor,Num Trades,Avg Trade Duration
CRPU.SI,0.7763448506960049,0.675953516699046,-0.9634274449761097,-1.1829012013236917,0.5259532326539886,-1.2851969999084287,55.55555555555556,1.3276177495804877,18,57.666666666666664
J69U.SI,0.6878039201605498,0.5988960605599392,-1.3408624737047392,-1.8721181513836325,0.6493056801972028,-0.9223638092586013,57.14285714285714,1.3937171639523536,14,61.857142857142854
BUOU.SI,0.9758730984834982,0.8495716202377768,-0.7105217944303449,-0.8154657309940171,0.33966219913545376,-2.501225106591789,50.0,1.19912351608271,32,27.8125
M44U.SI,0.05029765380995742,0.043813958769267636,-1.3422112736341723,-1.2002956504382987,0.021689845092166826,-2.0200217467247295,41.66666666666667,0.9772282620105215,24,31.666666666666668
