Strategy,Total Return %,Annualized Return %,Sharpe Ratio,Sortino Ratio,Calmar Ratio,Max Drawdown %,Win Rate %,Profit Factor,Num Trades,Avg Trade Duration
CRPU.SI,0.6272536299128659,0.5297140743731443,-1.077299000653621,-1.3291657885642916,0.4121656468556532,-1.2851970522391896,44.44444444444444,1.2517150873739087,18,59.111111111111114
J69U.SI,0.41759528854228845,0.3527152792691668,-1.562436881266058,-2.196425021797652,0.3824036413057884,-0.9223638092586013,42.857142857142854,1.2144931560787353,14,63.714285714285715
BUOU.SI,0.9657791816289683,0.8153851261017309,-0.7393077988947421,-0.8400559894969201,0.3259947691687912,-2.5012215017460804,47.05882352941176,1.1903262659861105,34,26.176470588235293
M44U.SI,0.04483583858385828,0.0378808152580179,-1.278000933089802,-1.2086200803445755,0.019392621624296558,-1.9533622628184484,42.857142857142854,0.9741257486087813,28,32.714285714285715
