Strategy,Total Return %,Annualized Return %,Sharpe Ratio,Sortino Ratio,Calmar Ratio,Max Drawdown %,Win Rate %,Profit Factor,Num Trades,Avg Trade Duration
CRPU.SI,1.0253951495515685,0.7691224572093702,-0.9018847954552804,-1.119132002219224,0.5984369230997673,-1.2852189220302295,55.55555555555556,1.4482528101661913,18,64.66666666666667
J69U.SI,0.9968255956231041,0.7477195748732068,-1.1642235222701416,-1.6885654163384962,0.8309494358346214,-0.899837634671697,57.14285714285714,1.627179031561669,14,70.28571428571429
BUOU.SI,1.1709675397487445,0.8781546292849107,-0.6927441788542208,-0.7913015839483369,0.35109403667643446,-2.5011949436618064,52.63157894736842,1.210604807450904,38,25.94736842105263
M44U.SI,-0.2524019225081793,-0.18962073818490355,-1.4408744074940425,-1.3519283691285595,0.09666863566520059,-1.9615538884983401,40.0,0.9116185658774365,30,29.533333333333335
