Strategy,Total Return %,Annualized Return %,Sharpe Ratio,Sortino Ratio,Calmar Ratio,Max Drawdown %,Win Rate %,Profit Factor,Num Trades,Avg Trade Duration
CRPU.SI,0.4787976870078456,0.3856071441541875,-1.1795561565805743,-1.4551434638559952,0.3000322649662248,-1.2852189220302557,44.44444444444444,1.1690048295393216,18,61.333333333333336
J69U.SI,0.19242199464113582,0.15501304934262272,-1.7357002708079223,-2.484942978960478,0.16806073880548633,-0.9223632505985528,42.857142857142854,1.0624900101948074,14,66.71428571428571
BUOU.SI,0.4652760546249192,0.37472219300991316,-1.008198004274448,-1.1301362956631043,0.1498156133306292,-2.5012225673897945,44.44444444444444,1.0593943352092685,36,25.72222222222222
M44U.SI,-0.20555457830014348,-0.16565654083968706,-1.4054722387058383,-1.3417263735665768,0.08480596446140855,-1.953359553089807,42.857142857142854,0.9177296610400036,28,34.214285714285715
