Strategy,Total Return %,Annualized Return %,Sharpe Ratio,Sortino Ratio,Calmar Ratio,Max Drawdown %,Win Rate %,Profit Factor,Num Trades,Avg Trade Duration
CRPU.SI,1.0253960995340095,0.7612612213232506,-0.9093283167736501,-1.1346351891237572,0.5923202839418646,-1.2852188958600095,55.55555555555556,1.4482532737702554,18,65.55555555555556
J69U.SI,0.7212735765775141,0.5356862457671863,-1.3410309098356525,-1.8633913899517447,0.5953143379723589,-0.899837634671683,57.14285714285714,1.4652279857576913,14,71.57142857142857
BUOU.SI,1.488646708869528,1.104530784119273,-0.5526013585342086,-0.6333077582365977,0.44183155354032194,-2.499891135589692,52.63157894736842,1.2794312916645072,38,26.36842105263158
M44U.SI,-0.5653707419941384,-0.42059139586170247,-1.612329027639018,-1.497154864733372,0.21441726226422358,-1.9615556668353185,40.0,0.8519995156493199,30,29.533333333333335
