Strategy,Total Return %,Annualized Return %,Sharpe Ratio,Sortino Ratio,Calmar Ratio,Max Drawdown %,Win Rate %,Profit Factor,Num Trades,Avg Trade Duration
CRPU.SI,0.7017998163678203,0.6276040314485476,-0.9957921041008059,-1.2212067155475976,0.4883329415593448,-1.2851969999084687,55.55555555555556,1.291509933160114,18,56.333333333333336
J69U.SI,0.5527001721666238,0.49430619216146443,-1.4329589049605918,-2.0118683959736634,0.5359127131753052,-0.9223632505985528,57.14285714285714,1.3062018120597165,14,60.142857142857146
BUOU.SI,1.0343442609002704,0.924830039445923,-0.6596208127064409,-0.7597238922393991,0.3697508221105744,-2.501225106591789,50.0,1.2135419976172834,32,27.625
M44U.SI,0.9450093043764537,0.8449931931790333,-0.7644967664762208,-0.7229950548999183,0.43258432625750837,-1.9533606325718482,50.0,1.25864449330329,24,36.083333333333336
