Strategy,Total Return %,Annualized Return %,Sharpe Ratio,Sortino Ratio,Calmar Ratio,Max Drawdown %,Win Rate %,Profit Factor,Num Trades,Avg Trade Duration
CRPU.SI,0.47880073188465755,0.38391135856505887,-1.1812868639785385,-1.462250051427256,0.2987128055984953,-1.2852189506769267,44.44444444444444,1.1690062555948901,18,61.55555555555556
J69U.SI,0.2824909727331578,0.2265503959358206,-1.6638359415494546,-2.3949341883797555,0.24561934635956983,-0.9223638092586013,42.857142857142854,1.1184845730725765,14,67.0
BUOU.SI,0.4652759068429077,0.3730718753804263,-1.0087544005134006,-1.1351395498247965,0.1491557958946544,-2.5012227861659437,44.44444444444444,1.05939430082861,36,25.833333333333332
M44U.SI,-0.8400499126909563,-0.6744479574456341,-1.7750764339167013,-1.615704798085054,0.34383337735700126,-1.9615546420479029,35.714285714285715,0.7804153508849557,28,29.928571428571427
