Strategy,Total Return %,Annualized Return %,Sharpe Ratio,Sortino Ratio,Calmar Ratio,Max Drawdown %,Win Rate %,Profit Factor,Num Trades,Avg Trade Duration
CRPU.SI,0.6272526749122881,0.5272657691299365,-1.0778928624166377,-1.3365509724188502,0.41026065978017734,-1.2851969999084287,44.44444444444444,1.2517145278447988,18,59.333333333333336
J69U.SI,0.4108871128646388,0.3454490514122277,-1.5735448245394696,-2.20178992764229,0.38390153745710326,-0.899837634671697,42.857142857142854,1.2091479245401575,14,63.285714285714285
BUOU.SI,0.9123515346263593,0.7667457161939506,-0.7711660417577377,-0.8771329443024888,0.3065483492453202,-2.5012227861659437,47.05882352941176,1.1751417645950362,34,26.294117647058822
M44U.SI,0.3075787354457316,0.25861479602602433,-1.1364505788819117,-1.0674844553845997,0.13239473855652764,-1.953361582534531,46.15384615384615,1.0441032227420686,26,35.38461538461539
