Strategy,Total Return %,Annualized Return %,Sharpe Ratio,Sortino Ratio,Calmar Ratio,Max Drawdown %,Win Rate %,Profit Factor,Num Trades,Avg Trade Duration
CRPU.SI,1.1950511269642812,0.7843353676499465,-0.9125265701303263,-1.1464428075252528,0.615341244801152,-1.2746348051208642,66.66666666666666,1.9531308052273053,12,107.0
J69U.SI,0.5076648324150301,0.33358019696458907,-1.4939948965961025,-2.1840228909252106,0.3616579419271901,-0.9223638092586013,57.14285714285714,1.2770293903348993,14,81.14285714285714
BUOU.SI,0.8433110173666318,0.5538123719954324,-0.9257933619305101,-1.024483906213071,0.2654917624627609,-2.0859870259557023,50.0,1.160530856480714,32,31.0
M44U.SI,0.5171614721325204,0.33981481635985133,-1.1113126871013612,-1.0454969065804611,0.1906542221299308,-1.7823618725226427,50.0,1.0784206879295049,32,31.6875
