Strategy,Total Return %,Annualized Return %,Sharpe Ratio,Sortino Ratio,Calmar Ratio,Max Drawdown %,Win Rate %,Profit Factor,Num Trades,Avg Trade Duration
CRPU.SI,1.0018534509829988,0.6723364394845888,-0.9897105895210919,-1.2479000199728305,0.5236108273274632,-1.2840384583264421,55.55555555555556,1.4372843503000674,18,70.0
BUOU.SI,0.31319607032306523,0.2104198221292597,-1.1313252889645578,-1.2708902376213613,0.08613980368369671,-2.4427710899123505,47.05882352941176,1.0301807994005332,34,29.470588235294116
M44U.SI,-0.04255248732059044,-0.028605416826288366,-1.3475250466080266,-1.3068539983249783,0.014706087271253466,-1.9451412397235284,47.05882352941176,0.9552209581412575,34,29.764705882352942
