Strategy,Total Return %,Annualized Return %,Sharpe Ratio,Sortino Ratio,Calmar Ratio,Max Drawdown %,Win Rate %,Profit Factor,Num Trades,Avg Trade Duration
J69U.SI,0.5526996043514192,0.5308247137412625,-1.3829138567149448,-1.930220237296812,0.5755047069419831,-0.9223638092586013,57.14285714285714,1.3062013337392624,14,56.142857142857146
M44U.SI,0.2939485601642082,0.2823289635923265,-1.1738755532458973,-1.0073919989561626,0.13976552156576968,-2.0200186743443056,50.0,1.0485797196152518,24,28.083333333333332
