Strategy,Total Return %,Annualized Return %,Sharpe Ratio,Sortino Ratio,Calmar Ratio,Max Drawdown %,Win Rate %,Profit Factor,Num Trades,Avg Trade Duration
CRPU.SI,0.7017997185122112,0.7076362682418402,-0.9189448029773256,-1.1097365285339684,0.550605268669836,-1.2851970522391896,55.55555555555556,1.2915100105534996,18,51.333333333333336
J69U.SI,0.9129777798424219,0.9205786141140537,-1.0134597351853851,-1.4174068738456775,0.9980645433758047,-0.9223638092586013,57.14285714285714,1.5395768809741708,14,53.714285714285715
BUOU.SI,0.9337421744129459,0.9415166841030942,-0.6415699415906206,-0.719251551514206,0.3745637223075693,-2.5136355392420437,53.333333333333336,1.2132131049232888,30,26.933333333333334
M44U.SI,0.255635603202536,0.25775685829212414,-1.1668848946360781,-1.0055813889575347,0.13140432167262164,-1.961555411657578,45.45454545454545,1.0431940239472555,22,30.363636363636363
