Strategy,Total Return %,Annualized Return %,Sharpe Ratio,Sortino Ratio,Calmar Ratio,Max Drawdown %,Win Rate %,Profit Factor,Num Trades,Avg Trade Duration
CRPU.SI,1.5496664898693961,1.01279702561905,-0.7461656867870439,-0.9270620696368912,0.838282144558334,-1.2081815558085907,62.5,1.9343748946863406,16,79.25
J69U.SI,0.5461042017728869,0.3575240210323738,-1.4754586857740783,-2.141876588404648,0.3973205912451215,-0.8998376346717059,57.14285714285714,1.3188611823572833,14,80.85714285714286
BUOU.SI,0.8396476494867784,0.5494246740588515,-0.9364868280966517,-1.0360861248526336,0.2629346571235619,-2.0895863636593877,50.0,1.1595425677577265,32,30.75
M44U.SI,0.9714678467740486,0.6355379469192401,-0.9133620745332661,-0.8504345797039107,0.3565706586955516,-1.7823618725226558,52.94117647058824,1.1760494086191238,34,28.647058823529413
