Strategy,Total Return %,Annualized Return %,Sharpe Ratio,Sortino Ratio,Calmar Ratio,Max Drawdown %,Win Rate %,Profit Factor,Num Trades,Avg Trade Duration
J69U.SI,0.5526996043514192,0.5408134611905036,-1.3710574784902583,-1.898287110682818,0.5863342162407814,-0.9223638092586013,57.14285714285714,1.3062013337392624,14,55.142857142857146
M44U.SI,0.3204292426795837,0.31354600280251166,-1.1401795303306665,-0.9744645691253011,0.15984575981705873,-1.9615534572913336,50.0,1.0564351533611063,24,27.916666666666668
