Strategy,Total Return %,Annualized Return %,Sharpe Ratio,Sortino Ratio,Calmar Ratio,Max Drawdown %,Win Rate %,Profit Factor,Num Trades,Avg Trade Duration
CRPU.SI,0.7017998163678203,0.778890831721113,-0.8494589710224125,-1.0301505210742425,0.6060478135076454,-1.2851969999084687,55.55555555555556,1.291509933160114,18,47.666666666666664
J69U.SI,0.5527001721666238,0.6133631175004872,-1.300223659120707,-1.844730839585692,0.6649908450954166,-0.9223632505985528,57.14285714285714,1.3062018120597165,14,49.0
BUOU.SI,0.5847584518868644,0.6489513716868345,-0.8024468875483769,-0.9018276288699018,0.25734439048213903,-2.5217234013572756,50.0,1.119821964526375,28,26.642857142857142
M44U.SI,0.25563891262654576,0.28365119636470926,-1.1164784757240325,-0.9906365395563683,0.14460539224362867,-1.9615533830634655,45.45454545454545,1.0431950171478532,22,30.363636363636363
