Strategy,Total Return %,Annualized Return %,Sharpe Ratio,Sortino Ratio,Calmar Ratio,Max Drawdown %,Win Rate %,Profit Factor,Num Trades,Avg Trade Duration
CRPU.SI,0.7017998163678203,0.6260647538369524,-0.9969089832863834,-1.222576419481045,0.4871352437653842,-1.2851969999084687,55.55555555555556,1.291509933160114,18,56.333333333333336
J69U.SI,0.5526996043514192,0.49309413832308024,-1.4341116760017585,-2.0134882979673594,0.5345983150828855,-0.9223638092586013,57.14285714285714,1.3062013337392624,14,60.142857142857146
BUOU.SI,1.034347933848294,0.9225617170235179,-0.6610123126551359,-0.7613266498952609,0.36884446914417046,-2.5012215017460804,50.0,1.213543086997915,32,27.625
M44U.SI,0.9450152924023132,0.8429238506370673,-0.765866665012179,-0.7242908205008927,0.4315254082007334,-1.9533585615541855,50.0,1.2586467086893611,24,36.083333333333336
