Strategy,Total Return %,Annualized Return %,Sharpe Ratio,Sortino Ratio,Calmar Ratio,Max Drawdown %,Win Rate %,Profit Factor,Num Trades,Avg Trade Duration
CRPU.SI,0.7017987628041555,0.7196045521568051,-0.9069085845015847,-1.099458100812013,0.5599177030510323,-1.2851969999084287,55.55555555555556,1.291509425837687,18,50.666666666666664
J69U.SI,0.7778734640332914,0.7976170263400473,-1.1275740416346354,-1.5788698594866448,0.8647531682549147,-0.9223638092586013,57.14285714285714,1.4520610507610798,14,52.857142857142854
BUOU.SI,0.8825790732950737,0.9049921288351248,-0.661322375808533,-0.7440700824349262,0.35985075679063006,-2.5149096167155522,53.333333333333336,1.1991383974528322,30,26.533333333333335
M44U.SI,0.15447855069318392,0.15838699848895743,-1.2413405537364373,-1.0669596544699909,0.07840862695934121,-2.020020049210771,45.45454545454545,1.0132052209415316,22,29.90909090909091
