Strategy,Total Return %,Annualized Return %,Sharpe Ratio,Sortino Ratio,Calmar Ratio,Max Drawdown %,Win Rate %,Profit Factor,Num Trades,Avg Trade Duration
CRPU.SI,0.6272537276960429,0.7202941749914649,-0.883213703374294,-1.0698230793959465,0.5604542922546224,-1.2851969999084687,44.44444444444444,1.2517150278443057,18,46.22222222222222
J69U.SI,0.6920269581222965,0.7947130878467545,-1.1327993461060515,-1.5697906763029936,0.8831738718471311,-0.899837634671683,50.0,1.4818048839103775,12,54.5
BUOU.SI,0.37273229437885674,0.42793937620086986,-0.9315503886556604,-1.0425405134529273,0.17711990019060841,-2.4160999172895927,50.0,1.063331254544014,28,25.785714285714285
M44U.SI,0.23908860609422847,0.27447405532088354,-1.1212061785743688,-0.9938025401898367,0.13587698334932571,-2.0200187592863985,45.45454545454545,1.0362344985499927,22,29.545454545454547
