Strategy,Total Return %,Annualized Return %,Sharpe Ratio,Sortino Ratio,Calmar Ratio,Max Drawdown %,Win Rate %,Profit Factor,Num Trades,Avg Trade Duration
CRPU.SI,0.4787976870078456,0.387320461013152,-1.1778131823072204,-1.4480093482019385,0.3013653583634633,-1.2852189220302557,44.44444444444444,1.1690048295393216,18,60.888888888888886
J69U.SI,0.2756705399203747,0.2230450767807035,-1.6787303921926882,-2.366976731632141,0.24787258077073074,-0.899837634671697,42.857142857142854,1.113949466430711,14,65.42857142857143
BUOU.SI,0.4652735565134935,0.376385035638771,-1.0056035199444924,-1.1256863070105512,0.15048027250599588,-2.501225106591789,44.44444444444444,1.0593937665002853,36,25.5
M44U.SI,-0.8400484071239044,-0.6804081406024176,-1.774342473993812,-1.611921696071496,0.3468719994773463,-1.9615539496633658,35.714285714285715,0.7804155986401442,28,29.5
