Strategy,Total Return %,Annualized Return %,Sharpe Ratio,Sortino Ratio,Calmar Ratio,Max Drawdown %,Win Rate %,Profit Factor,Num Trades,Avg Trade Duration
CRPU.SI,1.0253960995340095,0.7707150852877431,-0.9007173813424342,-1.1176830401815285,0.5996761234762393,-1.2852188958600095,55.55555555555556,1.4482532737702554,18,64.66666666666667
J69U.SI,1.0821557490113083,0.8133204639299008,-1.10105300721303,-1.5987693491192378,0.9038524647023137,-0.899837634671683,57.14285714285714,1.7270164054810189,14,70.42857142857143
BUOU.SI,1.1709662286728053,0.8799722168179702,-0.6916218566853687,-0.7900196366647666,0.3518205436834826,-2.50119622806803,52.63157894736842,1.210604467569009,38,25.94736842105263
M44U.SI,-0.2524023792871594,-0.19001168107615207,-1.4411310746471948,-1.352169612753449,0.09686793451393502,-1.9615539655056624,40.0,0.9116184353642341,30,29.533333333333335
