Strategy,Total Return %,Annualized Return %,Sharpe Ratio,Sortino Ratio,Calmar Ratio,Max Drawdown %,Win Rate %,Profit Factor,Num Trades,Avg Trade Duration
CRPU.SI,1.0253971038469718,0.732797570435717,-0.9355105420527916,-1.1776207196786537,0.5702570752854568,-1.2850302121528199,55.55555555555556,1.4482539563637689,18,67.55555555555556
J69U.SI,0.5526996043514192,0.39524946254110294,-1.4668845720216148,-2.0871272437917336,0.4285179650086289,-0.9223638092586013,57.14285714285714,1.3062013337392624,14,74.71428571428571
BUOU.SI,1.7503794229948109,1.2496285254395945,-0.4631958480269686,-0.5364378593930069,0.5011623136330009,-2.4934606841860267,52.63157894736842,1.3384671443568317,38,27.526315789473685
M44U.SI,-0.5790955374483746,-0.41479276224111183,-1.6358964968022407,-1.4724650051742882,0.21146111768446482,-1.9615557071823089,40.0,0.8495868469765213,30,29.0
