Strategy,Total Return %,Annualized Return %,Sharpe Ratio,Sortino Ratio,Calmar Ratio,Max Drawdown %,Win Rate %,Profit Factor,Num Trades,Avg Trade Duration
CRPU.SI,1.1043651750700336,0.7465273269505301,-0.9324151624500975,-1.1819588953551028,0.5813901369300324,-1.284038513092924,55.55555555555556,1.4868720779310873,18,70.33333333333333
J69U.SI,0.7714646407160035,0.5217720708494689,-1.3489379954434475,-1.9177185436990363,0.5798513540054766,-0.899837634671697,57.14285714285714,1.4730198752243486,14,78.28571428571429
BUOU.SI,0.8203402993234158,0.5547850938014243,-0.904621556405988,-1.039932477083368,0.21098164472842829,-2.6295419893779552,50.0,1.154360454836795,32,33.0625
M44U.SI,0.5208135476919961,0.3523886951670274,-1.101660858275171,-1.0502658835853473,0.19731913782562177,-1.7858819932532157,50.0,1.0791291103610767,32,31.125
