Strategy,Total Return %,Annualized Return %,Sharpe Ratio,Sortino Ratio,Calmar Ratio,Max Drawdown %,Win Rate %,Profit Factor,Num Trades,Avg Trade Duration
CRPU.SI,0.7763458071115564,0.6994021978241616,-0.9423030161377349,-1.1526651877153211,0.5441984142475258,-1.2851970522391896,55.55555555555556,1.327618349714097,18,56.111111111111114
J69U.SI,0.5076648324150301,0.45741060764410424,-1.4653270300828383,-2.061167700695492,0.49591126955834514,-0.9223638092586013,57.14285714285714,1.2770293903348993,14,59.857142857142854
BUOU.SI,1.1318774604253303,1.0195192641864415,-0.6007611863944164,-0.690188041663627,0.4076079603949184,-2.501225106591789,50.0,1.2434448155878346,32,27.5
M44U.SI,1.0969749373806734,0.9880983154655798,-0.6702388110532307,-0.630761326354767,0.5058448456627193,-1.9533624271115164,50.0,1.3223510473112794,24,35.916666666666664
