Strategy,Total Return %,Annualized Return %,Sharpe Ratio,Sortino Ratio,Calmar Ratio,Max Drawdown %,Win Rate %,Profit Factor,Num Trades,Avg Trade Duration
BUOU.SI,1.750377669860154,1.2447156663777825,-0.4675461135247315,-0.5383823925138567,0.4991915925975942,-2.4934628003263795,52.63157894736842,1.3384665084447802,38,27.31578947368421
M44U.SI,-0.565372595590543,-0.40337674111550204,-1.624231747373641,-1.4865080287201657,0.20564152378411615,-1.9615529669920635,40.0,0.8519989603213183,30,29.533333333333335
