Strategy,Total Return %,Annualized Return %,Sharpe Ratio,Sortino Ratio,Calmar Ratio,Max Drawdown %,Win Rate %,Profit Factor,Num Trades,Avg Trade Duration
CRPU.SI,0.9473120408305477,0.7240793293998848,-0.9316702538304347,-1.1600864023326474,0.5633898636637058,-1.2852189506769267,55.55555555555556,1.410431279043954,18,64.0
J69U.SI,0.86160902267884,0.6586379494368133,-1.2537901217924556,-1.802329752324228,0.7319519922914931,-0.899837634671697,57.14285714285714,1.5346835377592765,14,69.42857142857143
BUOU.SI,1.4357006399521377,1.0967560756365957,-0.5574897470110137,-0.6338346735176787,0.4384925296496811,-2.501196717108983,52.63157894736842,1.267960260322002,38,25.63157894736842
M44U.SI,0.6209426761825307,0.47479932182772355,-0.981541361135355,-0.9568044850731634,0.2430678141701289,-1.9533615482936801,46.666666666666664,1.110923296529854,30,33.266666666666666
