Strategy,Total Return %,Annualized Return %,Sharpe Ratio,Sortino Ratio,Calmar Ratio,Max Drawdown %,Win Rate %,Profit Factor,Num Trades,Avg Trade Duration
CRPU.SI,0.6349700140415371,0.502410449222479,-1.0944279776098498,-1.3550307243718966,0.3909142953084004,-1.2852189220302548,44.44444444444444,1.2565529509715523,18,62.22222222222222
J69U.SI,0.7212735765775141,0.5706458035213746,-1.3380564135836561,-1.912791799349092,0.634165299976125,-0.899837634671683,57.14285714285714,1.4652279857576913,14,67.28571428571429
BUOU.SI,0.8020626974151673,0.6345101674280818,-0.8389456932144479,-0.9554736685400059,0.2536797530761539,-2.501225106591789,50.0,1.132748969417522,36,26.166666666666668
M44U.SI,-0.5855516030326544,-0.4638979373901453,-1.6332782959891559,-1.4885076926203848,0.23649501047876806,-1.9615548609292666,42.857142857142854,0.8325620498587613,28,30.357142857142858
