Strategy,Total Return %,Annualized Return %,Sharpe Ratio,Sortino Ratio,Calmar Ratio,Max Drawdown %,Win Rate %,Profit Factor,Num Trades,Avg Trade Duration
CRPU.SI,0.6272525771291839,0.5334273361254471,-1.0739418878080667,-1.3206347942987204,0.4150549016558023,-1.2851970522391494,44.44444444444444,1.2517145873742301,18,58.666666666666664
J69U.SI,0.5076648324150301,0.43176604152754816,-1.4999004928923814,-2.130959034474252,0.4681081772653276,-0.9223638092586013,57.14285714285714,1.2770293903348993,14,63.142857142857146
BUOU.SI,0.9758756092911972,0.8296882944849759,-0.7287130150675756,-0.8295595029012524,0.3317131011458989,-2.5012225673897945,50.0,1.1991242469977526,32,27.8125
M44U.SI,-0.49593174403416923,-0.4221029749847949,-1.6517939990783816,-1.4738060421420993,0.20895953512261256,-2.0200225595693193,38.46153846153847,0.8430864794442612,26,29.692307692307693
