Strategy,Total Return %,Annualized Return %,Sharpe Ratio,Sortino Ratio,Calmar Ratio,Max Drawdown %,Win Rate %,Profit Factor,Num Trades,Avg Trade Duration
CRPU.SI,0.7017987628041555,0.587180212033811,-1.0343837765834534,-1.2821767986904389,0.45687953837088635,-1.2851969999084287,55.55555555555556,1.291509425837687,18,59.44444444444444
J69U.SI,0.32752574466952866,0.2741171024551514,-1.6340074480133913,-2.316459333578838,0.2971897853142,-0.9223638092586013,42.857142857142854,1.148755186264088,14,64.14285714285714
BUOU.SI,0.8589258890701057,0.7185537220548932,-0.8019437371873153,-0.9140895570125769,0.2872809193709282,-2.5012232752120895,47.05882352941176,1.160340286257694,34,26.352941176470587
M44U.SI,-0.5748973552738971,-0.48150453606693455,-1.6506903075310815,-1.484968773729077,0.24547097348723135,-1.96155386205767,38.46153846153847,0.8311733867268415,26,30.846153846153847
