Strategy,Total Return %,Annualized Return %,Sharpe Ratio,Sortino Ratio,Calmar Ratio,Max Drawdown %,Win Rate %,Profit Factor,Num Trades,Avg Trade Duration
CRPU.SI,1.1034800440819708,0.8092207902872683,-0.8741094289759356,-1.0986818482979717,0.6297294693352656,-1.2850292541358614,55.55555555555556,1.4860756110327533,18,66.22222222222223
J69U.SI,0.46263062778525643,0.3395505842673341,-1.5211840235358431,-2.1419091131117933,0.3681310850654427,-0.9223632505985528,57.14285714285714,1.2478579038859254,14,73.0
BUOU.SI,1.269747556018683,0.9309467585153719,-0.658938778254863,-0.7642623045807208,0.37258919303746263,-2.4985876560884797,52.63157894736842,1.2320058947374333,38,26.894736842105264
M44U.SI,-0.5653708677503709,-0.4155244902201649,-1.6156999590213663,-1.4940209543635767,0.21183435660897845,-1.9615538143662632,40.0,0.8519994593711624,30,29.533333333333335
