Strategy,Total Return %,Annualized Return %,Sharpe Ratio,Sortino Ratio,Calmar Ratio,Max Drawdown %,Win Rate %,Profit Factor,Num Trades,Avg Trade Duration
CRPU.SI,0.9473100880456695,0.7033595994886621,-0.9509790729693292,-1.192021712900828,0.5472683193751784,-1.2852189220302295,55.55555555555556,1.4104301503604282,18,65.55555555555556
J69U.SI,0.7212735765775141,0.5356862457671863,-1.3410309098356525,-1.8633913899517447,0.5953143379723589,-0.899837634671683,57.14285714285714,1.4652279857576913,14,71.57142857142857
BUOU.SI,1.54159449208375,1.1437395564573238,-0.5282782737868248,-0.6055780444324553,0.45775462639965464,-2.498586558159113,52.63157894736842,1.2909027167285816,38,26.36842105263158
M44U.SI,-0.5653732558346019,-0.4205932673235102,-1.6123315031220737,-1.4971556920761995,0.21441841781126125,-1.9615538236726076,40.0,0.851998907004464,30,29.533333333333335
