Strategy,Total Return %,Annualized Return %,Sharpe Ratio,Sortino Ratio,Calmar Ratio,Max Drawdown %,Win Rate %,Profit Factor,Num Trades,Avg Trade Duration
CRPU.SI,1.1815673328711271,0.8061233632265408,-0.8868804970331412,-1.1251872838034989,0.6278031300380483,-1.2840384583263948,55.55555555555556,1.523899125994109,18,70.22222222222223
J69U.SI,0.4626300604786593,0.31598615353103376,-1.5353400937477375,-2.200983068937008,0.34258299204629933,-0.9223638092586013,57.14285714285714,1.2478574469305355,14,78.14285714285714
BUOU.SI,1.7503803541424712,1.193132384651685,-0.5065540263264543,-0.5751517420903751,0.478504568053358,-2.4934608033222347,52.63157894736842,1.3384672807336409,38,27.31578947368421
M44U.SI,0.1858672974655019,0.12700679129691306,-1.2579951290406532,-1.1680760010647204,0.06498845898899648,-1.9542976287284672,47.05882352941176,1.0011226376483546,34,27.235294117647058
