Strategy,Total Return %,Annualized Return %,Sharpe Ratio,Sortino Ratio,Calmar Ratio,Max Drawdown %,Win Rate %,Profit Factor,Num Trades,Avg Trade Duration
CRPU.SI,0.7763447527680182,0.6695400861948864,-0.9703640227897428,-1.1886324928174647,0.5209629799791187,-1.2851970522391494,55.55555555555556,1.327617842391493,18,57.888888888888886
J69U.SI,0.687804488738675,0.5932164664115724,-1.3479937282470238,-1.885635747634765,0.6431484190492348,-0.9223632505985528,57.14285714285714,1.3937176743204018,14,62.142857142857146
BUOU.SI,0.9758756092911972,0.8415063023027525,-0.7171795337383885,-0.821182469120937,0.3364379936731999,-2.5012225673897945,50.0,1.1991242469977526,32,27.8125
M44U.SI,0.05030030025436645,0.04340183589912616,-1.343433919857726,-1.2064768752259496,0.021485863249000346,-2.020018250890873,41.66666666666667,0.9772289940927095,24,31.833333333333332
