Strategy,Total Return %,Annualized Return %,Sharpe Ratio,Sortino Ratio,Calmar Ratio,Max Drawdown %,Win Rate %,Profit Factor,Num Trades,Avg Trade Duration
CRPU.SI,0.6497046428736031,0.41775757984565676,-1.2407337651942942,-1.4871843495153974,0.287249257086242,-1.4543382429714404,44.44444444444444,1.2903060872138832,18,71.11111111111111
J69U.SI,0.8114941196859581,0.52163802658729,-1.323113786130815,-1.9349436491062648,0.5797023890622403,-0.899837634671683,57.14285714285714,1.530675090688523,14,82.42857142857143
BUOU.SI,0.8590599446544911,0.5521673970894314,-0.9528941882409753,-1.0123542527110108,0.33386789091788543,-1.6538499571533718,50.0,1.1641564432594358,32,28.5625
M44U.SI,0.4952112577009939,0.31850620725351053,-1.133971490081352,-1.055970427997552,0.17869895679642,-1.7823618725226458,46.666666666666664,1.0830171053505844,30,33.4
