Strategy,Total Return %,Annualized Return %,Sharpe Ratio,Sortino Ratio,Calmar Ratio,Max Drawdown %,Win Rate %,Profit Factor,Num Trades,Avg Trade Duration
CRPU.SI,0.7763458071115564,0.7189986872487619,-0.9239986315847584,-1.121439281975704,0.55944626234246,-1.2851970522391896,55.55555555555556,1.327618349714097,18,54.77777777777778
J69U.SI,0.4626300604786593,0.4285057612270826,-1.4824513960154748,-2.0931350039252314,0.4645734762420013,-0.9223638092586013,57.14285714285714,1.2478574469305355,14,58.142857142857146
BUOU.SI,1.1318799751121333,1.0481339849612858,-0.5800737151151037,-0.6649137268231169,0.4190486678900746,-2.5012225673897945,50.0,1.2434456021986553,32,26.75
M44U.SI,0.4734648912972625,0.4385396552740728,-1.0550807270797984,-0.931339249745705,0.22356752262654714,-1.9615534945414257,50.0,1.1017704504572885,24,30.333333333333332
