Strategy,Total Return %,Annualized Return %,Sharpe Ratio,Sortino Ratio,Calmar Ratio,Max Drawdown %,Win Rate %,Profit Factor,Num Trades,Avg Trade Duration
CRPU.SI,0.7130560234483528,0.5911539064471505,-1.0293811327795384,-1.2621962760510925,0.4599635971361824,-1.2852188958599833,55.55555555555556,1.2969627126945662,18,59.888888888888886
J69U.SI,0.6362480677717395,0.527511199201558,-1.4003878480706526,-1.9595111368020186,0.5862293139073015,-0.899837634671697,57.14285714285714,1.380524381421956,14,64.14285714285714
BUOU.SI,1.1260568889690512,0.9332228108286822,-0.6680782361993038,-0.7609604544274995,0.3731066324800255,-2.5012227861659437,52.94117647058824,1.230782518821498,34,26.647058823529413
M44U.SI,-0.49444828475163377,-0.41034050793421484,-1.602136795614043,-1.449109057034392,0.2091915570788908,-1.9615538679673687,38.46153846153847,0.8472616580942938,26,31.23076923076923
