Strategy,Total Return %,Annualized Return %,Sharpe Ratio,Sortino Ratio,Calmar Ratio,Max Drawdown %,Win Rate %,Profit Factor,Num Trades,Avg Trade Duration
CRPU.SI,0.5762294655574624,0.3705616059973549,-1.2787567950148473,-1.5315448649259797,0.2547972354576475,-1.4543391937976886,44.44444444444444,1.2421578079120876,18,71.11111111111111
J69U.SI,0.7263924497345761,0.46700406172095477,-1.374405608332948,-2.0077833958143705,0.5189870302450061,-0.899837634671697,57.14285714285714,1.442188043956884,14,82.28571428571429
BUOU.SI,0.8590612109553148,0.5521682097762382,-0.9528937038947884,-1.0123537982599606,0.3338686333858385,-1.6538487134193276,50.0,1.164156786281696,32,28.5625
M44U.SI,0.16538378342931537,0.10643264681458042,-1.28351337026815,-1.1995864872503736,0.059596685120666584,-1.7858819932532177,43.75,0.9988649109320293,32,31.1875
