Strategy,Total Return %,Annualized Return %,Sharpe Ratio,Sortino Ratio,Calmar Ratio,Max Drawdown %,Win Rate %,Profit Factor,Num Trades,Avg Trade Duration
CRPU.SI,0.7763459050395977,0.8696243738858023,-0.782438565503584,-0.9536060087833323,0.6766467506131252,-1.2851969999084687,55.55555555555556,1.3276182569029147,18,47.333333333333336
J69U.SI,0.5076648324150301,0.5685700875308397,-1.3325993429588274,-1.904321840952217,0.616427142764695,-0.9223638092586013,57.14285714285714,1.2770293903348993,14,48.57142857142857
BUOU.SI,0.3684776765073548,0.4126501951371653,-0.9415134845136399,-1.0595586092114369,0.16363818097357694,-2.5217231863741927,50.0,1.0603240564119834,28,26.428571428571427
M44U.SI,0.2556369609798275,0.28626303028256306,-1.1102015096165376,-0.9891295257449976,0.14593689699473936,-1.9615534945414257,45.45454545454545,1.0431944268250712,22,30.363636363636363
