Strategy,Total Return %,Annualized Return %,Sharpe Ratio,Sortino Ratio,Calmar Ratio,Max Drawdown %,Win Rate %,Profit Factor,Num Trades,Avg Trade Duration
J69U.SI,0.6362485841983107,0.6094482325216255,-1.3169535055495731,-1.8093263541768518,0.6772868893664076,-0.8998376346717059,57.14285714285714,1.3805248665618794,14,55.42857142857143
M44U.SI,0.2939489982284067,0.2815873199768726,-1.1743818304371418,-1.0078261275979683,0.1393982743319461,-2.020020128128235,50.0,1.0485798718980623,24,28.083333333333332
