Strategy,Total Return %,Annualized Return %,Sharpe Ratio,Sortino Ratio,Calmar Ratio,Max Drawdown %,Win Rate %,Profit Factor,Num Trades,Avg Trade Duration
J69U.SI,0.37256051660591766,0.296149867968154,-1.5971993393306636,-2.3009439778268725,0.32107706850098566,-0.9223638092586013,42.857142857142854,1.1807098617021272,14,67.57142857142857
BUOU.SI,0.4652735565134935,0.3698128329060024,-1.011892607174837,-1.1374133790546372,0.14785267904571595,-2.501225106591789,44.44444444444444,1.0593937665002853,36,26.055555555555557
M44U.SI,-0.7552193730595718,-0.6010215457853185,-1.7266360957332343,-1.571344825020964,0.3064002827776507,-1.9615567594677104,35.714285714285715,0.7953681142862148,28,30.214285714285715
