Strategy,Total Return %,Annualized Return %,Sharpe Ratio,Sortino Ratio,Calmar Ratio,Max Drawdown %,Win Rate %,Profit Factor,Num Trades,Avg Trade Duration
CRPU.SI,1.1100257527766553,0.8107381975554828,-0.8721182454314478,-1.1011621188779597,0.6338671738315186,-1.2790348373064298,55.55555555555556,1.4891784533822154,18,66.55555555555556
J69U.SI,0.4175958555945544,0.305284918998483,-1.55347558282381,-2.1914514145833244,0.330981225455777,-0.9223632505985528,42.857142857142854,1.2144935922904685,14,73.14285714285714
BUOU.SI,1.3794764607717844,1.0071777660798142,-0.6113236343686859,-0.7094137223642819,0.4211765019691831,-2.3913436798368872,52.63157894736842,1.2616761303239525,38,27.0
M44U.SI,0.11869004424230296,0.08680353846040045,-1.2596875652350876,-1.188209411361306,0.04441674361149365,-1.954297668006856,43.75,0.9914111106639344,32,28.5625
