Strategy,Total Return %,Annualized Return %,Sharpe Ratio,Sortino Ratio,Calmar Ratio,Max Drawdown %,Win Rate %,Profit Factor,Num Trades,Avg Trade Duration
CRPU.SI,0.5527064893097667,0.5865460577584969,-0.9942142713648917,-1.2084231759121873,0.45638609016148945,-1.2851970522391494,44.44444444444444,1.2087004030159842,18,49.333333333333336
J69U.SI,0.7263924497345761,0.7709066742814352,-1.152408277239968,-1.5914599086442054,0.8567175283379853,-0.899837634671697,57.14285714285714,1.442188043956884,14,50.42857142857143
BUOU.SI,0.6779288491131956,0.7194625704427082,-0.7680613095861851,-0.8645797379646564,0.2858173096466733,-2.5172113310145776,46.666666666666664,1.1378126216616467,30,25.733333333333334
M44U.SI,0.15448162958362444,0.16391991936881567,-1.2246862325094052,-1.063753888715631,0.08114772133439137,-2.0200187592863985,45.45454545454545,1.013206136864576,22,29.90909090909091
