Strategy,Total Return %,Annualized Return %,Sharpe Ratio,Sortino Ratio,Calmar Ratio,Max Drawdown %,Win Rate %,Profit Factor,Num Trades,Avg Trade Duration
CRPU.SI,1.0018513943346443,0.6698595316571021,-0.9935297091567664,-1.2502291096687121,0.5216818185416071,-1.2840384844726516,55.55555555555556,1.4372833544577868,18,70.22222222222223
J69U.SI,0.41759528854228845,0.27948140004947497,-1.5512482287470701,-2.2406601686240597,0.30300560065786075,-0.9223638092586013,42.857142857142854,1.2144931560787353,14,79.85714285714286
BUOU.SI,0.31319542084671415,0.20964639591203316,-1.1340666813246603,-1.2714399612887115,0.08582320399158064,-2.4427705580952175,47.05882352941176,1.0301806601055503,34,29.470588235294116
M44U.SI,-0.29453854067611246,-0.19735582807233198,-1.462321420226238,-1.419465717973883,0.10137392306039106,-1.946810600934937,41.17647058823529,0.9050591022096209,34,29.88235294117647
