Strategy,Total Return %,Annualized Return %,Sharpe Ratio,Sortino Ratio,Calmar Ratio,Max Drawdown %,Win Rate %,Profit Factor,Num Trades,Avg Trade Duration
CRPU.SI,1.1100257527766553,0.8091101790334232,-0.873312115993901,-1.1026695349251572,0.6325943245903766,-1.2790348373064298,55.55555555555556,1.4891784533822154,18,66.55555555555556
J69U.SI,0.41759528854228845,0.3046730064999448,-1.5540358550035493,-2.1922427740184913,0.33031760726262865,-0.9223638092586013,42.857142857142854,1.2144931560787353,14,73.14285714285714
BUOU.SI,1.269746241789835,0.9253343582872997,-0.6636114725174468,-0.766043923497344,0.3703426360345944,-2.4985898685477372,52.63157894736842,1.2320054672034946,38,26.736842105263158
M44U.SI,-0.5653759895411168,-0.4130402438424996,-1.6157179587462465,-1.4924840681070466,0.21056777980617744,-1.9615548220278203,40.0,0.8519984250155936,30,29.533333333333335
