Strategy,Total Return %,Annualized Return %,Sharpe Ratio,Sortino Ratio,Calmar Ratio,Max Drawdown %,Win Rate %,Profit Factor,Num Trades,Avg Trade Duration
CRPU.SI,0.9473089817561231,0.7317752977689773,-0.92587281441364,-1.1518480236666848,0.5693779364942702,-1.2852189220302557,55.55555555555556,1.4104296189425303,18,63.22222222222222
J69U.SI,0.6878039201605498,0.5314687707112631,-1.369760491099243,-1.9771993402259533,0.5762029747659541,-0.9223638092586013,57.14285714285714,1.3937171639523536,14,69.14285714285714
BUOU.SI,1.3298080228485922,1.0268056407548576,-0.5977391336995412,-0.6829210412168687,0.4105216751247555,-2.5012215017460804,52.63157894736842,1.2450182752821501,38,25.263157894736842
M44U.SI,0.6310047621403282,0.4876110863896388,-0.9722646108671809,-0.941042724076022,0.24962689306622085,-1.9533595935926888,50.0,1.119062505764999,28,35.357142857142854
