Strategy,Total Return %,Annualized Return %,Sharpe Ratio,Sortino Ratio,Calmar Ratio,Max Drawdown %,Win Rate %,Profit Factor,Num Trades,Avg Trade Duration
CRPU.SI,1.007394186014717,0.6686355341375849,-0.9900443979651068,-1.2486689468719228,0.5223546757537089,-1.2800412539101071,55.55555555555556,1.426364647593922,18,70.22222222222223
J69U.SI,0.5076648324150301,0.3372320225250913,-1.4931345081510183,-2.170042726195205,0.36561714492696695,-0.9223638092586013,57.14285714285714,1.2770293903348993,14,80.14285714285714
BUOU.SI,0.8396455774666538,0.5574517629902465,-0.9164935982966232,-1.0266813527426946,0.25755916943044926,-2.1643638788825164,50.0,1.1595420102764065,32,31.625
M44U.SI,-0.16823094881006911,-0.11187908963355975,-1.377380401955663,-1.4068430452832426,0.057446941514667185,-1.9475203846142985,47.05882352941176,0.9289050605318975,34,31.235294117647058
