Strategy,Total Return %,Annualized Return %,Sharpe Ratio,Sortino Ratio,Calmar Ratio,Max Drawdown %,Win Rate %,Profit Factor,Num Trades,Avg Trade Duration
CRPU.SI,0.47879862221914665,0.3899199361459438,-1.174601130011805,-1.4456745698050562,0.3033881710460887,-1.2852179925192595,44.44444444444444,1.1690053161101917,18,60.77777777777778
J69U.SI,0.2756710544966154,0.22454077685760687,-1.675443817514091,-2.3649838441833992,0.24953476961377336,-0.8998376346717059,42.857142857142854,1.1139497996409244,14,65.28571428571429
BUOU.SI,0.4652735565134935,0.3789102402397049,-1.0029184290621016,-1.1239355296993863,0.15148985960564512,-2.501225106591789,44.44444444444444,1.0593937665002853,36,25.444444444444443
M44U.SI,-0.8400484370880077,-0.6849488297591244,-1.775364534637106,-1.6146518450918543,0.349186848233307,-1.961553916548083,35.714285714285715,0.7804155902975619,28,29.428571428571427
