Strategy,Total Return %,Annualized Return %,Sharpe Ratio,Sortino Ratio,Calmar Ratio,Max Drawdown %,Win Rate %,Profit Factor,Num Trades,Avg Trade Duration
CRPU.SI,0.6272536299128659,0.6486457084809771,-0.9542543405135993,-1.1603909823820637,0.5047052569493887,-1.2851970522391896,44.44444444444444,1.2517150873739087,18,50.111111111111114
J69U.SI,0.8165368316974126,0.8444113288915922,-1.0894805621752133,-1.4962842954804008,0.938404103535493,-0.899837634671697,57.14285714285714,1.5038517064918118,14,51.42857142857143
BUOU.SI,0.8314165172495995,0.8598011319530086,-0.6869667170602141,-0.7723048967655929,0.34188152378847736,-2.5149096167155522,53.333333333333336,1.1850637974658569,30,26.2
M44U.SI,0.2556370754061936,0.26433876346005913,-1.153454284335723,-1.001783506474105,0.13475991066954268,-1.9615534185702215,45.45454545454545,1.0431944499385801,22,30.363636363636363
