Strategy,Total Return %,Annualized Return %,Sharpe Ratio,Sortino Ratio,Calmar Ratio,Max Drawdown %,Win Rate %,Profit Factor,Num Trades,Avg Trade Duration
CRPU.SI,0.4007126263576901,0.32345972187022287,-1.2246812210424023,-1.511160124098707,0.2516767504163841,-1.2852189220302557,44.44444444444444,1.1296520090498188,18,61.22222222222222
J69U.SI,0.237456200796787,0.1917073569150718,-1.7001571479850162,-2.429047445293804,0.2078435374314683,-0.9223638092586013,42.857142857142854,1.0897683109790879,14,66.57142857142857
BUOU.SI,0.4091457947728304,0.3302643970323649,-1.0349608403285477,-1.1610502536697616,0.1320412433692139,-2.5012215017460804,44.44444444444444,1.0467476975028345,36,25.666666666666668
M44U.SI,-0.8400564284483698,-0.6789144222917209,-1.775329807979707,-1.6110229546679569,0.3461096918752274,-1.9615585412051093,35.714285714285715,0.780414000463751,28,29.714285714285715
