Strategy,Total Return %,Annualized Return %,Sharpe Ratio,Sortino Ratio,Calmar Ratio,Max Drawdown %,Win Rate %,Profit Factor,Num Trades,Avg Trade Duration
CRPU.SI,0.8508908405874536,0.7940858266029194,-0.8700404844277208,-1.0469241303885695,0.617870874524194,-1.2851970522391494,55.55555555555556,1.3637261815520916,18,54.55555555555556
J69U.SI,0.5527001721666238,0.5158531051175252,-1.3997976009753552,-1.96899573875776,0.5592732633078894,-0.9223632505985528,57.14285714285714,1.3062018120597165,14,57.857142857142854
M44U.SI,0.44796530361685655,0.41811514514378256,-1.0795171472708758,-0.947917729841474,0.2069858691078382,-2.0200178251103096,50.0,1.0942124027698101,24,29.75
