Strategy,Total Return %,Annualized Return %,Sharpe Ratio,Sortino Ratio,Calmar Ratio,Max Drawdown %,Win Rate %,Profit Factor,Num Trades,Avg Trade Duration
CRPU.SI,1.1815673328711271,0.8091661303575304,-0.8846201539270215,-1.1223195814145672,0.6301728153938557,-1.2840384583263948,55.55555555555556,1.523899125994109,18,70.11111111111111
J69U.SI,0.4175958555945544,0.2863209891274865,-1.55782619493232,-2.214768545220708,0.31042107211197223,-0.9223632505985528,42.857142857142854,1.2144935922904685,14,78.0
BUOU.SI,1.7503784047931186,1.1976432681236382,-0.5033299201788051,-0.5736019105759765,0.4803136275568105,-2.4934609376286816,52.63157894736842,1.3384669094172197,38,27.526315789473685
M44U.SI,-0.738322991021978,-0.5071451083277667,-1.7130580937354296,-1.5559933593576103,0.2585424016330747,-1.9615548750394562,37.5,0.8193318157620912,32,28.0625
