Strategy,Total Return %,Annualized Return %,Sharpe Ratio,Sortino Ratio,Calmar Ratio,Max Drawdown %,Win Rate %,Profit Factor,Num Trades,Avg Trade Duration
CRPU.SI,0.7017998163678203,0.7885148769639194,-0.838148267830071,-1.022031496601031,0.6135361948557904,-1.2851969999084687,55.55555555555556,1.291509933160114,18,47.0
J69U.SI,0.327526311213187,0.36791131026072676,-1.5320469919071686,-2.1712709195170996,0.39887897747658163,-0.9223632505985528,42.857142857142854,1.148755576531385,14,48.142857142857146
BUOU.SI,0.2062674674289519,0.23168361969703177,-1.050738158420978,-1.180354226438467,0.09187511973911508,-2.5217231863741927,50.0,1.0157007228054102,28,26.214285714285715
M44U.SI,0.15447938358698593,0.17350871626202746,-1.1938079042318277,-1.058198400117894,0.08589459036058956,-2.020019136637472,45.45454545454545,1.0132054749507127,22,29.90909090909091
