Strategy,Total Return %,Annualized Return %,Sharpe Ratio,Sortino Ratio,Calmar Ratio,Max Drawdown %,Win Rate %,Profit Factor,Num Trades,Avg Trade Duration
J69U.SI,0.5526996043514192,0.528038202088843,-1.3872625386703465,-1.9338815860555612,0.5724836520995784,-0.9223638092586013,57.14285714285714,1.3062013337392624,14,56.57142857142857
M44U.SI,0.21433108797868045,0.2047830338979928,-1.2279407996085991,-1.0573729514691448,0.10137679947783818,-2.0200187316306044,50.0,1.0249918558650026,24,28.25
