Strategy,Total Return %,Annualized Return %,Sharpe Ratio,Sortino Ratio,Calmar Ratio,Max Drawdown %,Win Rate %,Profit Factor,Num Trades,Avg Trade Duration
CRPU.SI,0.47880073188465755,0.3890515439307185,-1.1765493916547658,-1.4464557958900284,0.3027122683849351,-1.2852189506769267,44.44444444444444,1.1690062555948901,18,60.888888888888886
J69U.SI,0.3658154369220392,0.29727619291002316,-1.6054017186014742,-2.2680973138583225,0.3303664810802013,-0.8998376346717059,42.857142857142854,1.1756576210441099,14,65.42857142857143
BUOU.SI,0.5214080108267263,0.42365544065514626,-0.9760107792531675,-1.0929127552264053,0.16937929726374495,-2.5012232752120895,50.0,1.0719440072424273,36,25.5
M44U.SI,-0.29027979431532,-0.2360377000699354,-1.4467059063983463,-1.3913164248501355,0.1208366137918264,-1.9533624177567064,42.857142857142854,0.9001014881186761,28,33.92857142857143
