Strategy,Total Return %,Annualized Return %,Sharpe Ratio,Sortino Ratio,Calmar Ratio,Max Drawdown %,Win Rate %,Profit Factor,Num Trades,Avg Trade Duration
CRPU.SI,0.7017997185122112,0.7558279868003392,-0.870975843833457,-1.0543234963779071,0.5881028014213584,-1.2851970522391896,55.55555555555556,1.2915100105534996,18,48.55555555555556
J69U.SI,0.5527001721666238,0.5952160712007659,-1.3106444794853882,-1.829896071971015,0.645316333683622,-0.9223632505985528,57.14285714285714,1.3062018120597165,14,50.142857142857146
BUOU.SI,0.7290889004873861,0.7852262138993593,-0.7253656594684743,-0.8140701050037651,0.311942587845542,-2.517213886448115,46.666666666666664,1.153475163771347,30,25.266666666666666
M44U.SI,0.15447938358698593,0.16633720844130284,-1.214935908935194,-1.062353215555044,0.08234437259747356,-2.020019136637472,45.45454545454545,1.0132054749507127,22,29.90909090909091
