Strategy,Total Return %,Annualized Return %,Sharpe Ratio,Sortino Ratio,Calmar Ratio,Max Drawdown %,Win Rate %,Profit Factor,Num Trades,Avg Trade Duration
CRPU.SI,1.0253960995340095,0.7739187697242356,-0.8983699887878281,-1.1147702054774604,0.6021688384890767,-1.2852188958600095,55.55555555555556,1.4482532737702554,18,64.66666666666667
J69U.SI,0.9968261139000243,0.7523816141513207,-1.1598888775412122,-1.6822787754952575,0.8361304141561242,-0.8998376346717059,57.14285714285714,1.627179603380262,14,70.28571428571429
BUOU.SI,1.1709662286728053,0.8836320457929148,-0.6893618969336465,-0.7874381500262597,0.3532837751300498,-2.50119622806803,52.63157894736842,1.210604467569009,38,25.94736842105263
M44U.SI,-0.35304406518658654,-0.2669083587408805,-1.503976903245191,-1.404123141120296,0.13213162850394586,-2.0200186871450674,40.0,0.8900080624515018,30,29.2
