Strategy,Total Return %,Annualized Return %,Sharpe Ratio,Sortino Ratio,Calmar Ratio,Max Drawdown %,Win Rate %,Profit Factor,Num Trades,Avg Trade Duration
CRPU.SI,0.8692259750536868,0.6700925059381468,-0.9710658562724511,-1.2124145796349002,0.5213839510893213,-1.2852188958600095,55.55555555555556,1.3726079529643012,18,63.55555555555556
J69U.SI,0.7714646407160035,0.5947935952206107,-1.3189827681537631,-1.876483473425407,0.6610010209648759,-0.899837634671697,57.14285714285714,1.4730198752243486,14,68.85714285714286
BUOU.SI,1.382753475468453,1.065354667818097,-0.5745394322479208,-0.6558698387029881,0.4259335741280597,-2.5012225673897945,52.63157894736842,1.25648907632001,38,25.42105263157895
M44U.SI,0.6209361246819026,0.4788190872928588,-0.9789602245401016,-0.9464663923212904,0.2451253423309838,-1.9533642778000773,46.666666666666664,1.1109216321647386,30,33.0
