Strategy,Total Return %,Annualized Return %,Sharpe Ratio,Sortino Ratio,Calmar Ratio,Max Drawdown %,Win Rate %,Profit Factor,Num Trades,Avg Trade Duration
CRPU.SI,0.5568836835960792,0.4555156533194271,-1.1212071086815325,-1.3867768402233145,0.35442676337461954,-1.2852179925192595,44.44444444444444,1.2111989422301526,18,60.55555555555556
J69U.SI,0.49572221880640427,0.40550968320394176,-1.5079857626195667,-2.126964133752375,0.4506476141686351,-0.899837634671683,42.857142857142854,1.2773753637231815,14,65.14285714285714
BUOU.SI,0.465276054624901,0.3806146614971029,-0.9996200353882585,-1.1227535034416196,0.15217144865852605,-2.5012225673897945,44.44444444444444,1.0593943352092683,36,25.444444444444443
M44U.SI,-0.03611015100492295,-0.029552998576720668,-1.3120199667193333,-1.2464801503953922,0.015129296182414417,-1.9533624182116076,42.857142857142854,0.9551405888392056,28,33.714285714285715
