Strategy,Total Return %,Annualized Return %,Sharpe Ratio,Sortino Ratio,Calmar Ratio,Max Drawdown %,Win Rate %,Profit Factor,Num Trades,Avg Trade Duration
CRPU.SI,0.4781614527141937,0.4047915328172058,-1.1654316886840597,-1.4390994794758885,0.3149645668047094,-1.2851970522391896,44.44444444444444,1.1685447667510749,18,59.0
J69U.SI,0.23745676683181957,0.2010579497617071,-1.6901239505072607,-2.2806416398714173,0.2179813101088251,-0.9223632505985528,42.857142857142854,1.0897686621960907,14,63.57142857142857
BUOU.SI,0.9758730984834982,0.8258202559788597,-0.731965116454135,-0.8323015670688418,0.3301663068239932,-2.501225106591789,50.0,1.19912351608271,32,27.8125
M44U.SI,-0.6649237946645371,-0.5633899319435809,-1.6915684137490823,-1.496286460784452,0.28721611899978794,-1.961554016903894,38.46153846153847,0.8156837266606113,26,30.53846153846154
