Strategy,Total Return %,Annualized Return %,Sharpe Ratio,Sortino Ratio,Calmar Ratio,Max Drawdown %,Win Rate %,Profit Factor,Num Trades,Avg Trade Duration
CRPU.SI,0.4788008341606474,0.3907957470854928,-1.1726483082972576,-1.4448878264536877,0.3040694066546526,-1.2852188958599833,44.44444444444444,1.1690062313923961,18,60.666666666666664
J69U.SI,0.32752574466952866,0.2673624819433451,-1.6318018570743726,-2.3347309213025773,0.2898666223236272,-0.9223638092586013,42.857142857142854,1.148755186264088,14,65.85714285714286
BUOU.SI,0.47532474124795043,0.3879598037502152,-0.996216610734859,-1.117133779200518,0.15510813555672057,-2.5012215017460804,47.05882352941176,1.0663233897740518,34,26.941176470588236
M44U.SI,-0.12083411199495458,-0.09867861611257966,-1.3570814066162005,-1.2945943154924768,0.050517308413990485,-1.9533625050627434,42.857142857142854,0.9360610701209304,28,33.785714285714285
