Strategy,Total Return %,Annualized Return %,Sharpe Ratio,Sortino Ratio,Calmar Ratio,Max Drawdown %,Win Rate %,Profit Factor,Num Trades,Avg Trade Duration
CRPU.SI,0.9473121435834219,0.7004977611885677,-0.953077431646508,-1.1946517008525614,0.5450415983184258,-1.2852188958599833,55.55555555555556,1.4104311447851765,18,65.55555555555556
J69U.SI,0.6362485841983107,0.47066821529988534,-1.4032912426738773,-1.9475160631637358,0.5230590466152292,-0.8998376346717059,57.14285714285714,1.3805248665618794,14,71.42857142857143
BUOU.SI,1.5415931762048423,1.1390723429680838,-0.5311577914516349,-0.6088789422765103,0.4558864508078365,-2.498587841225887,52.63157894736842,1.2909023544578422,38,26.36842105263158
M44U.SI,-0.4345972069457639,-0.32194247353777294,-1.52813002772336,-1.4536562858204682,0.16412600689283843,-1.9615567309084443,40.0,0.8791094166220975,30,30.266666666666666
