Strategy,Total Return %,Annualized Return %,Sharpe Ratio,Sortino Ratio,Calmar Ratio,Max Drawdown %,Win Rate %,Profit Factor,Num Trades,Avg Trade Duration
CRPU.SI,0.9473111943354342,0.6539111173960999,-1.001637417891888,-1.264241093698247,0.5088682941359336,-1.2850301835103546,55.55555555555556,1.41043068177842,18,69.44444444444444
J69U.SI,0.5977343762877899,0.4128262791903925,-1.4468175264156493,-2.0784886727806757,0.4475742381113408,-0.9223638092586013,57.14285714285714,1.3353732771436264,14,77.14285714285714
BUOU.SI,1.7503749268970386,1.2067684592189432,-0.4960158212685201,-0.565431922952152,0.48397253148803127,-2.4934647747643646,52.63157894736842,1.338465832197493,38,27.31578947368421
M44U.SI,-0.4445535284859579,-0.307525753470439,-1.5564388208602933,-1.4448490625641202,0.15677653972573194,-1.9615546688836911,37.5,0.8737096642883881,32,28.375
