Strategy,Total Return %,Annualized Return %,Sharpe Ratio,Sortino Ratio,Calmar Ratio,Max Drawdown %,Win Rate %,Profit Factor,Num Trades,Avg Trade Duration
CRPU.SI,0.7763447527680182,0.6743386042694866,-0.9657345868978026,-1.1843454981912762,0.5246966627371362,-1.2851970522391494,55.55555555555556,1.327617842391493,18,57.77777777777778
J69U.SI,0.8165368316974126,0.7092311686360375,-1.2435038226395574,-1.709004194289044,0.788176823583066,-0.899837634671697,57.14285714285714,1.5038517064918118,14,61.285714285714285
BUOU.SI,0.9758730984834982,0.8475402828312051,-0.7126108733561454,-0.8169056172766277,0.3388500621545726,-2.501225106591789,50.0,1.19912351608271,32,27.8125
M44U.SI,0.9450113233025877,0.8207534811573769,-0.7835194251051094,-0.7412446568795499,0.4201747095414869,-1.953362405017235,50.0,1.258645129429778,24,37.166666666666664
