Strategy,Total Return %,Annualized Return %,Sharpe Ratio,Sortino Ratio,Calmar Ratio,Max Drawdown %,Win Rate %,Profit Factor,Num Trades,Avg Trade Duration
J69U.SI,0.7328386920969205,0.72486591907166,-1.2032611364838184,-1.6875849661169535,0.7858785349072936,-0.9223638092586013,57.14285714285714,1.4228891073567167,14,54.714285714285715
M44U.SI,0.15447884573155532,0.1528029995582436,-1.2579742019663085,-1.0701952627476,0.07564424794773328,-2.0200213989016524,45.45454545454545,1.0132053050827161,22,29.90909090909091
