Strategy,Total Return %,Annualized Return %,Sharpe Ratio,Sortino Ratio,Calmar Ratio,Max Drawdown %,Win Rate %,Profit Factor,Num Trades,Avg Trade Duration
CRPU.SI,0.7017997185122112,0.7741662644412672,-0.8539102903504475,-1.0341375288428307,0.6023716465054467,-1.2851970522391896,55.55555555555556,1.2915100105534996,18,47.77777777777778
J69U.SI,0.7263924497345761,0.8013049658256,-1.130401681091672,-1.57778894306161,0.890499502299605,-0.899837634671697,57.14285714285714,1.442188043956884,14,48.42857142857143
BUOU.SI,0.6928985911133895,0.7643438128392077,-0.7339166312014473,-0.8248029464024155,0.30335349426302755,-2.519647300243297,50.0,1.1495708519211867,28,26.714285714285715
M44U.SI,0.15447753897537042,0.17035883120872786,-1.2040968802543617,-1.060023599644255,0.08433521799711216,-2.020020049210774,45.45454545454545,1.0132049213187218,22,29.90909090909091
