Strategy,Total Return %,Annualized Return %,Sharpe Ratio,Sortino Ratio,Calmar Ratio,Max Drawdown %,Win Rate %,Profit Factor,Num Trades,Avg Trade Duration
CRPU.SI,0.7017998163678203,0.6291508967980919,-0.9946697193543619,-1.219830259775212,0.4895365433026219,-1.2851969999084687,55.55555555555556,1.291509933160114,18,56.333333333333336
J69U.SI,0.7212735765775141,0.6466023065503812,-1.2926604121949408,-1.7901723230043713,0.7185766427587819,-0.899837634671683,57.14285714285714,1.4652279857576913,14,59.57142857142857
BUOU.SI,1.034346624542777,0.9271149676789436,-0.6582189249209994,-0.7581093935500464,0.37066468960971405,-2.5012227861659437,50.0,1.2135426992585885,32,27.625
M44U.SI,0.9450082463671424,0.8470771642361541,-0.7631174017459148,-0.7216914152050908,0.4336510074721403,-1.9533614580396752,50.0,1.258644328204811,24,36.083333333333336
