Strategy,Total Return %,Annualized Return %,Sharpe Ratio,Sortino Ratio,Calmar Ratio,Max Drawdown %,Win Rate %,Profit Factor,Num Trades,Avg Trade Duration
CRPU.SI,0.9473099213281057,0.7180347086491956,-0.9380842344527865,-1.1655811537442804,0.5586870965303854,-1.2852179925192595,55.55555555555556,1.410430257019699,18,64.44444444444444
J69U.SI,1.0821557490113083,0.8201117029289273,-1.0984904679069754,-1.5840318938588411,0.9113996473687782,-0.899837634671683,57.14285714285714,1.7270164054810189,14,70.14285714285714
BUOU.SI,1.3827509545435896,1.047541282654385,-0.5889378895233948,-0.6701930344774042,0.41881572468346917,-2.501198548469238,52.63157894736842,1.256488394519743,38,25.842105263157894
M44U.SI,-0.11329029415814147,-0.08598047584613688,-1.3841025762349763,-1.2755368505873497,0.04256421690356587,-2.020017801359662,40.0,0.9382181304760727,30,29.066666666666666
