Strategy,Total Return %,Annualized Return %,Sharpe Ratio,Sortino Ratio,Calmar Ratio,Max Drawdown %,Win Rate %,Profit Factor,Num Trades,Avg Trade Duration
CRPU.SI,0.6272525771291839,0.7157749497562316,-0.8871778444896233,-1.0785118946309147,0.5569379018642817,-1.2851970522391494,44.44444444444444,1.2517145873742301,18,46.666666666666664
J69U.SI,0.6920269581222965,0.7897265699466249,-1.1406650671886565,-1.576285220654145,0.8776322966695725,-0.899837634671683,50.0,1.4818048839103775,12,55.166666666666664
BUOU.SI,0.31440745925447117,0.35870021645099115,-0.9762688071551787,-1.092737372216552,0.14224407651446894,-2.5217234013572756,50.0,1.0454495687219874,28,26.0
M44U.SI,0.2556380908870233,0.29163957057891654,-1.1006045239505629,-0.9860264037878391,0.14867785556560487,-1.9615535176334926,45.45454545454545,1.0431947645471742,22,30.363636363636363
