Strategy,Total Return %,Annualized Return %,Sharpe Ratio,Sortino Ratio,Calmar Ratio,Max Drawdown %,Win Rate %,Profit Factor,Num Trades,Avg Trade Duration
CRPU.SI,0.9475415196243557,0.6187962586547302,-1.0646663497579838,-1.3039250178137571,0.509133948143186,-1.2153899006567586,57.14285714285714,1.556195530064452,14,88.57142857142857
J69U.SI,0.5076653999759401,0.33178415376884374,-1.492917975735687,-2.1909918374533413,0.35971094203236925,-0.9223632505985528,57.14285714285714,1.2770298579728205,14,81.71428571428571
BUOU.SI,0.859062702514966,0.5611000607631533,-0.9460752952763256,-1.0061080685304362,0.3392695796374973,-1.6538472484408338,50.0,1.1641571607876378,32,28.5625
M44U.SI,0.25224700221917373,0.16492838189516856,-1.225320047938043,-1.1813946656061454,0.09235122058357867,-1.7858819932532122,50.0,1.0185578381954083,32,31.3125
