Strategy,Total Return %,Annualized Return %,Sharpe Ratio,Sortino Ratio,Calmar Ratio,Max Drawdown %,Win Rate %,Profit Factor,Num Trades,Avg Trade Duration
CRPU.SI,0.5527076390242656,0.46787261274767733,-1.1222427370946606,-1.3850698123700242,0.3640473894515775,-1.2851969999084687,44.44444444444444,1.2087008458290138,18,59.0
J69U.SI,0.32752574466952866,0.27730152031002486,-1.6354586571465426,-2.2969787785836604,0.3006422384817122,-0.9223638092586013,42.857142857142854,1.148755186264088,14,63.57142857142857
BUOU.SI,0.9758767693058872,0.8258233600603182,-0.7319630436696769,-0.8322993042493542,0.33016802369714887,-2.5012215017460804,50.0,1.1991245797211225,32,27.8125
M44U.SI,-0.5749002971925256,-0.4870793033494025,-1.6551063183317367,-1.482434882070981,0.24831309624216544,-1.9615530180268146,38.46153846153847,0.8311726239385578,26,30.53846153846154
