Strategy,Total Return %,Annualized Return %,Sharpe Ratio,Sortino Ratio,Calmar Ratio,Max Drawdown %,Win Rate %,Profit Factor,Num Trades,Avg Trade Duration
CRPU.SI,1.611197783397547,1.0472309215139308,-0.7220325706555043,-0.8940399921828491,0.7741504732814397,-1.3527485387627138,55.55555555555556,1.9455340366170497,18,70.77777777777777
J69U.SI,0.5076648324150301,0.3305968845497276,-1.494261257522918,-2.197176094309555,0.3584235214253065,-0.9223638092586013,57.14285714285714,1.2770293903348993,14,82.0
BUOU.SI,0.839646836495249,0.5464727715828177,-0.9402594737298341,-1.038194446864812,0.26152188403418525,-2.0895871624700617,50.0,1.159542377127074,32,30.75
M44U.SI,0.8874566771051103,0.5775413808694951,-0.953302865635797,-0.8904189554612938,0.3240314942622068,-1.7823618725226376,52.94117647058824,1.1573523677391864,34,28.941176470588236
