Strategy,Total Return %,Annualized Return %,Sharpe Ratio,Sortino Ratio,Calmar Ratio,Max Drawdown %,Win Rate %,Profit Factor,Num Trades,Avg Trade Duration
CRPU.SI,0.701798664948601,0.7765201416320977,-0.8522706090911044,-1.0321517561087077,0.6042031766873388,-1.2851970522391494,55.55555555555556,1.2915095032308956,18,47.77777777777778
J69U.SI,0.6427691482241606,0.7111835041936576,-1.207326192463371,-1.7145941834552774,0.7710444588728053,-0.9223638092586013,57.14285714285714,1.3645452205479904,14,49.142857142857146
BUOU.SI,0.6928987392302224,0.766669026354827,-0.7325353697155851,-0.823250546992123,0.30427635381331464,-2.5196470798555985,50.0,1.1495709009424955,28,26.714285714285715
M44U.SI,0.2556380477203129,0.28278947617150774,-1.1185641170124971,-0.9911344840018855,0.14416600866229481,-1.9615544523670265,45.45454545454545,1.043194751221628,22,30.363636363636363
