Strategy,Total Return %,Annualized Return %,Sharpe Ratio,Sortino Ratio,Calmar Ratio,Max Drawdown %,Win Rate %,Profit Factor,Num Trades,Avg Trade Duration
CRPU.SI,0.5568857949010817,0.4627975362053727,-1.1306278933742355,-1.3932305388923933,0.3600923686673127,-1.2852189506769267,44.44444444444444,1.2111999159577658,18,59.77777777777778
J69U.SI,0.6310530334690703,0.5244012530186692,-1.3969176488306692,-1.9618604684517646,0.5827731946441689,-0.899837634671683,57.14285714285714,1.3997808808268597,14,64.14285714285714
BUOU.SI,1.1260545231810466,0.9353565508899209,-0.6619052715095616,-0.7594383523166677,0.373959364323051,-2.501225106591789,52.94117647058824,1.230781815618766,34,26.58823529411765
M44U.SI,0.14551467869217957,0.12097117875409236,-1.2251328722905603,-1.1561164455340653,0.06192971539142453,-1.9533624204390154,46.15384615384615,1.0014220684161288,26,35.76923076923077
