Strategy,Total Return %,Annualized Return %,Sharpe Ratio,Sortino Ratio,Calmar Ratio,Max Drawdown %,Win Rate %,Profit Factor,Num Trades,Avg Trade Duration
CRPU.SI,0.9473120408305477,0.6717822186342204,-0.981692772834933,-1.2387159869678745,0.522775427597752,-1.2850302121528199,55.55555555555556,1.410431279043954,18,67.88888888888889
J69U.SI,0.6813207754110407,0.4833408983083265,-1.3879561551708632,-1.9641406373722325,0.5371423462241243,-0.8998376346717059,57.14285714285714,1.4113567086641767,14,74.42857142857143
BUOU.SI,1.7503803541424712,1.2398444105631068,-0.4705613852530801,-0.541854510012046,0.49723838005039583,-2.4934608033222347,52.63157894736842,1.3384672807336409,38,27.31578947368421
M44U.SI,-0.5653686559608833,-0.4018075371788221,-1.623170880640406,-1.4855380606326045,0.2048415514615963,-1.9615528895960008,40.0,0.8519998567765059,30,29.533333333333335
