Strategy,Total Return %,Annualized Return %,Sharpe Ratio,Sortino Ratio,Calmar Ratio,Max Drawdown %,Win Rate %,Profit Factor,Num Trades,Avg Trade Duration
CRPU.SI,0.6272525771291839,0.6815745422040997,-0.9225151846270921,-1.117246594313656,0.5303268794591605,-1.2851970522391494,44.44444444444444,1.2517145873742301,18,48.44444444444444
J69U.SI,0.8114941196859581,0.8818417423766212,-1.0535728929044237,-1.4769580119150967,0.9800009561706898,-0.899837634671683,57.14285714285714,1.530675090688523,14,49.42857142857143
BUOU.SI,0.7903304883095007,0.8588356535849773,-0.680736857169224,-0.7617294019378853,0.3411850134025866,-2.517213886448115,50.0,1.1793189786748361,28,27.0
M44U.SI,0.15447938022178279,0.16782360395766194,-1.2123186416299754,-1.0614925593458797,0.08308016669290112,-2.020020067822057,45.45454545454545,1.0132054701504682,22,29.90909090909091
