Strategy,Total Return %,Annualized Return %,Sharpe Ratio,Sortino Ratio,Calmar Ratio,Max Drawdown %,Win Rate %,Profit Factor,Num Trades,Avg Trade Duration
CRPU.SI,0.8692250265397888,0.6602874128060376,-0.9800990949441594,-1.2180866361361309,0.5137548175551271,-1.2852189220302295,55.55555555555556,1.372607490554665,18,64.33333333333333
J69U.SI,0.8229082359696622,0.6251383734768412,-1.275759109921827,-1.8623004006527242,0.6777568321759385,-0.9223638092586013,57.14285714285714,1.4812329941654445,14,70.57142857142857
BUOU.SI,1.5415931762048423,1.1701020157883102,-0.512229372925696,-0.5823655492980355,0.46830533491038717,-2.498587841225887,52.63157894736842,1.2909023544578422,38,25.789473684210527
M44U.SI,0.6209390467870435,0.4718220806314566,-0.9845091305139839,-0.9586720144978337,0.24154342706841142,-1.9533633614373793,46.666666666666664,1.1109223563448793,30,33.46666666666667
