Strategy,Total Return %,Annualized Return %,Sharpe Ratio,Sortino Ratio,Calmar Ratio,Max Drawdown %,Win Rate %,Profit Factor,Num Trades,Avg Trade Duration
CRPU.SI,0.8692239211059678,0.6480947660168379,-0.9885460741648843,-1.235053599910052,0.5042679927191275,-1.2852189220302557,55.55555555555556,1.3726069591367671,18,65.33333333333333
J69U.SI,0.6813207754110407,0.508114253942793,-1.367924508782398,-1.8978844288080527,0.5646732636695863,-0.8998376346717059,57.14285714285714,1.4113567086641767,14,71.14285714285714
BUOU.SI,1.488646708869528,1.109073251762549,-0.5489444050800366,-0.6284213014194977,0.44364861972316766,-2.499891135589692,52.63157894736842,1.2794312916645072,38,26.263157894736842
M44U.SI,0.3794257377708709,0.28307541086078913,-1.109138348281085,-1.0945377512091246,0.1449168563038156,-1.9533642812905532,46.666666666666664,1.0499218303426532,30,34.06666666666667
