Strategy,Total Return %,Annualized Return %,Sharpe Ratio,Sortino Ratio,Calmar Ratio,Max Drawdown %,Win Rate %,Profit Factor,Num Trades,Avg Trade Duration
CRPU.SI,1.402605085260857,0.9269444554905748,-0.7882267670677596,-1.0024975218473575,0.6868618377150518,-1.3495355318825013,62.5,1.803203221681428,16,79.5
J69U.SI,0.501032010560175,0.3316195579952774,-1.5020268351361983,-2.170936454886327,0.3685326610241908,-0.8998376346717059,42.857142857142854,1.2821997955855928,14,80.0
BUOU.SI,0.8433112350129522,0.5578441253635269,-0.9222966365009844,-1.0216284020726552,0.2674245695715797,-2.0859868121212872,50.0,1.1605309141405775,32,31.0
M44U.SI,-0.17049088737412604,-0.11297113370354328,-1.4387047523462109,-1.34342432514418,0.06325789393158744,-1.7858819932532064,46.666666666666664,0.924732294301403,30,32.4
