Strategy,Total Return %,Annualized Return %,Sharpe Ratio,Sortino Ratio,Calmar Ratio,Max Drawdown %,Win Rate %,Profit Factor,Num Trades,Avg Trade Duration
AAPL,-0.2689686046491261,-0.18021504287012435,-1.4964785458135195,-0.9828142306250564,0.13241774232486728,-1.3609584312953584,44.44444444444444,0.8617224845906281,18,10.666666666666666
MSFT,-0.49361840735360596,-0.3308585452786339,-1.1600366607781536,-1.0117630308341512,0.11658340827196484,-2.837955676392731,37.5,0.7885462880219932,16,24.5
GOOGL,0.30513659380440006,0.2042546995832728,-0.9222317915970871,-1.0033841595874957,0.12607667352168653,-1.6200831912664544,44.44444444444444,1.0765620098125797,18,15.555555555555555
