Strategy,Total Return %,Annualized Return %,Sharpe Ratio,Sortino Ratio,Calmar Ratio,Max Drawdown %,Win Rate %,Profit Factor,Num Trades,Avg Trade Duration
CRPU.SI,0.9473120408305477,0.6962460887953492,-0.9575746232340252,-1.20292009972082,0.541733444273161,-1.2852189506769267,55.55555555555556,1.410431279043954,18,66.11111111111111
J69U.SI,0.4626300604786593,0.3402359083671369,-1.5189711356154534,-2.141025505783252,0.3688738705398898,-0.9223638092586013,57.14285714285714,1.2478574469305355,14,72.85714285714286
BUOU.SI,1.3298080228485922,0.976879626084326,-0.6307099197934851,-0.7272472095822577,0.3909728974144737,-2.498586558159113,52.63157894736842,1.2450182752821501,38,26.63157894736842
M44U.SI,-0.48711248453520967,-0.35869085072867124,-1.5846585197428624,-1.4317268504991272,0.1828604793736017,-1.9615547982668853,40.0,0.8642701482242838,30,28.666666666666668
