Strategy,Total Return %,Annualized Return %,Sharpe Ratio,Sortino Ratio,Calmar Ratio,Max Drawdown %,Win Rate %,Profit Factor,Num Trades,Avg Trade Duration
AAPL,0.3143421824150755,0.21556084021669975,-1.3788712304892863,-0.953951173744659,0.2641862136335515,-0.8159428050840714,50.0,1.1060538419511787,16,11.0
MSFT,-0.6009553851862074,-0.41269954526482744,-1.2506242775050835,-1.0292245181697852,0.16833643478957772,-2.4516352967835284,33.33333333333333,0.7039871801509212,12,33.166666666666664
GOOGL,1.2491712520893452,0.8553729623083761,-0.6046704146408342,-0.7059846338729051,0.5343906801373454,-1.6006509733450704,44.44444444444444,1.5149635807875523,18,14.88888888888889
NVDA,2.4907732472757744,1.702286286782706,-0.1245663562995113,-0.12959542328375875,0.7252647816867361,-2.3471238777425913,53.84615384615385,1.7374881071741488,26,13.153846153846153
AMZN,0.7198761894889322,0.49334372119287373,-0.7024771996601046,-0.781536948066739,0.3174834846826985,-1.5539193217749094,46.15384615384615,1.1497857510032659,26,10.692307692307692
META,-1.376029847161535,-0.9461319894630282,-1.127540988707323,-0.8984414093163049,0.3966230154047917,-2.3854692055563396,38.46153846153847,0.7272741611308325,26,10.0
