Strategy,Total Return %,Annualized Return %,Sharpe Ratio,Sortino Ratio,Calmar Ratio,Max Drawdown %,Win Rate %,Profit Factor,Num Trades,Avg Trade Duration
BUOU.SI,1.7503801919184117,1.2113882472717608,-0.4927428135177959,-0.5637757406345186,0.48582637599172224,-2.493459200931489,52.63157894736842,1.3384674201255156,38,27.526315789473685
M44U.SI,-0.43459878313973604,-0.30177616476732005,-1.5525767237523402,-1.4410323657529878,0.153845449904287,-1.9615540463176928,40.0,0.8791090458536455,30,30.266666666666666
