Strategy,Total Return %,Annualized Return %,Sharpe Ratio,Sortino Ratio,Calmar Ratio,Max Drawdown %,Win Rate %,Profit Factor,Num Trades,Avg Trade Duration
J69U.SI,0.5527001721666238,0.5211987908815052,-1.3913344523349942,-1.9619036965035137,0.5650689037570411,-0.9223632505985528,57.14285714285714,1.3062018120597165,14,57.142857142857146
M44U.SI,0.29394754834876946,0.27721421229878196,-1.1808412114749218,-1.0213325397765722,0.13723342272442496,-2.020019662815297,50.0,1.0485794053701718,24,28.666666666666668
