Strategy,Total Return %,Annualized Return %,Sharpe Ratio,Sortino Ratio,Calmar Ratio,Max Drawdown %,Win Rate %,Profit Factor,Num Trades,Avg Trade Duration
J69U.SI,0.5526996043514192,0.5308247137412625,-1.3829138565795653,-1.930220632638434,0.5755047069419831,-0.9223638092586013,57.14285714285714,1.3062013337392624,14,56.142857142857146
M44U.SI,0.29394754834876946,0.28232799182956736,-1.1738756702557005,-1.0073918320667583,0.139764972107295,-2.020019662815297,50.0,1.0485794053701718,24,28.083333333333332
