Strategy,Total Return %,Annualized Return %,Sharpe Ratio,Sortino Ratio,Calmar Ratio,Max Drawdown %,Win Rate %,Profit Factor,Num Trades,Avg Trade Duration
CRPU.SI,0.5527075413135389,0.5781196762914442,-1.0022927764858505,-1.2209508546338697,0.449829600281288,-1.2851970522391896,44.44444444444444,1.2087008858335684,18,49.888888888888886
J69U.SI,0.6878039201605498,0.7194496434329123,-1.1970840140273962,-1.6757433820580263,0.7800063664804976,-0.9223638092586013,57.14285714285714,1.3937171639523536,14,51.857142857142854
BUOU.SI,0.7802538129588175,0.8161703504858897,-0.7115860418357476,-0.8018590617358945,0.32436806208610774,-2.5161859192821106,46.666666666666664,1.1695764748151833,30,26.066666666666666
M44U.SI,0.2556389823121208,0.26737447533169423,-1.1484187279247304,-1.0000314267057664,0.13630757744683483,-1.961552544178848,45.45454545454545,1.0431950255461038,22,30.363636363636363
