Strategy,Total Return %,Annualized Return %,Sharpe Ratio,Sortino Ratio,Calmar Ratio,Max Drawdown %,Win Rate %,Profit Factor,Num Trades,Avg Trade Duration
J69U.SI,0.6813207754110407,0.6375074579170414,-1.2921817259905324,-1.7908306581810978,0.708469431987725,-0.8998376346717059,57.14285714285714,1.4113567086641767,14,57.0
M44U.SI,0.4700670362005439,0.43986836248437466,-1.0570881500266056,-0.9260270897934132,0.22424499456008223,-1.9615526462354111,50.0,1.1007639287748925,24,29.416666666666668
