Strategy,Total Return %,Annualized Return %,Sharpe Ratio,Sortino Ratio,Calmar Ratio,Max Drawdown %,Win Rate %,Profit Factor,Num Trades,Avg Trade Duration
CRPU.SI,1.0253972066793358,0.7386118516960583,-0.9293081631532405,-1.172215950556354,0.5747817259189627,-1.2850301573439264,55.55555555555556,1.4482538051881535,18,67.11111111111111
J69U.SI,0.7212735765775141,0.5197650217111605,-1.3541306785245364,-1.909148957079775,0.5776208970197199,-0.899837634671683,57.14285714285714,1.4652279857576913,14,73.57142857142857
BUOU.SI,1.7065361706564544,1.228093568840971,-0.4755854367078774,-0.551833031017761,0.4923134014319504,-2.494536133424195,52.63157894736842,1.326637959530728,38,27.31578947368421
M44U.SI,-0.43459574296419307,-0.3136831534675921,-1.538606022273042,-1.4484877451883238,0.1599155560963245,-1.961554967664599,40.0,0.8791096285618358,30,30.266666666666666
