Strategy,Total Return %,Annualized Return %,Sharpe Ratio,Sortino Ratio,Calmar Ratio,Max Drawdown %,Win Rate %,Profit Factor,Num Trades,Avg Trade Duration
CRPU.SI,1.1950510990777001,0.7843353493845573,-0.9125264735081875,-1.1464421689712816,0.6153412303016811,-1.2746348054721186,66.66666666666666,1.9531307816105037,12,107.0
J69U.SI,0.5076653999759401,0.33358056957886184,-1.4939951268616602,-2.1840219624385946,0.3616585649551737,-0.9223632505985528,57.14285714285714,1.2770298579728205,14,81.14285714285714
BUOU.SI,0.8433106304967988,0.5538121182979472,-0.9257937483634323,-1.024484520455497,0.2654915924668371,-2.0859874060498718,50.0,1.1605307509249334,32,31.0
M44U.SI,0.39077614049678233,0.25682531688182575,-1.1448246542895755,-1.1326019591415732,0.1438086714867372,-1.7858819932531782,50.0,1.0506428945331479,32,33.0
