Strategy,Total Return %,Annualized Return %,Sharpe Ratio,Sortino Ratio,Calmar Ratio,Max Drawdown %,Win Rate %,Profit Factor,Num Trades,Avg Trade Duration
CRPU.SI,0.8692239211059678,0.6644530858678666,-0.976007698630108,-1.2142991496110265,0.5169960342773606,-1.2852189220302557,55.55555555555556,1.3726069591367671,18,64.0
J69U.SI,0.8229082359696622,0.6290824023682751,-1.2707404917695426,-1.8569580691460417,0.6820328335236108,-0.9223638092586013,57.14285714285714,1.4812329941654445,14,70.14285714285714
BUOU.SI,1.4356975699275791,1.0967537343061107,-0.5574912716305485,-0.6338363104531773,0.4384912725050702,-2.501198548469238,52.63157894736842,1.2679594958264486,38,25.63157894736842
M44U.SI,0.06758830153405143,0.051714408987701965,-1.2803995390593657,-1.1824956603115029,0.02636397727456817,-1.9615556654870854,46.666666666666664,0.9789558350800829,30,29.133333333333333
