Strategy,Total Return %,Annualized Return %,Sharpe Ratio,Sortino Ratio,Calmar Ratio,Max Drawdown %,Win Rate %,Profit Factor,Num Trades,Avg Trade Duration
CRPU.SI,1.0798579650468674,0.7286328799840813,-0.9460517733627346,-1.1989594052602595,0.5674540824088519,-1.2840384844726516,55.55555555555556,1.4751060142635501,18,70.33333333333333
J69U.SI,0.8114941196859581,0.547791238112949,-1.3222168297770844,-1.8869557006921458,0.6087667563635717,-0.899837634671683,57.14285714285714,1.530675090688523,14,78.57142857142857
BUOU.SI,0.820340296896302,0.5537548730200514,-0.9052667934881217,-1.0406741215263562,0.21058995378457643,-2.629540788002245,50.0,1.1543604542208208,32,33.0625
M44U.SI,-0.06044434025137889,-0.040859899236411756,-1.347582260048232,-1.3427550046218582,0.022879394826071427,-1.785881993253216,46.666666666666664,0.9492542658208363,30,35.13333333333333
