Strategy,Total Return %,Annualized Return %,Sharpe Ratio,Sortino Ratio,Calmar Ratio,Max Drawdown %,Win Rate %,Profit Factor,Num Trades,Avg Trade Duration
CRPU.SI,0.6272536299128659,0.7225744732440864,-0.8816410315644572,-1.0679180781393656,0.5622285485211393,-1.2851970522391896,44.44444444444444,1.2517150873739087,18,46.22222222222222
J69U.SI,0.5235025026758375,0.6030095713471795,-1.3075828866965715,-1.842161870417044,0.653765824858987,-0.9223632505985528,50.0,1.3114674306576592,12,55.166666666666664
BUOU.SI,0.37273229437885674,0.4292922362068907,-0.930748729199704,-1.041643339804561,0.1776798356454047,-2.4160999172895927,50.0,1.063331254544014,28,25.785714285714285
M44U.SI,0.2390885726909619,0.27534105652866625,-1.1206427692647911,-0.9933033539567874,0.1363061856789272,-2.0200187919368484,45.45454545454545,1.0362344880409804,22,29.545454545454547
