Strategy,Total Return %,Annualized Return %,Sharpe Ratio,Sortino Ratio,Calmar Ratio,Max Drawdown %,Win Rate %,Profit Factor,Num Trades,Avg Trade Duration
CRPU.SI,0.7763458071115564,0.704639963387077,-0.9367605395126055,-1.143369438347861,0.5482738714342582,-1.2851970522391896,55.55555555555556,1.327618349714097,18,55.55555555555556
J69U.SI,0.5076653999759401,0.46083248799189125,-1.4568229623704398,-2.056595077563469,0.4996214752624212,-0.9223632505985528,57.14285714285714,1.2770298579728205,14,59.142857142857146
BUOU.SI,1.131880521254534,1.027169335751954,-0.5951878366784661,-0.6821858165912528,0.4106667908984878,-2.5012232752120895,50.0,1.243445695551493,32,27.1875
M44U.SI,1.0209971537759701,0.926590815573225,-0.7110518626044677,-0.6659399886869753,0.47435754150351817,-1.9533595115539082,50.0,1.2897134481211152,24,35.5
