Strategy,Total Return %,Annualized Return %,Sharpe Ratio,Sortino Ratio,Calmar Ratio,Max Drawdown %,Win Rate %,Profit Factor,Num Trades,Avg Trade Duration
J69U.SI,0.5526996043514192,0.5211982555129779,-1.3913342375184463,-1.9619043908630593,0.5650679810734537,-0.9223638092586013,57.14285714285714,1.3062013337392624,14,57.142857142857146
M44U.SI,0.29395062494868396,0.27721711351740286,-1.1808400839393078,-1.0213318066384904,0.13723499347084714,-2.020017682853551,50.0,1.0485803317615652,24,28.666666666666668
