Strategy,Total Return %,Annualized Return %,Sharpe Ratio,Sortino Ratio,Calmar Ratio,Max Drawdown %,Win Rate %,Profit Factor,Num Trades,Avg Trade Duration
J69U.SI,0.7263924497345761,0.7069536772850826,-1.2213553388432579,-1.665321203661309,0.7856458210297156,-0.899837634671697,57.14285714285714,1.442188043956884,14,54.857142857142854
M44U.SI,0.2890694506508953,0.2813500982991046,-1.1749833518707233,-0.9957023919288348,0.13928099782176143,-2.0200178251102834,50.0,1.0471367099387086,24,27.666666666666668
