Strategy,Total Return %,Annualized Return %,Sharpe Ratio,Sortino Ratio,Calmar Ratio,Max Drawdown %,Win Rate %,Profit Factor,Num Trades,Avg Trade Duration
CRPU.SI,0.7017997185122112,0.7155710403548676,-0.9109467685219139,-1.1029230870182976,0.5567792418354316,-1.2851970522391896,55.55555555555556,1.2915100105534996,18,50.888888888888886
J69U.SI,0.86160902267884,0.8785299161995441,-1.0597870705891108,-1.4573131868153593,0.976320485328526,-0.899837634671697,57.14285714285714,1.5346835377592765,14,52.42857142857143
BUOU.SI,0.8825789248992442,0.8999134746735082,-0.6652517170053682,-0.7475214506695059,0.35783130732763463,-2.514909836688875,53.333333333333336,1.199138345638585,30,26.666666666666668
M44U.SI,0.15448074606767476,0.15750369683613652,-1.2435483728476227,-1.0674714597170856,0.07797140411118587,-2.020018731630624,45.45454545454545,1.0132058716757022,22,29.90909090909091
