Strategy,Total Return %,Annualized Return %,Sharpe Ratio,Sortino Ratio,Calmar Ratio,Max Drawdown %,Win Rate %,Profit Factor,Num Trades,Avg Trade Duration
AAPL,0.35464858221794204,0.24364422826226306,-1.362885354159539,-0.9340583412658409,0.29860454279900045,-0.8159428050840714,50.0,1.1251294725268997,16,10.875
MSFT,-0.6620336329385463,-0.45554248344208403,-1.2730272836631606,-1.0542884595138138,0.18581168416025984,-2.4516352967835187,33.33333333333333,0.6764417941465731,12,33.333333333333336
GOOGL,1.2222806500307162,0.8385774255536882,-0.6153896375423377,-0.7228321787109883,0.5238977388063641,-1.6006509733450704,44.44444444444444,1.4969370083754379,18,14.777777777777779
NVDA,2.3145409820115854,1.5852761405573013,-0.17507373299405826,-0.1793781137958985,0.6754122164536039,-2.3471238777425913,53.84615384615385,1.6464686634404113,26,13.076923076923077
AMZN,0.5484633983656385,0.3766815996850026,-0.7677545139025278,-0.8594880641739334,0.24240743673535853,-1.5539193217749094,46.15384615384615,1.1054866929165887,26,10.615384615384615
META,-1.376029847161535,-0.9479053106474122,-1.1282196725981628,-0.8989821947223108,0.3973664000522453,-2.3854692055563396,38.46153846153847,0.7272741611308325,26,10.0
