Strategy,Total Return %,Annualized Return %,Sharpe Ratio,Sortino Ratio,Calmar Ratio,Max Drawdown %,Win Rate %,Profit Factor,Num Trades,Avg Trade Duration
BUOU.SI,1.7503761953086905,1.2278239201547247,-0.48043225304067727,-0.5504231728432164,0.4924170333362784,-2.493463542144016,52.63157894736842,1.3384661947090948,38,27.31578947368421
M44U.SI,-0.5653732360853974,-0.3979474979466491,-1.628808913666402,-1.4831495260034258,0.20287349542585006,-1.9615548946466408,40.0,0.8519989373986697,30,29.533333333333335
