Strategy,Total Return %,Annualized Return %,Sharpe Ratio,Sortino Ratio,Calmar Ratio,Max Drawdown %,Win Rate %,Profit Factor,Num Trades,Avg Trade Duration
CRPU.SI,0.7017998163678203,0.6998756361433767,-0.9268404603270471,-1.116399095190296,0.544566814420841,-1.2851969999084687,55.55555555555556,1.291509933160114,18,51.666666666666664
J69U.SI,0.9919352059028642,0.9892116396318595,-0.9561394556542242,-1.3168003965728328,1.0993223682990163,-0.899837634671683,57.14285714285714,1.661569300550188,14,53.57142857142857
BUOU.SI,1.0360672870564667,1.033221928150474,-0.5857346655332694,-0.6590278474490817,0.41146354627959775,-2.511089834063645,53.333333333333336,1.2413622994655082,30,27.133333333333333
M44U.SI,0.13959257076023276,0.13921090494142252,-1.2629488347965856,-1.0780509462638468,0.06891568144148544,-2.0200178251102834,41.66666666666667,1.0028218117660281,24,27.5
