Strategy,Total Return %,Annualized Return %,Sharpe Ratio,Sortino Ratio,Calmar Ratio,Max Drawdown %,Win Rate %,Profit Factor,Num Trades,Avg Trade Duration
CRPU.SI,1.110024644703899,0.8010663877750401,-0.8822806402031738,-1.1140960035424112,0.6263053705886733,-1.2790348373064508,55.55555555555556,1.4891779220642665,18,67.33333333333333
J69U.SI,0.7263924497345761,0.5244893243796067,-1.3524437325138399,-1.8997295310712752,0.582871069369048,-0.899837634671697,57.14285714285714,1.442188043956884,14,73.42857142857143
BUOU.SI,1.70653502796813,1.2305395168787925,-0.4744483778100632,-0.5484874469207152,0.49329362224279655,-2.49453765747883,52.63157894736842,1.3266375055403987,38,27.105263157894736
M44U.SI,-0.5790944745135675,-0.41889023816713555,-1.6353122663769197,-1.4749647242408184,0.2135501068423377,-1.961554804917044,40.0,0.8495870641772969,30,29.0
