Strategy,Total Return %,Annualized Return %,Sharpe Ratio,Sortino Ratio,Calmar Ratio,Max Drawdown %,Win Rate %,Profit Factor,Num Trades,Avg Trade Duration
CRPU.SI,0.8508909385878723,1.0026099255727061,-0.6880838123303631,-0.8236447817237905,0.7801215888646976,-1.2851969999084287,55.55555555555556,1.363726073323289,18,45.44444444444444
J69U.SI,0.6933068043117419,0.8168139559092236,-1.115038966344477,-1.5264942103272432,0.9077348228574899,-0.8998376346717059,50.0,1.4838403684055177,12,53.166666666666664
BUOU.SI,0.1628358813413615,0.19175380106226658,-1.0675630537827046,-1.1950549926952045,0.07936501288298461,-2.4160999172895927,42.857142857142854,1.003779682553615,28,25.285714285714285
M44U.SI,0.4904942891115388,0.5777684192685539,-0.9112778287226226,-0.8021949167002616,0.29454620558129935,-1.9615544465368469,45.45454545454545,1.1177807301128793,22,29.363636363636363
