Strategy,Total Return %,Annualized Return %,Sharpe Ratio,Sortino Ratio,Calmar Ratio,Max Drawdown %,Win Rate %,Profit Factor,Num Trades,Avg Trade Duration
CRPU.SI,1.079859993938462,0.7232573139244858,-0.9535337508807384,-1.1958474294674997,0.563268037331832,-1.2840375558153694,55.55555555555556,1.4751072047216232,18,70.11111111111111
J69U.SI,0.5526996043514192,0.3705006668659028,-1.4732202547130595,-2.1258449995087636,0.4016860409600332,-0.9223638092586013,57.14285714285714,1.3062013337392624,14,79.71428571428571
BUOU.SI,0.3131948248508343,0.2100317802681939,-1.1326973492554124,-1.271166061622931,0.08598094838019055,-2.442771151342451,47.05882352941176,1.0301805323075732,34,29.470588235294116
M44U.SI,-0.042553700161970485,-0.028553654724272626,-1.3488323667414024,-1.3068193557984844,0.014679466086191797,-1.9451425928311894,47.05882352941176,0.955220714850048,34,29.823529411764707
