Strategy,Total Return %,Annualized Return %,Sharpe Ratio,Sortino Ratio,Calmar Ratio,Max Drawdown %,Win Rate %,Profit Factor,Num Trades,Avg Trade Duration
CRPU.SI,0.9473099213281057,0.7271375169858763,-0.932268363264947,-1.1560594335883028,0.5657697925318921,-1.2852179925192595,55.55555555555556,1.410430257019699,18,63.77777777777778
J69U.SI,0.6813207754110407,0.5231293577769858,-1.379913076764692,-1.9718469685333362,0.5813597227102452,-0.8998376346717059,57.14285714285714,1.4113567086641767,14,69.14285714285714
BUOU.SI,1.488646708869528,1.141947672877408,-0.5283327572504646,-0.6021220726643993,0.45679896081076243,-2.499891135589692,52.63157894736842,1.2794312916645072,38,25.526315789473685
M44U.SI,0.6209472986042601,0.47680678222190576,-0.976758479660064,-0.9510684161632803,0.24409578474047186,-1.9533593450983082,46.666666666666664,1.1109244693898728,30,33.13333333333333
