Strategy,Total Return %,Annualized Return %,Sharpe Ratio,Sortino Ratio,Calmar Ratio,Max Drawdown %,Win Rate %,Profit Factor,Num Trades,Avg Trade Duration
CRPU.SI,0.7017987628041555,0.6010051232947955,-1.0229991636905784,-1.2548281577139015,0.46763657504461775,-1.2851969999084287,55.55555555555556,1.291509425837687,18,58.44444444444444
J69U.SI,0.5859427619148482,0.5018300162660028,-1.4360559583318993,-2.011236825489969,0.5576895174528922,-0.899837634671683,42.857142857142854,1.3591822696308706,14,62.285714285714285
BUOU.SI,0.9758730984834982,0.8355533642745661,-0.7233857224530547,-0.8254023837638867,0.33405764322152715,-2.501225106591789,50.0,1.19912351608271,32,27.8125
M44U.SI,-0.4974452580958132,-0.4263669196458597,-1.6214675727805283,-1.418679389128733,0.21107064095973127,-2.0200200165555158,41.66666666666667,0.8469331390278529,24,32.25
