Strategy,Total Return %,Annualized Return %,Sharpe Ratio,Sortino Ratio,Calmar Ratio,Max Drawdown %,Win Rate %,Profit Factor,Num Trades,Avg Trade Duration
AAPL,0.7383131970824434,0.5288875439033225,-1.32697401583793,-0.7794137481125621,0.7256677540364016,-0.7288287800601265,57.14285714285714,1.442963455495852,14,9.285714285714286
MSFT,-1.4995062436955777,-1.0775799853889434,-1.6950780661796725,-1.313081365909088,0.4395351897579139,-2.4516352967835187,33.33333333333333,0.29661127124836806,12,32.833333333333336
GOOGL,3.739835856086102,2.6678426628887086,0.32011991988499405,0.47627400730198255,1.6667235439299979,-1.6006509733450778,70.0,3.419961488333063,20,14.9
NVDA,3.3678187555806467,2.4036945885350436,0.16387751762500657,0.1755332043917223,0.8991512695157334,-2.673292770669867,61.53846153846154,2.049406655410679,26,13.76923076923077
AMZN,0.5190767584863898,0.3719532627989519,-0.7601012075166459,-0.8853722552730797,0.23956964875707193,-1.5525892563131793,41.66666666666667,1.1047837692096898,24,12.833333333333334
META,-1.4688700787182642,-1.0555178928711273,-1.2240355353063943,-1.053413888679661,0.35842465044749694,-2.9448808600449277,40.0,0.7109900420484825,30,9.8
