Strategy,Total Return %,Annualized Return %,Sharpe Ratio,Sortino Ratio,Calmar Ratio,Max Drawdown %,Win Rate %,Profit Factor,Num Trades,Avg Trade Duration
CRPU.SI,0.9598815022994496,0.6190514859372609,-1.0872347828156004,-1.2947875669261824,0.5126724161837016,-1.207499109363905,50.0,1.5499453638780298,16,79.375
J69U.SI,0.5977343762877899,0.38573956550356225,-1.4423687016465108,-2.1246000348974388,0.41820761139102025,-0.9223638092586013,57.14285714285714,1.3353732771436264,14,82.71428571428571
BUOU.SI,0.8590633462048209,0.5541295682240266,-0.9506584512823382,-1.0109822071069519,0.3350549940899576,-1.653846616222203,50.0,1.1641573351449572,32,28.5625
M44U.SI,0.5705978296708418,0.36824498410357176,-1.0858492652139984,-1.0453015088035291,0.20619782577725876,-1.7858819932532233,46.666666666666664,1.1035229428692013,30,34.333333333333336
