Strategy,Total Return %,Annualized Return %,Sharpe Ratio,Sortino Ratio,Calmar Ratio,Max Drawdown %,Win Rate %,Profit Factor,Num Trades,Avg Trade Duration
CRPU.SI,0.7017998163678203,0.6434236003944882,-0.9794740636557719,-1.1974015066890198,0.5006420030861515,-1.2851969999084687,55.55555555555556,1.291509933160114,18,55.333333333333336
J69U.SI,0.37256051660591766,0.3416171192449857,-1.568325570332973,-2.2229098895472905,0.37037133917860304,-0.9223638092586013,42.857142857142854,1.1807098617021272,14,58.857142857142854
BUOU.SI,1.229413177062397,1.1269047886822037,-0.5334797634550481,-0.6098893979370841,0.4505415884913471,-2.5012225673897945,50.0,1.2748593580177412,32,27.0625
M44U.SI,0.15479716325209666,0.1419531172834665,-1.2601447157829295,-1.1199759886876988,0.07236768613359963,-1.9615539043407249,41.66666666666667,1.0071134680861709,24,30.083333333333332
