Strategy,Total Return %,Annualized Return %,Sharpe Ratio,Sortino Ratio,Calmar Ratio,Max Drawdown %,Win Rate %,Profit Factor,Num Trades,Avg Trade Duration
AAPL,0.6502442094005346,0.4780965568113471,-1.3831603805072163,-0.7967093462800912,0.6555163800965443,-0.7293434173848304,50.0,1.3901313992621147,12,10.166666666666666
MSFT,-2.2101423262919346,-1.631206901866622,-1.994441139914328,-1.6017274228838572,0.6587156745094025,-2.476344445699596,14.285714285714285,0.20844606834619223,14,29.0
GOOGL,2.9428840296293854,2.1573168234039874,0.08429090796994783,0.10291816889178391,1.3076292882440033,-1.6497923706657087,66.66666666666666,2.8534569226520916,18,15.333333333333334
NVDA,3.3964374017488077,2.4883415581836488,0.19842452281904072,0.21233913205695953,0.9310729125210728,-2.6725528416952313,61.53846153846154,2.0586880703036363,26,13.76923076923077
AMZN,0.01598018988417607,0.011759367394814646,-0.8728307708604813,-0.8413742472689604,0.005607174106262246,-2.0972003315683496,38.46153846153847,0.9714351495655061,26,11.461538461538462
META,-0.8674067659542379,-0.6390472990617679,-1.088561130532432,-0.8917936080460653,0.263914197184425,-2.4214206961181306,35.714285714285715,0.7973521780671279,28,9.428571428571429
