Strategy,Total Return %,Annualized Return %,Sharpe Ratio,Sortino Ratio,Calmar Ratio,Max Drawdown %,Win Rate %,Profit Factor,Num Trades,Avg Trade Duration
CRPU.SI,1.1100257527766553,0.8107381975554828,-0.8721182454314478,-1.1011621188779597,0.6338671738315186,-1.2790348373064298,55.55555555555556,1.4891784533822154,18,66.55555555555556
J69U.SI,0.501032010560175,0.366240315488886,-1.504835834616336,-2.0962760627875863,0.40700711036886567,-0.8998376346717059,42.857142857142854,1.2821997955855928,14,72.42857142857143
BUOU.SI,1.269747013338074,0.927197868656715,-0.6624608627405129,-0.7647157461765669,0.3710887444075448,-2.4985879594300724,52.63157894736842,1.2320056917059257,38,26.736842105263158
M44U.SI,0.11869447101873448,0.08680677545194193,-1.2596860115864494,-1.1882074656185713,0.04441844154743446,-1.9542958381203215,43.75,0.9914120132044539,32,28.5625
