Strategy,Total Return %,Annualized Return %,Sharpe Ratio,Sortino Ratio,Calmar Ratio,Max Drawdown %,Win Rate %,Profit Factor,Num Trades,Avg Trade Duration
CRPU.SI,0.9473100880456695,0.728677266088873,-0.9301401486665003,-1.154661763973874,0.56696742757086,-1.2852189220302295,55.55555555555556,1.4104301503604282,18,63.666666666666664
J69U.SI,0.7328386920969205,0.56384263837852,-1.3393256056006755,-1.938578905535021,0.6113017799687288,-0.9223638092586013,57.14285714285714,1.4228891073567167,14,69.71428571428571
BUOU.SI,1.4357006399521377,1.1037357379362511,-0.5514038049449882,-0.6289368249347683,0.44128305877996193,-2.501196717108983,52.63157894736842,1.267960260322002,38,25.473684210526315
M44U.SI,0.781952083174565,0.6015964573663046,-0.8983790446328556,-0.8700748570204755,0.3079803940552593,-1.9533595935927122,53.333333333333336,1.1507533171382243,30,33.06666666666667
