Strategy,Total Return %,Annualized Return %,Sharpe Ratio,Sortino Ratio,Calmar Ratio,Max Drawdown %,Win Rate %,Profit Factor,Num Trades,Avg Trade Duration
CRPU.SI,0.7017997185122112,0.7558279868003392,-0.870975843833457,-1.0543234963779071,0.5881028014213584,-1.2851970522391896,55.55555555555556,1.2915100105534996,18,48.55555555555556
J69U.SI,0.5526996043514192,0.5952154595778358,-1.3106443236573178,-1.8298969152902276,0.6453152797227286,-0.9223638092586013,57.14285714285714,1.3062013337392624,14,50.142857142857146
BUOU.SI,0.7290925623383191,0.7852301587975452,-0.7253631575908295,-0.8140673970044331,0.3119446045985446,-2.5172102585588645,46.666666666666664,1.1534762936812375,30,25.266666666666666
M44U.SI,0.25563806162705077,0.2752714822796376,-1.1310875769549005,-0.9954732266810471,0.1403334179556062,-1.961553322721167,45.45454545454545,1.0431947544443423,22,30.363636363636363
