Strategy,Total Return %,Annualized Return %,Sharpe Ratio,Sortino Ratio,Calmar Ratio,Max Drawdown %,Win Rate %,Profit Factor,Num Trades,Avg Trade Duration
CRPU.SI,0.9473120408305477,0.7364757336084438,-0.9246680414801108,-1.1432469582053042,0.5730352273599303,-1.2852189506769267,55.55555555555556,1.410431279043954,18,63.111111111111114
J69U.SI,0.7263924497345761,0.564862131775179,-1.3447653375860529,-1.9164533286009584,0.6277378384837918,-0.899837634671697,57.14285714285714,1.442188043956884,14,68.28571428571429
BUOU.SI,1.2768614055397847,0.9923198763526653,-0.6184056669162331,-0.7071207849874471,0.39673410597979253,-2.5012215017460804,52.63157894736842,1.2335471649205423,38,25.210526315789473
M44U.SI,0.6310063440131671,0.4907390039530002,-0.9692043343655543,-0.9390987537510358,0.2512278503742978,-1.9533622694373296,50.0,1.1190628736279575,28,35.357142857142854
