Strategy,Total Return %,Annualized Return %,Sharpe Ratio,Sortino Ratio,Calmar Ratio,Max Drawdown %,Win Rate %,Profit Factor,Num Trades,Avg Trade Duration
CRPU.SI,0.7911388677268769,0.6178094127277989,-1.011002304239676,-1.2506159472802678,0.48070398665737696,-1.2852179925192595,55.55555555555556,1.33478445212477,18,62.888888888888886
J69U.SI,0.6813202587531668,0.5321142863055517,-1.3730806731709284,-1.9601841218887188,0.5913447779939677,-0.899837634671697,57.14285714285714,1.4113562126894201,14,68.0
BUOU.SI,1.026588345256805,0.8014698094601203,-0.7363325776799297,-0.8410463267788303,0.3204308989814261,-2.501225106591789,50.0,1.18139337158876,36,26.5
M44U.SI,-0.16138461124804962,-0.1261579692983683,-1.3946481679532317,-1.2844682305995496,0.06431532324346444,-1.96155384030023,42.857142857142854,0.9290157892017051,28,30.785714285714285
