Strategy,Total Return %,Annualized Return %,Sharpe Ratio,Sortino Ratio,Calmar Ratio,Max Drawdown %,Win Rate %,Profit Factor,Num Trades,Avg Trade Duration
CRPU.SI,0.5950286706369662,0.39163467326877033,-1.229756802687496,-1.5239958716141444,0.3054304111739897,-1.2822386342061858,60.0,1.4541818935599777,10,125.4
J69U.SI,0.6310530334690703,0.4153197005397402,-1.4250058834269614,-2.060661469133682,0.4615496002134594,-0.899837634671683,57.14285714285714,1.3997808808268597,14,80.57142857142857
BUOU.SI,0.4119485242555493,0.2712197614620937,-1.1140393902595687,-1.2147860154963726,0.12946366987066044,-2.094948812536007,47.05882352941176,1.051778743192125,34,28.11764705882353
M44U.SI,-0.6008760988722679,-0.3962909315797236,-1.627164322213283,-1.5403867316386042,0.22190208147954504,-1.7858819932531986,43.75,0.8399945377984439,32,31.375
