Strategy,Total Return %,Annualized Return %,Sharpe Ratio,Sortino Ratio,Calmar Ratio,Max Drawdown %,Win Rate %,Profit Factor,Num Trades,Avg Trade Duration
CRPU.SI,0.7017997185122112,0.7765213078019695,-0.8522697776923353,-1.0321507677913866,0.604204084073366,-1.2851970522391896,55.55555555555556,1.2915100105534996,18,47.77777777777778
J69U.SI,0.8114941196859581,0.8979470021178049,-1.0365475103033288,-1.4489625684400071,0.9978989181147464,-0.899837634671683,57.14285714285714,1.530675090688523,14,48.57142857142857
BUOU.SI,0.6388286695374337,0.7068221422714904,-0.7688704229390824,-0.8631984450910121,0.2803736279525248,-2.5210008067919123,50.0,1.1346964564069715,28,26.714285714285715
M44U.SI,0.25563999314248576,0.28279162850908257,-1.1185630005148766,-0.9911331184637002,0.14416730693887073,-1.9615517173320773,45.45454545454545,1.043195339564733,22,30.363636363636363
