Strategy,Total Return %,Annualized Return %,Sharpe Ratio,Sortino Ratio,Calmar Ratio,Max Drawdown %,Win Rate %,Profit Factor,Num Trades,Avg Trade Duration
CRPU.SI,0.5527075413135389,0.5882622443999619,-0.991689603726256,-1.2069559280409563,0.4577214391948976,-1.2851970522391896,44.44444444444444,1.2087008858335684,18,49.22222222222222
J69U.SI,0.7212735765775141,0.767713164103867,-1.154911123775918,-1.593947623393233,0.8531685434383691,-0.899837634671683,57.14285714285714,1.4652279857576913,14,50.42857142857143
BUOU.SI,0.6779288491131956,0.721567678499091,-0.7657814392437913,-0.8631585288227686,0.28665359543263247,-2.5172113310145776,46.666666666666664,1.1378126216616467,30,25.666666666666668
M44U.SI,0.15447989876016438,0.1643963706029039,-1.2227438005112312,-1.063479167887296,0.08138359119355433,-2.0200186326494314,45.45454545454545,1.013205621307767,22,29.90909090909091
