Strategy,Total Return %,Annualized Return %,Sharpe Ratio,Sortino Ratio,Calmar Ratio,Max Drawdown %,Win Rate %,Profit Factor,Num Trades,Avg Trade Duration
CRPU.SI,0.7017997185122112,0.6245329212220874,-0.9992085524039228,-1.2239410835275726,0.48594331906844024,-1.2851970522391896,55.55555555555556,1.2915100105534996,18,56.666666666666664
J69U.SI,0.5977343762877899,0.5319552167916575,-1.3980746253306238,-1.961563138783363,0.5767303654500978,-0.9223638092586013,57.14285714285714,1.3353732771436264,14,60.57142857142857
BUOU.SI,0.9758761545911148,0.8683042056748524,-0.6948403666737535,-0.8021873977347566,0.34715181738472556,-2.5012232752120895,50.0,1.1991243445974484,32,27.8125
M44U.SI,0.07896142380204765,0.07029188090295069,-1.3118954435175827,-1.1742510391232919,0.035834778334824735,-1.9615547847449657,41.66666666666667,0.9857342925031732,24,31.083333333333332
