Strategy,Total Return %,Annualized Return %,Sharpe Ratio,Sortino Ratio,Calmar Ratio,Max Drawdown %,Win Rate %,Profit Factor,Num Trades,Avg Trade Duration
CRPU.SI,0.7017998163678203,0.7812747512011109,-0.8466421545308379,-1.0281394020372934,0.6079027193937996,-1.2851969999084687,55.55555555555556,1.291509933160114,18,47.55555555555556
J69U.SI,0.5526996043514192,0.6152382355140151,-1.2966904991214536,-1.842236677025072,0.6670233907036589,-0.9223638092586013,57.14285714285714,1.3062013337392624,14,48.857142857142854
BUOU.SI,0.5847584518868644,0.6509363074815422,-0.8001728339056071,-0.9005026803049968,0.2581315251035013,-2.5217234013572756,50.0,1.119821964526375,28,26.571428571428573
M44U.SI,0.15448033207236223,0.17192143858144604,-1.1997863864332845,-1.0591181518014854,0.08510878020171897,-2.020020004680712,45.45454545454545,1.0132057558472425,22,29.90909090909091
