Strategy,Total Return %,Annualized Return %,Sharpe Ratio,Sortino Ratio,Calmar Ratio,Max Drawdown %,Win Rate %,Profit Factor,Num Trades,Avg Trade Duration
CRPU.SI,0.47880073188465755,0.38992165343787466,-1.174600987819178,-1.4456745325696887,0.3033892810501295,-1.2852189506769267,44.44444444444444,1.1690062555948901,18,60.77777777777778
J69U.SI,0.4055016756979603,0.3302513479939373,-1.5762115928518052,-2.2372631431769383,0.367012153380797,-0.899837634671683,42.857142857142854,1.204857035367352,14,65.42857142857143
BUOU.SI,0.4652772087738231,0.37891321329563965,-1.0029164082914441,-1.1239333911278644,0.1514912665795987,-2.5012215017460804,44.44444444444444,1.0593945966151899,36,25.444444444444443
M44U.SI,-0.29027961553167186,-0.23656380051338965,-1.442989876453314,-1.3841382046689992,0.12110589152605473,-1.953363271864402,42.857142857142854,0.900101547832176,28,33.857142857142854
