Strategy,Total Return %,Annualized Return %,Sharpe Ratio,Sortino Ratio,Calmar Ratio,Max Drawdown %,Win Rate %,Profit Factor,Num Trades,Avg Trade Duration
CRPU.SI,0.6411219734201586,0.5267486119149511,-1.0735157347715245,-1.3212546033030004,0.41177240981281654,-1.2792226952612014,44.44444444444444,1.2501055780086712,18,60.333333333333336
J69U.SI,0.5076648324150301,0.4171489697752939,-1.4964300869433136,-2.1322110629645388,0.4522607734475179,-0.9223638092586013,57.14285714285714,1.2770293903348993,14,65.14285714285714
BUOU.SI,0.8589228365020608,0.7055587363500759,-0.8100989756104333,-0.9275340995864956,0.28208526073508117,-2.501225106591789,47.05882352941176,1.1603395015461055,34,26.764705882352942
M44U.SI,0.22654852694817237,0.18620171444954092,-1.1795500654521878,-1.1200785838196965,0.0953237397919263,-1.953361406675651,46.15384615384615,1.0223178404736264,26,36.0
