Strategy,Total Return %,Annualized Return %,Sharpe Ratio,Sortino Ratio,Calmar Ratio,Max Drawdown %,Win Rate %,Profit Factor,Num Trades,Avg Trade Duration
CRPU.SI,0.7763459050395977,0.6711329818620992,-0.9692010852444811,-1.1872079027728597,0.5222024187030448,-1.2851969999084687,55.55555555555556,1.3276182569029147,18,57.888888888888886
BUOU.SI,0.9758767693058872,0.8435097817270698,-0.7159393884631986,-0.8197625223485882,0.3372391374127494,-2.5012215017460804,50.0,1.1991245797211225,32,27.8125
M44U.SI,0.0503013602545252,0.04350562298260918,-1.3433633289825568,-1.2064134516584817,0.021537243180827337,-2.020018189762481,41.66666666666667,0.977229302799492,24,31.833333333333332
