Strategy,Total Return %,Annualized Return %,Sharpe Ratio,Sortino Ratio,Calmar Ratio,Max Drawdown %,Win Rate %,Profit Factor,Num Trades,Avg Trade Duration
CRPU.SI,0.6272526749122881,0.7248682647801763,-0.8800568826615943,-1.0659991351962874,0.564013349573508,-1.2851969999084287,44.44444444444444,1.2517145278447988,18,46.22222222222222
J69U.SI,0.6070261383273464,0.7014830356276258,-1.2237254997327598,-1.6931200617935964,0.7795662335056255,-0.899837634671697,50.0,1.3907700799617089,12,54.333333333333336
BUOU.SI,0.0,0.0,0.0,0.0,0.0,0.0,0.0,0.0,0,0.0
M44U.SI,0.3403294491486122,0.39320567943401663,-1.033378761478237,-0.9219621916750389,0.20045635820508342,-1.9615525441788917,45.45454545454545,1.0669252912084441,22,30.0
