Strategy,Total Return %,Annualized Return %,Sharpe Ratio,Sortino Ratio,Calmar Ratio,Max Drawdown %,Win Rate %,Profit Factor,Num Trades,Avg Trade Duration
CRPU.SI,0.5568827476580009,0.45964665441811103,-1.1238252967771847,-1.3815344919516683,0.3576407462878066,-1.2852189220302557,44.44444444444444,1.211198419785837,18,60.111111111111114
J69U.SI,0.591175876790312,0.48793741706618654,-1.437510767023903,-2.019608879096853,0.5422505108315557,-0.899837634671697,57.14285714285714,1.3496925501544923,14,64.42857142857143
BUOU.SI,0.8589258890701057,0.7087651141586493,-0.8080922056028064,-0.9252365727121146,0.2833673911412607,-2.5012232752120895,47.05882352941176,1.160340286257694,34,26.764705882352942
M44U.SI,0.2265476635559753,0.18704433091916162,-1.1790028416566043,-1.1195589616533947,0.09575514624175228,-1.9533606104776053,46.15384615384615,1.022317612258279,26,36.0
