Strategy,Total Return %,Annualized Return %,Sharpe Ratio,Sortino Ratio,Calmar Ratio,Max Drawdown %,Win Rate %,Profit Factor,Num Trades,Avg Trade Duration
J69U.SI,0.5977349443573076,0.5665959812971133,-1.3477510166275908,-1.8955247059095974,0.6142872462984946,-0.9223632505985528,57.14285714285714,1.3353737661466116,14,57.0
M44U.SI,0.29394725289954293,0.2786560106422753,-1.1783989498629077,-1.0204776380174236,0.1379471509459261,-2.020020049210771,50.0,1.0485793304426694,24,28.583333333333332
