Strategy,Total Return %,Annualized Return %,Sharpe Ratio,Sortino Ratio,Calmar Ratio,Max Drawdown %,Win Rate %,Profit Factor,Num Trades,Avg Trade Duration
CRPU.SI,1.2901151445098367,0.837498932451175,-0.885822148390938,-1.0889403627111889,0.5798232907387805,-1.4444037447755467,50.0,1.6189296304471046,20,64.0
J69U.SI,0.6362480677717395,0.41349940847752453,-1.4257565484765782,-2.0733684636207097,0.4595266885324134,-0.899837634671697,57.14285714285714,1.380524381421956,14,81.42857142857143
BUOU.SI,1.292345233244996,0.8389433923098322,-0.7589629014637433,-0.8188146961632821,0.5094468922816766,-1.6467730101413096,53.333333333333336,1.2986312351771236,30,31.666666666666668
M44U.SI,0.17709841839054205,0.1151888425622305,-1.2755537964472559,-1.1897504157096128,0.06462707957234223,-1.7823618725226544,50.0,1.0014833813458848,32,30.625
