Strategy,Total Return %,Annualized Return %,Sharpe Ratio,Sortino Ratio,Calmar Ratio,Max Drawdown %,Win Rate %,Profit Factor,Num Trades,Avg Trade Duration
CRPU.SI,0.7763448506960049,0.9176854141505597,-0.7445550236918217,-0.8923028485678891,0.7140426053094938,-1.2851969999084287,55.55555555555556,1.3276177495804877,18,45.44444444444444
J69U.SI,0.6933062875923679,0.8194675571787435,-1.1125387659814583,-1.5230711335320077,0.9106838007255873,-0.899837634671697,50.0,1.4838397771688154,12,53.166666666666664
BUOU.SI,0.26778377509072016,0.31639086621444434,-0.9939963886641211,-1.1088396980653967,0.13095106868319217,-2.4160999172895927,50.0,1.033599595829802,28,25.285714285714285
M44U.SI,0.4904953428300723,0.5796448744330496,-0.9100757345560968,-0.8011365067645749,0.29550310228827303,-1.961552585893284,45.45454545454545,1.1177810671813484,22,29.363636363636363
