Strategy,Total Return %,Annualized Return %,Sharpe Ratio,Sortino Ratio,Calmar Ratio,Max Drawdown %,Win Rate %,Profit Factor,Num Trades,Avg Trade Duration
CRPU.SI,0.5527064893097667,0.5848409623968376,-0.9954136243058948,-1.2098809360065148,0.4550593711508221,-1.2851970522391494,44.44444444444444,1.2087004030159842,18,49.333333333333336
J69U.SI,0.7263924497345761,0.7686635961933419,-1.1545114061896782,-1.5943643006659194,0.8542247696427884,-0.899837634671697,57.14285714285714,1.442188043956884,14,50.42857142857143
BUOU.SI,0.6779288491131956,0.7173697095267828,-0.7693165993252934,-0.865992773695219,0.2849858892211654,-2.5172113310145776,46.666666666666664,1.1378126216616467,30,25.733333333333334
M44U.SI,0.15448172792817788,0.1634445051475586,-1.2250035471671352,-1.0640296544170873,0.08091240713045882,-2.020017830936972,45.45454545454545,1.0132061626177922,22,29.90909090909091
