Strategy,Total Return %,Annualized Return %,Sharpe Ratio,Sortino Ratio,Calmar Ratio,Max Drawdown %,Win Rate %,Profit Factor,Num Trades,Avg Trade Duration
CRPU.SI,0.701798664948601,0.6354143266765089,-0.9871108256326196,-1.2093749549504669,0.4944100405221526,-1.2851970522391494,55.55555555555556,1.2915095032308956,18,55.888888888888886
J69U.SI,0.5076648324150301,0.45968584501523413,-1.4596623650907616,-2.0581271718731644,0.4983780157037286,-0.9223638092586013,57.14285714285714,1.2770293903348993,14,59.57142857142857
BUOU.SI,1.1318799751121333,1.0246070211359148,-0.5974733164305532,-0.6839823134878188,0.40964248223826233,-2.5012225673897945,50.0,1.2434456021986553,32,27.375
M44U.SI,1.1729547820605695,1.06176859710021,-0.6204522398193005,-0.5820754224102508,0.5435586858152865,-1.9533651559769625,50.0,1.3566842746286978,24,35.75
