Strategy,Total Return %,Annualized Return %,Sharpe Ratio,Sortino Ratio,Calmar Ratio,Max Drawdown %,Win Rate %,Profit Factor,Num Trades,Avg Trade Duration
CRPU.SI,0.9473099213281057,0.6976559826693096,-0.9555397836976184,-1.201617999717912,0.5428308557225984,-1.2852179925192595,55.55555555555556,1.410430257019699,18,66.0
J69U.SI,0.591175876790312,0.4355800057597836,-1.4378195884731526,-1.9972291452236153,0.4840651123896409,-0.899837634671697,57.14285714285714,1.3496925501544923,14,72.0
BUOU.SI,1.3298080228485922,0.9788627478473533,-0.6298611072214344,-0.7270142969383392,0.3917665948577548,-2.498586558159113,52.63157894736842,1.2450182752821501,38,26.57894736842105
M44U.SI,-0.4345923857152047,-0.3206402244177675,-1.530479143924674,-1.4528407480555356,0.16346252310252493,-1.9615519100770245,40.0,0.8791103237381128,30,30.266666666666666
