Strategy,Total Return %,Annualized Return %,Sharpe Ratio,Sortino Ratio,Calmar Ratio,Max Drawdown %,Win Rate %,Profit Factor,Num Trades,Avg Trade Duration
CRPU.SI,1.0253949827050384,0.7386102519998827,-0.9293095003906788,-1.1722177288577684,0.5747808850441876,-1.2850292541358614,55.55555555555556,1.4482529340262267,18,67.11111111111111
J69U.SI,0.5526996043514192,0.3983801797030839,-1.4610205297338013,-2.0830557796100506,0.43191219744766773,-0.9223638092586013,57.14285714285714,1.3062013337392624,14,74.14285714285714
BUOU.SI,1.7065383188084524,1.2280951111078853,-0.47595555785815385,-0.5502298383566532,0.49231434115842654,-2.494534504556886,52.63157894736842,1.3266384837137175,38,27.105263157894736
M44U.SI,-0.5790976205864172,-0.41806639780591626,-1.634756482678331,-1.474463800862719,0.21312990088064723,-1.9615567598843555,40.0,0.8495864430491324,30,29.0
