Strategy,Total Return %,Annualized Return %,Sharpe Ratio,Sortino Ratio,Calmar Ratio,Max Drawdown %,Win Rate %,Profit Factor,Num Trades,Avg Trade Duration
CRPU.SI,0.7763448506960049,0.7117460385053453,-0.9309944265979517,-1.1324493275998722,0.5538030656436779,-1.2851969999084287,55.55555555555556,1.3276177495804877,18,55.333333333333336
J69U.SI,0.501032010560175,0.4593938851227275,-1.4665468197752345,-2.0397932669568544,0.5105297527262587,-0.8998376346717059,42.857142857142854,1.2821997955855928,14,58.142857142857146
BUOU.SI,1.131881136919019,1.0375465809486117,-0.5886662920860931,-0.6723096534486027,0.41481595301508073,-2.5012215017460804,50.0,1.243445959336946,32,27.0625
M44U.SI,1.0209900669756462,0.935940237578059,-0.7031585602197961,-0.6601389018531211,0.47914292182816026,-1.953363380610941,50.0,1.2897107858780792,24,35.333333333333336
