Strategy,Total Return %,Annualized Return %,Sharpe Ratio,Sortino Ratio,Calmar Ratio,Max Drawdown %,Win Rate %,Profit Factor,Num Trades,Avg Trade Duration
CRPU.SI,1.026337730481755,0.6977662691715736,-0.9675181367547998,-1.227937397023683,0.5434153863839671,-1.284038484472622,55.55555555555556,1.4490482501771238,18,70.0
J69U.SI,0.455959819347463,0.3102696473011646,-1.5418506120012687,-2.199316592296795,0.3448062576470948,-0.8998376346717059,42.857142857142854,1.2446030461564799,14,77.85714285714286
BUOU.SI,0.3890776502499284,0.2647861083126424,-1.090862256673221,-1.2389977150215863,0.10031478177987209,-2.6395522535620075,47.05882352941176,1.046700325496291,34,30.058823529411764
M44U.SI,0.3502868451352515,0.23840180636693908,-1.2027060584359266,-1.108451088686621,0.13349247445664847,-1.7858819932531838,50.0,1.0405474948011517,32,30.125
