Strategy,Total Return %,Annualized Return %,Sharpe Ratio,Sortino Ratio,Calmar Ratio,Max Drawdown %,Win Rate %,Profit Factor,Num Trades,Avg Trade Duration
CRPU.SI,1.1950520559691358,0.7857572928025691,-0.9114597444911626,-1.145102219881108,0.6164567488753305,-1.2746349102935641,66.66666666666666,1.9531323255133428,12,107.0
J69U.SI,0.5076648324150301,0.33418333227572816,-1.4934541678582673,-2.1832324170461477,0.3623118436794975,-0.9223638092586013,57.14285714285714,1.2770293903348993,14,81.14285714285714
BUOU.SI,0.41195122056480615,0.2712215354216063,-1.114038410934628,-1.2147848533358077,0.12946468176915282,-2.0949461406410337,47.05882352941176,1.0517793364354584,34,28.11764705882353
M44U.SI,0.11215666459624117,0.07387970151440104,-1.312253807944755,-1.1994841842301198,0.04145044990770373,-1.782361872522648,47.05882352941176,0.9861462597722526,34,28.764705882352942
