Strategy,Total Return %,Annualized Return %,Sharpe Ratio,Sortino Ratio,Calmar Ratio,Max Drawdown %,Win Rate %,Profit Factor,Num Trades,Avg Trade Duration
CRPU.SI,0.7017998163678203,0.8162504462450482,-0.8154870971477755,-0.985059292323969,0.635116986970232,-1.2851969999084687,55.55555555555556,1.291509933160114,18,46.0
J69U.SI,0.6097104542960552,0.7090901940150829,-1.2077513420842148,-1.6935258493738012,0.7687749528952699,-0.9223638092586013,50.0,1.3939107728183924,12,54.833333333333336
BUOU.SI,0.26778377509072016,0.3113449603986851,-0.9991664931767321,-1.1198622148402433,0.12886261787879835,-2.4160999172895927,50.0,1.033599595829802,28,25.642857142857142
M44U.SI,0.38909685974944297,0.4524368841761994,-1.004464616848616,-0.8811501674973699,0.22397633624074662,-2.0200209172538934,45.45454545454545,1.0855798053789252,22,29.363636363636363
