Strategy,Total Return %,Annualized Return %,Sharpe Ratio,Sortino Ratio,Calmar Ratio,Max Drawdown %,Win Rate %,Profit Factor,Num Trades,Avg Trade Duration
CRPU.SI,0.7763458071115564,0.9059059619950682,-0.7561911949115478,-0.9077739290838879,0.7048770929070486,-1.2851970522391896,55.55555555555556,1.327618349714097,18,45.888888888888886
J69U.SI,0.6959195421905315,0.8120037963763815,-1.112548766507044,-1.5504130313163955,0.8803514188682655,-0.9223632505985528,50.0,1.48741607685745,12,54.666666666666664
BUOU.SI,0.3202577219653904,0.37356274141322476,-0.9613341261024348,-1.0748989641573456,0.15461394569819428,-2.4160999172895927,50.0,1.0484653365801035,28,25.571428571428573
M44U.SI,0.6406580155614938,0.7474900921785599,-0.8022360829129058,-0.7064652217624154,0.38107045984657634,-1.9615534945414257,45.45454545454545,1.1737264726349952,22,29.727272727272727
