Strategy,Total Return %,Annualized Return %,Sharpe Ratio,Sortino Ratio,Calmar Ratio,Max Drawdown %,Win Rate %,Profit Factor,Num Trades,Avg Trade Duration
CRPU.SI,0.7017998163678203,0.7056800932756957,-0.9215193394939747,-1.1114148868555107,0.5490832092869451,-1.2851969999084687,55.55555555555556,1.291509933160114,18,51.44444444444444
J69U.SI,0.9517534046416767,0.9570222378695759,-0.9884009855766936,-1.3553150175500224,1.0635499127781451,-0.899837634671697,57.14285714285714,1.5963472002942043,14,53.142857142857146
BUOU.SI,0.8825765648072593,0.8874607594231865,-0.6749762492254193,-0.7583894933722772,0.35305838725456906,-2.5136373797099236,53.333333333333336,1.199137572149802,30,27.0
M44U.SI,0.1444663083004525,0.14526284375830922,-1.2566456896908595,-1.0758731832849917,0.07191166723669044,-2.0200177431596784,41.66666666666667,1.0042526400472367,24,27.416666666666668
