Strategy,Total Return %,Annualized Return %,Sharpe Ratio,Sortino Ratio,Calmar Ratio,Max Drawdown %,Win Rate %,Profit Factor,Num Trades,Avg Trade Duration
J69U.SI,0.6362480677717395,0.6126736530042143,-1.313899388166032,-1.8051300703988584,0.6808713365581185,-0.899837634671697,57.14285714285714,1.380524381421956,14,55.42857142857143
M44U.SI,0.29394903675934986,0.2830754071997399,-1.1733651249599502,-1.0069531876475848,0.14013495239839632,-2.020020004680712,50.0,1.0485798847986676,24,28.083333333333332
