Strategy,Total Return %,Annualized Return %,Sharpe Ratio,Sortino Ratio,Calmar Ratio,Max Drawdown %,Win Rate %,Profit Factor,Num Trades,Avg Trade Duration
CRPU.SI,0.6272536299128659,0.6561043788841481,-0.9465007800661664,-1.1539863156483157,0.5105087797556197,-1.2851970522391896,44.44444444444444,1.2517150873739087,18,49.888888888888886
J69U.SI,0.7263929666237527,0.7598208542499263,-1.167415425219927,-1.6058136436560932,0.8443977279602638,-0.8998376346717059,57.14285714285714,1.442188550766475,14,51.142857142857146
BUOU.SI,0.8314165172495995,0.8696983152090887,-0.6796383539645211,-0.7631452388692802,0.3456415460458978,-2.5161856991971714,53.333333333333336,1.1850637974658569,30,26.066666666666666
M44U.SI,0.25563360424208437,0.26736885004419175,-1.1484222212896842,-1.0000338163597127,0.13630444340333508,-1.961556376067853,45.45454545454545,1.0431934198632136,22,30.363636363636363
