Strategy,Total Return %,Annualized Return %,Sharpe Ratio,Sortino Ratio,Calmar Ratio,Max Drawdown %,Win Rate %,Profit Factor,Num Trades,Avg Trade Duration
CRPU.SI,0.6272537276960429,0.6836172858698308,-0.9198429416749905,-1.1155141698642468,0.5319163411667766,-1.2851969999084687,44.44444444444444,1.2517150278443057,18,48.333333333333336
J69U.SI,0.8165373490491765,0.8899845657679428,-1.04987745252224,-1.4610634662477686,0.9890501702483717,-0.8998376346717059,57.14285714285714,1.5038522349710697,14,49.142857142857146
BUOU.SI,0.7903328462434365,0.8614129234236545,-0.6782837659824014,-0.7600091232931923,0.3422091889800403,-2.517211551189227,50.0,1.1793197393159998,28,27.0
M44U.SI,0.15447938358698593,0.16832499499617182,-1.210352117901552,-1.0612015689992413,0.08332841602499169,-2.020019136637472,45.45454545454545,1.0132054749507127,22,29.90909090909091
