Strategy,Total Return %,Annualized Return %,Sharpe Ratio,Sortino Ratio,Calmar Ratio,Max Drawdown %,Win Rate %,Profit Factor,Num Trades,Avg Trade Duration
CRPU.SI,0.7017997185122112,0.709603418004412,-0.9163633312710983,-1.1080474097108834,0.552135889798436,-1.2851970522391896,55.55555555555556,1.2915100105534996,18,51.22222222222222
J69U.SI,0.8679430079060512,0.8776021826365055,-1.0529905820865673,-1.4738399686371413,0.9514707470384431,-0.9223638092586013,57.14285714285714,1.5104049375698076,14,53.57142857142857
BUOU.SI,0.8825765648072593,0.8923993129503538,-0.670662431325061,-0.7526273590341733,0.3548431327591507,-2.5149121698124244,53.333333333333336,1.199137572149802,30,26.866666666666667
M44U.SI,0.15448033207236223,0.15619336158665398,-1.2460433905037989,-1.0682304587860678,0.07732271380688467,-2.0200191366375297,45.45454545454545,1.0132057558472425,22,29.90909090909091
