Strategy,Total Return %,Annualized Return %,Sharpe Ratio,Sortino Ratio,Calmar Ratio,Max Drawdown %,Win Rate %,Profit Factor,Num Trades,Avg Trade Duration
J69U.SI,0.5526996043514192,0.5322290272483654,-1.3815919961956353,-1.9283756282121716,0.5770272227790167,-0.9223638092586013,57.14285714285714,1.3062013337392624,14,56.142857142857146
M44U.SI,0.32043088772252304,0.3085761473623938,-1.1451865128902858,-0.9880680683671275,0.15731212612701032,-1.961553473082274,50.0,1.0564356648209863,24,28.5
