Strategy,Total Return %,Annualized Return %,Sharpe Ratio,Sortino Ratio,Calmar Ratio,Max Drawdown %,Win Rate %,Profit Factor,Num Trades,Avg Trade Duration
BUOU.SI,1.7503801919184117,1.218379097329314,-0.48690922612649823,-0.558778006762018,0.4886300513255483,-2.493459200931489,52.63157894736842,1.3384674201255156,38,27.526315789473685
M44U.SI,-0.4345956412425767,-0.30350236925527074,-1.549072368106835,-1.442111916396513,0.15472555726156906,-1.9615529239438396,40.0,0.8791096440092865,30,30.266666666666666
