Strategy,Total Return %,Annualized Return %,Sharpe Ratio,Sortino Ratio,Calmar Ratio,Max Drawdown %,Win Rate %,Profit Factor,Num Trades,Avg Trade Duration
CRPU.SI,0.7017998163678203,0.7934166402217446,-0.8347570545945644,-1.0178962774859799,0.617350211896115,-1.2851969999084687,55.55555555555556,1.291509933160114,18,47.0
J69U.SI,0.4108871128646388,0.4644390482467564,-1.4511733070102113,-2.0211905630710527,0.5161365010213266,-0.899837634671697,42.857142857142854,1.2091479245401575,14,47.42857142857143
BUOU.SI,0.2062649757578947,0.23311704761768137,-1.0498868404067498,-1.1793977781031653,0.09244346016676534,-2.5217256818075064,50.0,1.0157000267537772,28,26.214285714285715
M44U.SI,0.1544802935950065,0.1745850394664128,-1.1931044748594792,-1.0575751820625294,0.08642737616094179,-2.020020128128235,45.45454545454545,1.0132057440200466,22,29.90909090909091
