Strategy,Total Return %,Annualized Return %,Sharpe Ratio,Sortino Ratio,Calmar Ratio,Max Drawdown %,Win Rate %,Profit Factor,Num Trades,Avg Trade Duration
CRPU.SI,0.7017997185122112,0.6214918065914565,-1.001417771217409,-1.2266471789286002,0.4835770557585981,-1.2851970522391896,55.55555555555556,1.2915100105534996,18,56.666666666666664
J69U.SI,0.5977349443573076,0.5293665899671396,-1.400540587452807,-1.9650216161514367,0.5739241991955074,-0.9223632505985528,57.14285714285714,1.3353737661466116,14,60.57142857142857
BUOU.SI,0.9758730984834982,0.8640682739980754,-0.6974412602491279,-0.8051899723604788,0.3454580204400192,-2.501225106591789,50.0,1.19912351608271,32,27.8125
M44U.SI,0.22833861347593484,0.20226395218916338,-1.2194226645413462,-1.0940089702072406,0.10311419050159562,-1.9615530239364434,41.66666666666667,1.0287505790282583,24,31.333333333333332
