Strategy,Total Return %,Annualized Return %,Sharpe Ratio,Sortino Ratio,Calmar Ratio,Max Drawdown %,Win Rate %,Profit Factor,Num Trades,Avg Trade Duration
CRPU.SI,0.7017997185122112,0.7983796161336709,-0.8305426716594935,-1.0091392244284618,0.6212118326467212,-1.2851970522391896,55.55555555555556,1.2915100105534996,18,46.77777777777778
J69U.SI,0.48039767539026795,0.5464261786586988,-1.3654189335924116,-1.9233546953081815,0.5924193611823493,-0.9223638092586013,50.0,1.2737971011581437,12,56.0
BUOU.SI,0.26033807855754276,0.29607582719115566,-1.0158728132788428,-1.134734379094898,0.11741008970374854,-2.521723881978287,50.0,1.0305753100666117,28,26.071428571428573
M44U.SI,0.15448074606767476,0.17567426621907245,-1.1890946702385394,-1.0569443331384936,0.08696661470385737,-2.0200195996738097,45.45454545454545,1.0132058716757022,22,29.90909090909091
