Strategy,Total Return %,Annualized Return %,Sharpe Ratio,Sortino Ratio,Calmar Ratio,Max Drawdown %,Win Rate %,Profit Factor,Num Trades,Avg Trade Duration
CRPU.SI,1.1043643057525696,0.7465267403496734,-0.9324151509454431,-1.1819588511221966,0.5813896930482396,-1.2840384844726371,55.55555555555556,1.4868714346365,18,70.33333333333333
J69U.SI,0.6878039201605498,0.465251507810871,-1.3941799985154706,-2.0058952920534225,0.5044121453386614,-0.9223638092586013,57.14285714285714,1.3937171639523536,14,79.0
BUOU.SI,0.3890774379373579,0.26331026301256166,-1.0939627523612958,-1.2400513468861631,0.09975562343723753,-2.639553079212888,47.05882352941176,1.04670028602443,34,30.058823529411764
M44U.SI,1.0079631583592892,0.6814668475132457,-0.8773657667073258,-0.8328329516850789,0.3815855975298088,-1.785881993253193,53.333333333333336,1.2149251088278985,30,33.53333333333333
