Strategy,Total Return %,Annualized Return %,Sharpe Ratio,Sortino Ratio,Calmar Ratio,Max Drawdown %,Win Rate %,Profit Factor,Num Trades,Avg Trade Duration
CRPU.SI,0.7763458071115564,0.6841459116115223,-0.9540916197689497,-1.1755836473525656,0.53232763833339,-1.2851970522391896,55.55555555555556,1.327618349714097,18,57.111111111111114
J69U.SI,0.6813207754110407,0.6004397799229899,-1.344022858314545,-1.8530456851011252,0.667275691510783,-0.8998376346717059,57.14285714285714,1.4113567086641767,14,60.42857142857143
BUOU.SI,0.9758756092911972,0.8598783469052185,-0.7016734338652358,-0.8081596956872609,0.3437832195007593,-2.5012225673897945,50.0,1.1991242469977526,32,27.8125
M44U.SI,0.15135162221977225,0.1334260793833142,-1.2639801379991715,-1.1407853897038787,0.06802053717429989,-1.9615558024985196,41.66666666666667,1.006122030297034,24,31.666666666666668
