Strategy,Total Return %,Annualized Return %,Sharpe Ratio,Sortino Ratio,Calmar Ratio,Max Drawdown %,Win Rate %,Profit Factor,Num Trades,Avg Trade Duration
CRPU.SI,0.6272536299128659,0.6815756864704259,-0.9225143633215094,-1.1172456197397784,0.5303277698022427,-1.2851970522391896,44.44444444444444,1.2517150873739087,18,48.44444444444444
J69U.SI,0.5526996043514192,0.6005458093905292,-1.3039159342921,-1.8229535083840454,0.6510942898694709,-0.9223638092586013,57.14285714285714,1.3062013337392624,14,50.0
BUOU.SI,0.7802514552606772,0.847879309495414,-0.6872607356470901,-0.7695493055630747,0.33683244560985803,-2.517213886448115,46.666666666666664,1.1695757267222457,30,25.2
M44U.SI,0.25563606266667194,0.27773050129238364,-1.1279561325290497,-0.9940542105708451,0.14158701907533203,-1.961553418570214,45.45454545454545,1.0431941503600912,22,30.363636363636363
