Strategy,Total Return %,Annualized Return %,Sharpe Ratio,Sortino Ratio,Calmar Ratio,Max Drawdown %,Win Rate %,Profit Factor,Num Trades,Avg Trade Duration
J69U.SI,0.7714646407160035,0.7488109085077133,-1.1826926982319113,-1.6114130540017941,0.8321622475602664,-0.899837634671697,57.14285714285714,1.4730198752243486,14,55.0
M44U.SI,0.29394623977286755,0.28533449188647975,-1.1693387333197771,-1.0001404612170117,0.14125323626567995,-2.0200209172538934,50.0,1.0485790308198593,24,27.833333333333332
