Strategy,Total Return %,Annualized Return %,Sharpe Ratio,Sortino Ratio,Calmar Ratio,Max Drawdown %,Win Rate %,Profit Factor,Num Trades,Avg Trade Duration
CRPU.SI,0.7763459050395977,0.7011395347149785,-0.9399173688004588,-1.151124018570436,0.5455502423090883,-1.2851969999084687,55.55555555555556,1.3276182569029147,18,56.0
J69U.SI,0.591175876790312,0.533954842061446,-1.3992932764251484,-1.9410736167889808,0.5933902089528159,-0.899837634671697,57.14285714285714,1.3496925501544923,14,59.0
BUOU.SI,1.0343467731618876,0.9340316714144814,-0.6530112721578268,-0.7503649368077282,0.3734300512046037,-2.5012225673897945,50.0,1.213542746426746,32,27.4375
M44U.SI,1.0969718868001654,0.9905534238833447,-0.6678128233238566,-0.6292304668655027,0.5071014769811303,-1.953363318482711,50.0,1.3223499436879722,24,35.833333333333336
