Strategy,Total Return %,Annualized Return %,Sharpe Ratio,Sortino Ratio,Calmar Ratio,Max Drawdown %,Win Rate %,Profit Factor,Num Trades,Avg Trade Duration
CRPU.SI,0.6272525771291839,0.6523526297744553,-0.9516367314537092,-1.1572079007211873,0.5075895782968739,-1.2851970522391494,44.44444444444444,1.2517145873742301,18,50.111111111111114
J69U.SI,0.7263924497345761,0.755474540169021,-1.1732046759049564,-1.617223546678615,0.8395676187122953,-0.899837634671697,57.14285714285714,1.442188043956884,14,51.42857142857143
BUOU.SI,0.8314165172495995,0.8647214050886642,-0.6840021756457362,-0.7689721025324482,0.3438379651265488,-2.5149096167155522,53.333333333333336,1.1850637974658569,30,26.2
M44U.SI,0.2556352158141271,0.26584503361144485,-1.1524530269381648,-1.0009143246053198,0.13552774575100018,-1.961554308590593,45.45454545454545,1.043193888093077,22,30.363636363636363
