Strategy,Total Return %,Annualized Return %,Sharpe Ratio,Sortino Ratio,Calmar Ratio,Max Drawdown %,Win Rate %,Profit Factor,Num Trades,Avg Trade Duration
AAPL,0.3553375805051655,0.2413864520872,-1.3562803610556597,-0.9494728950940666,0.2958374662821232,-0.8159428050840714,50.0,1.125455551682041,16,11.625
MSFT,-0.6275442603974989,-0.4269729857923399,-1.2589729565814327,-1.0300139148345582,0.1741584428779083,-2.45163529678354,33.33333333333333,0.6920001526506668,12,32.166666666666664
GOOGL,0.7778450968302241,0.5280465391610978,-0.7497830944998405,-0.8100477841682068,0.3259379160327634,-1.6200831912664568,40.0,1.2460400444294812,20,13.8
NVDA,2.064327377445734,1.3985304540978571,-0.24929466346702772,-0.2628825742150989,0.5958485904216231,-2.3471238777425913,53.84615384615385,1.5366387608276335,26,13.538461538461538
AMZN,0.3297643200359016,0.22402328299180319,-0.8057850979561774,-0.8679115593404698,0.14416661138875633,-1.5539193217749094,38.46153846153847,1.0468630556546694,26,11.076923076923077
META,-1.376029847161535,-0.9373639852437887,-1.1241853060082077,-0.895767551493302,0.3929474264687381,-2.3854692055563396,38.46153846153847,0.7272741611308325,26,10.0
