Strategy,Total Return %,Annualized Return %,Sharpe Ratio,Sortino Ratio,Calmar Ratio,Max Drawdown %,Win Rate %,Profit Factor,Num Trades,Avg Trade Duration
CRPU.SI,0.7017997185122112,0.7115815351224519,-0.9137762180388996,-1.106348825276198,0.5536750445254045,-1.2851970522391896,55.55555555555556,1.2915100105534996,18,50.888888888888886
J69U.SI,0.7778740331200424,0.7887203342330951,-1.137390736883724,-1.5905522234808571,0.8551081515024234,-0.9223632505985528,57.14285714285714,1.4520615824941938,14,53.142857142857146
BUOU.SI,0.8825790732950737,0.8948918023226504,-0.668288185617284,-0.7509333671460778,0.35583457805985513,-2.5149096167155522,53.333333333333336,1.1991383974528322,30,26.666666666666668
M44U.SI,0.154479502040831,0.1566267300610713,-1.24413968272602,-1.067979087168798,0.07753721708020707,-2.0200200105073596,45.45454545454545,1.013205506488497,22,29.90909090909091
