Strategy,Total Return %,Annualized Return %,Sharpe Ratio,Sortino Ratio,Calmar Ratio,Max Drawdown %,Win Rate %,Profit Factor,Num Trades,Avg Trade Duration
CRPU.SI,0.9473121435834219,0.7256060886627669,-0.9327726106642522,-1.1618034323598196,0.5645778248360093,-1.2852188958599833,55.55555555555556,1.4104311447851765,18,63.888888888888886
J69U.SI,0.5977343762877899,0.4580280810501103,-1.437578550106076,-2.093925631828159,0.4965807162558498,-0.9223638092586013,57.14285714285714,1.3353732771436264,14,70.0
BUOU.SI,1.4356975699275791,1.0990704545697616,-0.5554662474556488,-0.6322105949866024,0.4394175165511771,-2.501198548469238,52.63157894736842,1.2679594958264486,38,25.57894736842105
M44U.SI,-0.012409807212679879,-0.009516061294856382,-1.3182409176921586,-1.2249558032200338,0.004851282710377187,-1.9615557086584443,40.0,0.9610308587372686,30,29.066666666666666
