Strategy,Total Return %,Annualized Return %,Sharpe Ratio,Sortino Ratio,Calmar Ratio,Max Drawdown %,Win Rate %,Profit Factor,Num Trades,Avg Trade Duration
CRPU.SI,0.6349700140415371,0.5013202594163157,-1.0964272351127966,-1.3560171366248275,0.3900660430865602,-1.2852189220302548,44.44444444444444,1.2565529509715523,18,62.333333333333336
J69U.SI,0.5859427619148482,0.46263606991787665,-1.434341849000299,-2.0512344744915145,0.514132830292962,-0.899837634671683,42.857142857142854,1.3591822696308706,14,67.42857142857143
BUOU.SI,0.7459336423499917,0.58885977357237,-0.8676459964705653,-0.9902415341816964,0.23542875781769806,-2.5012227861659437,50.0,1.12058843794,36,26.22222222222222
M44U.SI,-0.6858562525699927,-0.5422473503212899,-1.7016523184110461,-1.5404365084962588,0.26843679901182443,-2.0200186871450674,42.857142857142854,0.809678088691612,28,30.071428571428573
