Strategy,Total Return %,Annualized Return %,Sharpe Ratio,Sortino Ratio,Calmar Ratio,Max Drawdown %,Win Rate %,Profit Factor,Num Trades,Avg Trade Duration
CRPU.SI,0.891375671255828,0.571894291937669,-1.1215268854932867,-1.3575516009307331,0.4701730144166258,-1.2163486087079145,50.0,1.4861191354313448,16,80.25
J69U.SI,0.6427691482241606,0.4125740203150041,-1.4169933047881427,-2.0936810424940955,0.44730074637970924,-0.9223638092586013,57.14285714285714,1.3645452205479904,14,83.14285714285714
BUOU.SI,1.2923455985350847,0.8285618205476908,-0.7657492338588647,-0.8261360272483587,0.5031428098601356,-1.6467726544239312,53.333333333333336,1.2986314175131248,30,31.666666666666668
M44U.SI,0.2948725167525117,0.18938702746555958,-1.2333277786547205,-1.133286222472719,0.1062562156345472,-1.7823618725226271,43.75,1.027607305909573,32,30.75
