Strategy,Total Return %,Annualized Return %,Sharpe Ratio,Sortino Ratio,Calmar Ratio,Max Drawdown %,Win Rate %,Profit Factor,Num Trades,Avg Trade Duration
CRPU.SI,0.7911388677268769,0.6191392797500583,-1.008929178826162,-1.2494126740695293,0.4817387270905175,-1.2852179925192595,55.55555555555556,1.33478445212477,18,62.77777777777778
J69U.SI,0.591175876790312,0.4627495408480842,-1.4390903909800465,-2.052812363580894,0.5142589318537637,-0.899837634671697,57.14285714285714,1.3496925501544923,14,67.85714285714286
BUOU.SI,0.8581977759199071,0.671570548362177,-0.8175539426622389,-0.9322006603072943,0.2684970315077492,-2.5012215017460804,50.0,1.1449109730081628,36,26.444444444444443
M44U.SI,-0.500719226068686,-0.3924074913511988,-1.5896597954629714,-1.4453156453138147,0.20004901774378572,-1.9615567013369573,42.857142857142854,0.8518526594638898,28,30.714285714285715
