Strategy,Total Return %,Annualized Return %,Sharpe Ratio,Sortino Ratio,Calmar Ratio,Max Drawdown %,Win Rate %,Profit Factor,Num Trades,Avg Trade Duration
CRPU.SI,0.6272526749122881,0.534677070982581,-1.0730255297968527,-1.319507702060894,0.41602732578793533,-1.2851969999084287,44.44444444444444,1.2517145278447988,18,58.666666666666664
J69U.SI,0.5076648324150301,0.43277702047685995,-1.4989335659895673,-2.1295848630872123,0.46920425122135634,-0.9223638092586013,57.14285714285714,1.2770293903348993,14,63.142857142857146
BUOU.SI,0.9758730984834982,0.8316327188639949,-0.7275025605431442,-0.8281814806915551,0.3324901531942447,-2.501225106591789,50.0,1.19912351608271,32,27.8125
M44U.SI,-0.3537482538994664,-0.30175648225596596,-1.565327645687011,-1.3993653368767593,0.1493828630257465,-2.020020744976333,38.46153846153847,0.8737386091492998,26,29.923076923076923
