Strategy,Total Return %,Annualized Return %,Sharpe Ratio,Sortino Ratio,Calmar Ratio,Max Drawdown %,Win Rate %,Profit Factor,Num Trades,Avg Trade Duration
AAPL,0.7095769542806193,0.5164608726396125,-1.3389629007070578,-0.7766258060786307,0.7084154235200381,-0.7290367424150301,50.0,1.4372140105274602,12,10.166666666666666
MSFT,-1.8399228142358153,-1.3438366470581609,-1.8036694553674177,-1.4824786470265516,0.548138888692469,-2.4516352967835395,28.57142857142857,0.2877630662074811,14,29.714285714285715
GOOGL,3.0359449818015856,2.202817385364386,0.10678758664679636,0.13483395914105395,1.3358378222618732,-1.6490155830701978,66.66666666666666,2.914097263459989,18,15.88888888888889
NVDA,3.3678187555806467,2.442541948813859,0.17964738214530818,0.1924246907419492,0.9136829215311919,-2.673292770669867,61.53846153846154,2.049406655410679,26,13.76923076923077
AMZN,-0.11089714327128604,-0.08080549458857611,-0.9081798927904136,-0.894802643529546,0.03853017442932947,-2.0972003315683496,38.46153846153847,0.9435940416077523,26,11.846153846153847
META,-1.5028055390681039,-1.0971058952514046,-1.2409726895530269,-1.059553022044226,0.3725467845360192,-2.9448808600449277,35.714285714285715,0.7084718621751969,28,10.142857142857142
