Strategy,Total Return %,Annualized Return %,Sharpe Ratio,Sortino Ratio,Calmar Ratio,Max Drawdown %,Win Rate %,Profit Factor,Num Trades,Avg Trade Duration
CRPU.SI,0.5629703967210299,0.44644567539522395,-1.1366714565992297,-1.4055673743515993,0.3489976194520674,-1.279222695261222,44.44444444444444,1.2065300702367305,18,62.333333333333336
J69U.SI,0.455959819347463,0.36162417319673956,-1.5473138016351535,-2.194401385778416,0.40187713790018736,-0.8998376346717059,42.857142857142854,1.2446030461564799,14,67.0
BUOU.SI,0.4652760546249192,0.36900939078496897,-1.0128304805737585,-1.1412519882329988,0.14753160938015075,-2.5012225673897945,44.44444444444444,1.0593943352092685,36,26.11111111111111
M44U.SI,-0.12083095928435797,-0.0958887078954529,-1.3627445056117655,-1.3041104278187103,0.049089076689931184,-1.953361406675651,42.857142857142854,0.9360618000857182,28,34.714285714285715
