Strategy,Total Return %,Annualized Return %,Sharpe Ratio,Sortino Ratio,Calmar Ratio,Max Drawdown %,Win Rate %,Profit Factor,Num Trades,Avg Trade Duration
CRPU.SI,0.7017997185122112,0.6230086527651002,-1.000315917403929,-1.2252973834985497,0.4847572998083342,-1.2851970522391896,55.55555555555556,1.2915100105534996,18,56.666666666666664
J69U.SI,0.6813207754110407,0.6048357797809878,-1.3366321120982012,-1.8472252934868796,0.6721610171391135,-0.8998376346717059,57.14285714285714,1.4113567086641767,14,59.857142857142854
BUOU.SI,0.9758761545911148,0.8661824199553303,-0.6961431040124877,-0.803691397107582,0.3463035181782734,-2.5012232752120895,50.0,1.1991243445974484,32,27.8125
M44U.SI,0.945009048037573,0.8387993366520075,-0.7695102558800927,-0.7268720764605122,0.42941324809891684,-1.9533615703882221,50.0,1.2586444037745959,24,36.333333333333336
