Strategy,Total Return %,Annualized Return %,Sharpe Ratio,Sortino Ratio,Calmar Ratio,Max Drawdown %,Win Rate %,Profit Factor,Num Trades,Avg Trade Duration
CRPU.SI,1.110024644703899,0.8026621670555123,-0.8802000278825379,-1.1126131430230448,0.6275530139162254,-1.2790348373064508,55.55555555555556,1.4891779220642665,18,67.22222222222223
J69U.SI,0.6813202587531668,0.4929542210742266,-1.3804906649289428,-1.940331180387994,0.5478257433121025,-0.899837634671697,57.14285714285714,1.4113562126894201,14,73.28571428571429
BUOU.SI,1.7503801245231627,1.2645992336295153,-0.45208395366316684,-0.5242090040373666,0.5071663564653384,-2.493460414927864,52.63157894736842,1.3384672099723272,38,27.05263157894737
M44U.SI,-0.43460175249514577,-0.31493032314187097,-1.5378511461478734,-1.4492678164081159,0.1605511409861529,-1.9615576769338121,40.0,0.8791084533429697,30,30.266666666666666
