Strategy,Total Return %,Annualized Return %,Sharpe Ratio,Sortino Ratio,Calmar Ratio,Max Drawdown %,Win Rate %,Profit Factor,Num Trades,Avg Trade Duration
CRPU.SI,1.4807616420630256,0.9643978651064922,-0.7818706574672273,-0.9857991096168962,0.7560854943923004,-1.2755143065952106,62.5,1.853489489677216,16,80.25
J69U.SI,0.5076648324150301,0.3311892704753516,-1.4949332731756653,-2.1917732534349734,0.35906576900665965,-0.9223638092586013,57.14285714285714,1.2770293903348993,14,81.85714285714286
BUOU.SI,0.8590612109553148,0.5600925271663115,-0.9476782968290975,-1.0068129523808835,0.3386600736946016,-1.6538487134193276,50.0,1.164156786281696,32,28.5625
M44U.SI,1.2921700104662888,0.8418436761545189,-0.7742180488843234,-0.7180045882769104,0.4723191676912423,-1.7823618725226853,56.25,1.2793602029986584,32,30.875
