Strategy,Total Return %,Annualized Return %,Sharpe Ratio,Sortino Ratio,Calmar Ratio,Max Drawdown %,Win Rate %,Profit Factor,Num Trades,Avg Trade Duration
CRPU.SI,0.9483142792500803,0.6435963010869461,-1.0078913917743981,-1.2834409006602872,0.5012285646725246,-1.284037555815353,55.55555555555556,1.4112267538089918,18,70.11111111111111
J69U.SI,0.6362485841983107,0.4320200426639831,-1.4322980473111635,-2.034154310620609,0.48010888411174313,-0.8998376346717059,57.14285714285714,1.3805248665618794,14,78.0
BUOU.SI,0.3890767894972123,0.264291788966009,-1.0922597911041898,-1.2393512023123823,0.10012749729326778,-2.6395525316278836,47.05882352941176,1.0467001426607976,34,30.058823529411764
M44U.SI,0.2784534858961888,0.18918110692556223,-1.228607023899719,-1.131750453293159,0.10614068323724174,-1.782361872522637,50.0,1.0239544317745801,32,30.0
