Strategy,Total Return %,Annualized Return %,Sharpe Ratio,Sortino Ratio,Calmar Ratio,Max Drawdown %,Win Rate %,Profit Factor,Num Trades,Avg Trade Duration
CRPU.SI,1.0253940424062784,0.7242437278736968,-0.943128170851834,-1.1897890012283179,0.5636005575334102,-1.2850301835103555,55.55555555555556,1.4482522787482934,18,68.33333333333333
J69U.SI,0.591175876790312,0.41781593175349574,-1.4468286063742293,-2.0558811099814633,0.46432369091334413,-0.899837634671697,57.14285714285714,1.3496925501544923,14,75.0
BUOU.SI,1.750379064866229,1.2350083515601629,-0.4736682527654062,-0.546889732538409,0.4952987450519207,-2.493461499545493,52.63157894736842,1.338467008097423,38,27.526315789473685
M44U.SI,-0.5653720078028527,-0.4002556394684942,-1.6237758999697312,-1.484576580419609,0.20405028335353828,-1.9615539507730544,40.0,0.8519992618209857,30,29.533333333333335
