Strategy,Total Return %,Annualized Return %,Sharpe Ratio,Sortino Ratio,Calmar Ratio,Max Drawdown %,Win Rate %,Profit Factor,Num Trades,Avg Trade Duration
J69U.SI,0.591175876790312,0.5800194008461546,-1.3416796846287629,-1.8350855289794306,0.644582287400963,-0.899837634671697,57.14285714285714,1.3496925501544923,14,54.42857142857143
M44U.SI,0.21920600793353517,0.21507673111531567,-1.219179856375512,-1.0353753482339902,0.1064725715062855,-2.020020067822057,50.0,1.026434719818668,24,27.5
