Strategy,Total Return %,Annualized Return %,Sharpe Ratio,Sortino Ratio,Calmar Ratio,Max Drawdown %,Win Rate %,Profit Factor,Num Trades,Avg Trade Duration
CRPU.SI,0.4787976870078456,0.38818284156210137,-1.1771834164088197,-1.4472349663608968,0.30203635731482253,-1.2852189220302557,44.44444444444444,1.1690048295393216,18,60.888888888888886
J69U.SI,0.19242199464113582,0.15604727556599585,-1.7326032263102595,-2.476948476008916,0.1691820174586655,-0.9223632505985528,42.857142857142854,1.0624900101948074,14,66.14285714285714
BUOU.SI,0.4652760546249192,0.377225046889218,-1.0050828899481687,-1.1251035936800777,0.150816265536449,-2.5012225673897945,44.44444444444444,1.0593943352092685,36,25.5
M44U.SI,-0.21041101959994196,-0.17070065935946843,-1.406129080193152,-1.3449942346848616,0.08738815195646944,-1.9533615889314075,42.857142857142854,0.9166034835535112,28,33.857142857142854
