Strategy,Total Return %,Annualized Return %,Sharpe Ratio,Sortino Ratio,Calmar Ratio,Max Drawdown %,Win Rate %,Profit Factor,Num Trades,Avg Trade Duration
J69U.SI,0.5526996043514192,0.5294277914209777,-1.3842287598796963,-1.9320555307146665,0.5739902044146044,-0.9223638092586013,57.14285714285714,1.3062013337392624,14,56.142857142857146
M44U.SI,0.39524337317516256,0.37861384527697606,-1.0969106809858888,-0.9471542563223309,0.19301715578671075,-1.9615554054446576,50.0,1.0785980632028023,24,28.5
