Strategy,Total Return %,Annualized Return %,Sharpe Ratio,Sortino Ratio,Calmar Ratio,Max Drawdown %,Win Rate %,Profit Factor,Num Trades,Avg Trade Duration
CRPU.SI,1.1815673328711271,0.8046105449673213,-0.8880043057821618,-1.1266130624941513,0.6266249579596269,-1.2840384583263948,55.55555555555556,1.523899125994109,18,70.22222222222223
J69U.SI,0.6310530334690703,0.43010104679441774,-1.4351966000967362,-2.0352517708844102,0.4779762817448122,-0.899837634671683,57.14285714285714,1.3997808808268597,14,77.57142857142857
BUOU.SI,1.7503806001662816,1.1908891707088642,-0.5075668892608107,-0.5784305762155708,0.47760517124666335,-2.493459540231442,52.63157894736842,1.3384674807589723,38,27.526315789473685
M44U.SI,-0.6406290654143413,-0.4375107999681438,-1.6686975504649622,-1.5150168693705792,0.20926723448955684,-2.0906798956621997,43.75,0.8370477575911199,32,27.875
