Strategy,Total Return %,Annualized Return %,Sharpe Ratio,Sortino Ratio,Calmar Ratio,Max Drawdown %,Win Rate %,Profit Factor,Num Trades,Avg Trade Duration
CRPU.SI,0.9473100880456695,0.6730947473042148,-0.9807223741449752,-1.2374915961721238,0.5237968383478085,-1.2850301835103295,55.55555555555556,1.4104301503604282,18,67.88888888888889
J69U.SI,0.6813207754110407,0.4842853610568465,-1.3870918390673461,-1.9629175163275738,0.5381919386307195,-0.8998376346717059,57.14285714285714,1.4113567086641767,14,74.42857142857143
BUOU.SI,1.8606290046818506,1.3203143297202624,-0.419571895681586,-0.4856643734198758,0.553257580932465,-2.3864369422557092,52.63157894736842,1.3707137097002369,38,27.57894736842105
M44U.SI,-0.5653669830452055,-0.40258801674981637,-1.6236984622676136,-1.4860200358931068,0.20523944424975468,-1.961552849752942,40.0,0.8520002119438829,30,29.533333333333335
