Strategy,Total Return %,Annualized Return %,Sharpe Ratio,Sortino Ratio,Calmar Ratio,Max Drawdown %,Win Rate %,Profit Factor,Num Trades,Avg Trade Duration
CRPU.SI,1.0253971038469718,0.7628214723938376,-0.9072300675898685,-1.1332075119477736,0.5935342549937179,-1.2852189506769267,55.55555555555556,1.4482539563637689,18,65.44444444444444
J69U.SI,0.6427691482241606,0.4784059323477141,-1.390514480463194,-1.94633812654792,0.5186737896104773,-0.9223638092586013,57.14285714285714,1.3645452205479904,14,72.0
BUOU.SI,1.54159449208375,1.1460870438269044,-0.5259879994519001,-0.6039178173119325,0.45869415253370627,-2.498586558159113,52.63157894736842,1.2909027167285816,38,26.31578947368421
M44U.SI,0.37943400205640504,0.28250304081445243,-1.1075247911944073,-1.0941109382301806,0.14462433638227382,-1.95335755987661,46.666666666666664,1.0499237747329258,30,34.13333333333333
