Strategy,Total Return %,Annualized Return %,Sharpe Ratio,Sortino Ratio,Calmar Ratio,Max Drawdown %,Win Rate %,Profit Factor,Num Trades,Avg Trade Duration
CRPU.SI,1.0253949827050384,0.7691223322206842,-0.9018845056457072,-1.1191315115559604,0.598437258657627,-1.2852179925192595,55.55555555555556,1.4482529340262267,18,64.66666666666667
J69U.SI,0.9129783496920936,0.6848967017012875,-1.2164651006070741,-1.7875407620979404,0.7425455223382271,-0.9223632505985528,57.14285714285714,1.53957744475488,14,71.0
BUOU.SI,1.1709663774928414,0.8781537589235944,-0.6927446000138767,-0.7913020309604897,0.351093539115071,-2.5011960092942047,52.63157894736842,1.2106045088846262,38,25.94736842105263
M44U.SI,0.37942961225609906,0.28482818318447123,-1.1060726259437563,-1.089083063421935,0.14581438038606953,-1.953361406675651,46.666666666666664,1.049922753839878,30,33.666666666666664
