Strategy,Total Return %,Annualized Return %,Sharpe Ratio,Sortino Ratio,Calmar Ratio,Max Drawdown %,Win Rate %,Profit Factor,Num Trades,Avg Trade Duration
CRPU.SI,0.48482102417703576,0.39748921904430023,-1.1647146433953204,-1.4387781269806004,0.3107271474441265,-1.2792226952612014,44.44444444444444,1.1658910141470287,18,60.666666666666664
J69U.SI,0.4108876281347511,0.3368959159602447,-1.569812909068367,-2.1827384135278582,0.37439633882745615,-0.8998376346717059,42.857142857142854,1.209148317136461,14,64.85714285714286
BUOU.SI,0.518643629659291,0.42520640679435395,-0.974270728154825,-1.1022591659504766,0.16999942841475613,-2.5012225673897945,44.44444444444444,1.0717151770201176,36,25.444444444444443
M44U.SI,-0.10706439076615425,-0.0878253146909369,-1.3415077025093693,-1.2674054547405478,0.04496107509491619,-1.953363314945897,46.15384615384615,0.94356457314216,26,36.23076923076923
