Strategy,Total Return %,Annualized Return %,Sharpe Ratio,Sortino Ratio,Calmar Ratio,Max Drawdown %,Win Rate %,Profit Factor,Num Trades,Avg Trade Duration
CRPU.SI,0.9473089817561231,0.7333346437363497,-0.9247341967363955,-1.1504315229574877,0.5705912285962174,-1.2852189220302557,55.55555555555556,1.4104296189425303,18,63.22222222222222
J69U.SI,0.7714651578364646,0.5973271863811247,-1.315182438793768,-1.8730997395375892,0.663816630206906,-0.8998376346717059,57.14285714285714,1.4730203928687715,14,68.42857142857143
BUOU.SI,1.3298080228485922,1.0289968733051547,-0.596393271556069,-0.6813833845293003,0.4113977400989161,-2.5012215017460804,52.63157894736842,1.2450182752821501,38,25.263157894736842
M44U.SI,0.6261047880225306,0.4848570104313277,-0.9743757437324285,-0.9428722762621798,0.24821637520512438,-1.9533643178482687,50.0,1.1178810520863964,28,35.285714285714285
