Strategy,Total Return %,Annualized Return %,Sharpe Ratio,Sortino Ratio,Calmar Ratio,Max Drawdown %,Win Rate %,Profit Factor,Num Trades,Avg Trade Duration
CRPU.SI,1.6071384948021294,1.0464782392328287,-0.7218456915505311,-0.8954326940168346,0.8666492845564779,-1.2074991093639236,55.55555555555556,1.946497087635923,18,70.66666666666667
J69U.SI,0.6362480677717395,0.414981899354383,-1.4255799642488425,-2.0669450914076486,0.4611741978382443,-0.899837634671697,57.14285714285714,1.380524381421956,14,81.14285714285714
BUOU.SI,0.859062702514966,0.5600934981958128,-0.9476774469347817,-1.006811991606187,0.3386609608135464,-1.6538472484408338,50.0,1.1641571607876378,32,28.5625
M44U.SI,0.7811274321275414,0.5093495690279726,-1.0134694409894127,-0.9199829918837759,0.2857722535924052,-1.7823618725226347,53.333333333333336,1.1550834159839174,30,32.4
