Strategy,Total Return %,Annualized Return %,Sharpe Ratio,Sortino Ratio,Calmar Ratio,Max Drawdown %,Win Rate %,Profit Factor,Num Trades,Avg Trade Duration
AAPL,0.6995059965851942,0.5021044570917121,-1.3545300391845474,-0.7936037619292146,0.6887231162429825,-0.7290367424150301,42.857142857142854,1.408550457848102,14,8.714285714285714
MSFT,-1.409272079684324,-1.0145881770866394,-1.6655579388559192,-1.2769957527952331,0.4138413973798438,-2.4516352967835187,33.33333333333333,0.3370164933512523,12,32.166666666666664
GOOGL,2.5401294672621044,1.8186377739268123,-0.09749568684755469,-0.12794609815988872,1.1361863418145302,-1.6006509733450789,55.55555555555556,2.5608639515670903,18,15.444444444444445
NVDA,3.3678187555806467,2.408482800089007,0.1661501387108059,0.17761519939795378,0.9009423982714377,-2.673292770669867,61.53846153846154,2.049406655410679,26,13.76923076923077
AMZN,0.5190767584863898,0.3726868169615205,-0.7612763410532529,-0.8849733302984841,0.24004212024918473,-1.5525892563131793,41.66666666666667,1.1047837692096898,24,12.833333333333334
META,-1.4659510667318683,-1.0554785905038,-1.2264595904481135,-1.0495592080835214,0.358411304451786,-2.9448808600449277,40.0,0.7115079950000688,30,9.533333333333333
