Strategy,Total Return %,Annualized Return %,Sharpe Ratio,Sortino Ratio,Calmar Ratio,Max Drawdown %,Win Rate %,Profit Factor,Num Trades,Avg Trade Duration
CRPU.SI,0.947311037293839,0.6892729035836709,-0.9624456317154855,-1.2180669041102863,0.5363865584355927,-1.2850301573439527,55.55555555555556,1.4104306133672784,18,66.66666666666667
J69U.SI,0.32752574466952866,0.23851063144173512,-1.6134563811332971,-2.2855080924443807,0.258586285636522,-0.9223638092586013,42.857142857142854,1.148755186264088,14,73.57142857142857
BUOU.SI,1.2151501553151685,0.8838363912988978,-0.6891883865585897,-0.8000356357332118,0.35373455665383646,-2.498586509781733,52.63157894736842,1.2201771892087987,38,27.105263157894736
M44U.SI,-0.5702122441442953,-0.4157463832026531,-1.6198060865088841,-1.4938694300969775,0.2119473676200673,-1.9615548325559389,40.0,0.850991848539372,30,29.466666666666665
