Strategy,Total Return %,Annualized Return %,Sharpe Ratio,Sortino Ratio,Calmar Ratio,Max Drawdown %,Win Rate %,Profit Factor,Num Trades,Avg Trade Duration
AAPL,0.7095769542806193,0.5144020776535196,-1.343495589291391,-0.7777035756407116,0.7055914300690731,-0.7290367424150301,50.0,1.4372140105274602,12,10.166666666666666
MSFT,-1.9244473371865387,-1.4001847524573452,-1.8538679428207527,-1.5004614845465825,0.571122774376095,-2.4516352967834854,28.57142857142857,0.266574115327694,14,29.428571428571427
GOOGL,2.596238649045281,1.8773138547020896,-0.06419432625596835,-0.08120636710373323,1.138445187526268,-1.6490155830701978,55.55555555555556,2.5949811725385326,18,16.11111111111111
NVDA,3.3678187555806467,2.4327128694562328,0.17600570517641922,0.1881508415379615,0.9100061527666682,-2.673292770669867,61.53846153846154,2.049406655410679,26,13.76923076923077
AMZN,0.5190767584863898,0.37639842070478213,-0.7595400089528554,-0.8829548679891642,0.2424327098582326,-1.5525892563131793,41.66666666666667,1.1047837692096898,24,12.833333333333334
META,-1.5028055390681039,-1.0927675672686932,-1.2417068747234103,-1.0580688336825208,0.3710736084759713,-2.9448808600449277,35.714285714285715,0.7084718621751969,28,10.142857142857142
