Strategy,Total Return %,Annualized Return %,Sharpe Ratio,Sortino Ratio,Calmar Ratio,Max Drawdown %,Win Rate %,Profit Factor,Num Trades,Avg Trade Duration
BUOU.SI,1.7503781025285572,1.216038418260279,-0.4892389144983338,-0.5588240496737027,0.48769060173720064,-2.4934628921054327,52.63157894736842,1.33846664984232,38,27.31578947368421
M44U.SI,-0.5653693601040505,-0.39415507787184945,-1.6311528273067457,-1.4808040308032915,0.20094042422042072,-1.9615519346146237,40.0,0.8519996594672061,30,29.533333333333335
