Strategy,Total Return %,Annualized Return %,Sharpe Ratio,Sortino Ratio,Calmar Ratio,Max Drawdown %,Win Rate %,Profit Factor,Num Trades,Avg Trade Duration
CRPU.SI,0.5568838496688477,0.458607608843864,-1.1245833491225983,-1.3824663998561375,0.35683228824503493,-1.2852189220302295,44.44444444444444,1.2111989269099794,18,60.111111111111114
J69U.SI,0.5076648324150301,0.4180925810457703,-1.4955379952249166,-2.1309399525747237,0.4532838093266412,-0.9223638092586013,57.14285714285714,1.2770293903348993,14,65.14285714285714
BUOU.SI,0.8589253444017231,0.7071591011204026,-0.8090970227438621,-0.9263869686887805,0.2827253801161621,-2.5012225673897945,47.05882352941176,1.1603401854010773,34,26.764705882352942
M44U.SI,-0.7366885391459255,-0.6073729400715489,-1.7514376804373457,-1.5724309369987293,0.3006767081660767,-2.0200199203194367,38.46153846153847,0.7958485014487146,26,30.76923076923077
