Strategy,Total Return %,Annualized Return %,Sharpe Ratio,Sortino Ratio,Calmar Ratio,Max Drawdown %,Win Rate %,Profit Factor,Num Trades,Avg Trade Duration
CRPU.SI,1.0253972066793358,0.7327976438182837,-0.9355094978543247,-1.177619130555581,0.5702571567136826,-1.2850301573439264,55.55555555555556,1.4482538051881535,18,67.55555555555556
J69U.SI,0.6362480677717395,0.454943272865882,-1.4190206275380355,-1.994178896072881,0.5055837357056828,-0.899837634671697,57.14285714285714,1.380524381421956,14,74.0
BUOU.SI,1.7503761953086905,1.2496262267973401,-0.46355855208895136,-0.5348820351276662,0.5011608173435907,-2.493463542144016,52.63157894736842,1.3384661947090948,38,27.31578947368421
M44U.SI,-0.5653762101816937,-0.4049579945182846,-1.6219796143303624,-1.4874855211475748,0.2064472613235468,-1.961556631568143,40.0,0.8519984125976011,30,29.533333333333335
