Strategy,Total Return %,Annualized Return %,Sharpe Ratio,Sortino Ratio,Calmar Ratio,Max Drawdown %,Win Rate %,Profit Factor,Num Trades,Avg Trade Duration
CRPU.SI,1.1815652725633663,0.8122305409431485,-0.8820451586176575,-1.1155481106384773,0.632559343637397,-1.2840384844726043,55.55555555555556,1.5238981297777177,18,69.88888888888889
J69U.SI,0.5977349443573076,0.4112656356409117,-1.451133429474815,-2.080532322904169,0.4458825038552083,-0.9223632505985528,57.14285714285714,1.3353737661466116,14,77.71428571428571
BUOU.SI,1.7503801245231627,1.2021909125681685,-0.4998736933638576,-0.568694956899063,0.4821375568550777,-2.493460414927864,52.63157894736842,1.3384672099723272,38,27.31578947368421
M44U.SI,-0.5753151348562824,-0.3965633069686114,-1.6393216726482764,-1.482666478284233,0.20216783098279456,-1.9615549370085532,37.5,0.8467700174198445,32,27.9375
